flag,vtuber_name,platform,platform_uid,follower,uuid,group_name,group_uuid,extra_accounts
0,Hanser,bilibili,11073,5072684,8226457c-0cd7-5dde-a04a-7eb32a528975,,,
0,泠鸢yousa,bilibili,282994,3417737,0d7c46b3-0d9e-5b19-8566-59fb2e23ff9b,VirtuaReal,6a8d2bed-dc2e-5ce1-a3bd-e31317aa4e23,
0,多多poi,bilibili,11253297,3018575,50dddfbf-df87-5e4e-b5cd-b5c1b073ea74,,,
0,永雏塔菲,bilibili,1265680561,2581151,fab615d8-4bde-56b8-834f-210b719a6df9,,,
0,花园花玲,bilibili,7966,2532176,0d4f96db-8cda-56f3-987e-766fe66380e3,,,
0,祖娅纳惜,bilibili,3046429,2310154,776ddf56-af7b-56af-8765-71914d3e3814,VirtuaReal,6a8d2bed-dc2e-5ce1-a3bd-e31317aa4e23,
0,兰音Reine,bilibili,698029620,2282723,c595747b-d098-512c-81bd-9ddae03f8adb,虚研社,d7af6703-ed00-53bf-aa46-0d5cf679925b,
0,shourei小N,bilibili,249118,2173955,80968383-437f-59d9-85dd-16b4216b0251,,,
0,欠打精灵,bilibili,401480763,2144508,62993e2c-c96d-5005-8aa3-b8c7fe9819a2,chucolala,ad652370-a736-537f-aa70-6ee528138364,youtube:UCcmSo1FpQygmtT7GzHFRh8A|twitter:mashiro_kqnon|userlocal:3D3815DFDDE92C33_3d2ef5
0,菜菜子Nanako,bilibili,595407557,2141956,1d071c99-d15c-55f1-8676-c2a507f84352,VirtuaReal,6a8d2bed-dc2e-5ce1-a3bd-e31317aa4e23,
0,神乐七奈,bilibili,386900246,2128296,260da5f4-b731-58e5-9e03-b745d468bc72,,,youtube:UCbfv8uuUXt3RSJGEwxny5Rw|twitter:nana_kaguraaa|userlocal:24B695EE9D09D452_7fee91
0,Mahoro Kano,bilibili,316381099,2099960,20322291-ecdc-5e48-a5d8-22f112f36358,花寄女子寮,e2d2dfda-6dcc-54b4-b213-2b7db8b04a93,youtube:UCfuz6xYbYFGsWWBi3SpJI1w|twitter:kano_hanayori|weibobyname:kano_dayo
0,诺子喵呜,bilibili,10276136,2041681,a248d06a-0e0a-553a-af52-12c15da68a7a,,,
0,绊爱,bilibili,1473830,1999663,7816d99f-7c7b-5fc2-8f13-1d768fdf601e,Kizuna AI株式会社,20df03a2-9fa6-5560-b42a-7f35e70b9278,youtube:UC4YaOt1yT-ZeyB0OmxHgolA|twitter:aichan_nel|userlocal:D780B63C2DEBA9A2_fa95ae
0,宴宁ccccc,bilibili,14897804,1897499,04335931-d19d-543f-8850-2fe0b16baff2,,,
0,嘉然,bilibili,672328094,1866276,e6d07c51-cb93-5b21-ac70-568365389cf1,A-SOUL,a0ee759e-2876-5954-a8fd-fb8bf8db84d2,weibo:7595006312
0,Asaki大人,bilibili,194484313,1860572,debb7406-bab4-5484-8fd9-f064d7975021,,,
0,AIChannel中国绊爱,bilibili,484322035,1762203,9c055632-d5d5-5767-9374-683b432ceaf9,哎咿多工作室,7d17a9d4-bbba-5a8b-b76a-5262cda7d3ae,
0,阿萨Aza,bilibili,480680646,1717502,fc4db2c9-be92-5b8c-8ee6-0d95352a1fd5,VirtuaReal,6a8d2bed-dc2e-5ce1-a3bd-e31317aa4e23,weibo:7333181765
0,墨茶Official,bilibili,212535360,1702518,82d383d4-3c37-5ce1-9891-0287715f0330,,,
0,C酱です,bilibili,67141,1693899,7910cd12-2398-5b87-9acb-15b71cb707a0,,,
0,鹿鸣,bilibili,488836173,1691816,bdfcf620-3be4-5673-ac14-7cb01d537b01,,,
0,禁漫娘西丝特,bilibili,1398337493,1677176,11827ee5-ba72-5a23-82b6-41c0d9bca1a9,,,
0,折原露露,bilibili,631070414,1576965,8749a70b-02e6-5cc7-891e-dece249c395f,,,
0,夜车Azuya,bilibili,33064694,1571140,61b7cdef-9628-543c-b67b-14d8ce007f57,,,
0,陆鳐LuLu,bilibili,1856528671,1549616,cc2eceed-aa2b-5773-8cc1-00b9e9039bd8,,,
0,洛少爷,bilibili,1447574,1542244,9636ad6a-28d8-5fd9-9dc8-1cd839b3fd31,,,
0,米游姬,bilibili,510189715,1533224,15c944d9-d4e3-5103-9481-0f50dbb165a1,,,
0,彩虹酱哇,bilibili,15076745,1502845,341d59a2-2e5c-55f8-aace-2ef203a4b7e6,,,
0,真红莉爱official,bilibili,1485277312,1438848,46709e23-8441-53fb-aed4-eeea8964cf76,,,
0,铃乃Chan,bilibili,471322521,1421587,127ca165-680e-54a9-a56b-97a372e6094d,,,
0,一块电鹿板,bilibili,471723540,1360202,4e04098b-a0de-5e57-9acc-615bc6dcb74f,,,
0,小狼XF,bilibili,298484,1359060,6517f767-313d-5825-9702-1bd10b11a564,,,weibo:6418641976
0,局长きょくちょ,bilibili,1517060220,1342595,c35c2e67-3d8c-5025-ac67-d1df2931e35e,,,
0,慕容云磊,bilibili,20601676,1340774,454f0a33-21f3-5d2b-8c2a-e971c4e5a9f0,,,
0,绯吧official,bilibili,657516,1276081,4bb039ef-1777-591a-9012-fc7def4fa4b6,,,
0,月隐空夜,bilibili,49631892,1267213,c8c423ea-b59b-5178-ab6f-75b9725fa440,Providence,412f3e13-0742-53c3-80e4-a0ea111657d9,
0,Vox_EN_Official,bilibili,1775966996,1219238,0386489e-8590-55b7-9cf6-cef942131172,NIJISANJI EN,745fdb2e-e624-5852-804f-7493f9b4f56b,youtube:UCckdfYDGrjojJM28n5SHYrA|twitter:Vox_Akuma
0,亮_Sama,bilibili,412630000,1214847,b097ffc5-4db3-51c9-a0d2-4e40914cc36c,,,
0,生命幻象,bilibili,742365,1200575,45d6fb84-08f9-5bd4-94f1-1f65fa93f4e3,,,
0,符瑶koritsu,bilibili,2109776,1194916,36f52234-2b19-5741-b257-2eef8ff12065,,,
0,穆小泠,bilibili,43272050,1173259,8c217fe1-0249-51d2-bf63-fc601715e512,,,
0,雫るる,bilibili,387636363,1168512,199b8c5c-273f-5871-8cdb-ba81e8489345,,,
0,尼奈nine_Official,bilibili,163653,1158206,48db9034-daf9-584c-9c7c-c950822e91c0,,,
0,小只芋,bilibili,375191059,1156945,7a646ae4-011c-5f5a-955b-f4ba9311405c,,,
0,阿梓从小就很可爱,bilibili,7706705,1141008,985e5f8b-6734-5fce-9cf2-826f21edd2e2,VirtuaReal,6a8d2bed-dc2e-5ce1-a3bd-e31317aa4e23,
0,奶油-cream-,bilibili,3493124999482225,1132690,3b92a8b3-ceeb-5fb7-aaaf-aa95f7d6294c,,,
0,星瞳official,bilibili,401315430,1127176,d38be169-00fc-543c-874f-134171cd38a8,,,
0,Vedal和Neuro-sama,bilibili,3546729368520811,1126847,385982f3-0d3c-5e70-b6db-433680bfa575,,,
0,夏露露Ruru,bilibili,1486340861,1118059,df266495-9297-5730-a8a2-ac0b6310c0f2,,,
0,七海Nana7mi,bilibili,434334701,1111415,3afc11db-d65c-57d9-bed2-ff70d56ab5ca,VirtuaReal,6a8d2bed-dc2e-5ce1-a3bd-e31317aa4e23,
0,乃琳,bilibili,672342685,1110873,27e5324f-6364-5721-a144-1e14dbbe3d90,A-SOUL,a0ee759e-2876-5954-a8fd-fb8bf8db84d2,weibo:7524943648
0,早稻叽,bilibili,1950658,1110141,b2ebe424-e7dd-573c-99d8-c0b3c0149dcd,chaoslive,7d14580b-8154-5fdb-9777-b1032d302bfe,
0,時雨羽衣,bilibili,2601367,1104239,f7ae5175-dcdd-525e-9aba-37f1e801d25b,,,marshmallow:ui_shig|youtube:UCt30jJgChL8qeT9VPadidSw|twitter:ui_shig|pixiv:431873
0,悠一wakareno,bilibili,627676911,1104153,7f3c4dc8-ec8d-544f-a91e-eb8b2e20e91b,,,
0,Hiiro,bilibili,508963009,1089733,faa07311-48ff-5974-a1f7-9e394d226f74,,,twitter:hiiro_3341|teespring:hiiros-nap-corner|twitch:hiirosss|youtube:UCTbFf0IcWd9XE5HxBuYTt1w|patreon:hiirosss
0,安晴Ankii,bilibili,44903085,1089538,a1bb1d9a-d63d-50eb-a8e5-ff15f0bece82,,,
0,进击的冰糖,bilibili,198297,1085848,57a28f2a-94e5-5931-850c-ef9569bc38e8,超电VUP,0720e97e-ca7a-55b7-9944-94d2e090dcd2,
0,全棉时代,bilibili,2038413965,1071594,2e2911c8-277a-5d2e-a28e-5663cc41e1b9,,,
0,果宝Official,bilibili,3546569288714792,1068844,4df040e4-8f61-5b06-b090-0bac22d77242,,,
0,咩栗,bilibili,745493,1023138,0c0cee1b-900e-5b6d-a94a-a88a60e5422a,MeUmyShelf,8ab1de5c-4685-579a-8a96-b85c83636906,
0,shoto,bilibili,1601895109,1018701,69f36117-282e-5bca-b924-3fae05d1eaa4,,,
0,自由魂儿儿儿,bilibili,1282271864,971541,1f1f842a-84f0-5f15-b9d9-dd92fece1aa7,,,
0,呜米,bilibili,617459493,968055,ebe1ebae-c805-57fa-998b-d9b908d3d260,MeUmyShelf,8ab1de5c-4685-579a-8a96-b85c83636906,
0,夏川玥玥,bilibili,1802011210,964661,b44e0490-8f78-5f15-880b-8ce67a2182d2,,,
0,i御十二,bilibili,607286,945100,fc922f2f-242a-568d-b52d-979615c39c49,,,
0,扶桑大红花丶,bilibili,3985676,920307,b87299b1-faba-52a3-8389-701694f73035,,,
0,新月冰冰,bilibili,3295,914988,02a19a40-7cf1-5d3e-a95c-ec0f720ab4ee,超电VUP,0720e97e-ca7a-55b7-9944-94d2e090dcd2,
0,-烛灵儿-,bilibili,399815233,913962,41c2f38c-aadc-5e6f-806a-2089e60b469f,,,
0,装甲车Machinegun,bilibili,650899373,886591,ba6e37b2-95db-5f6b-8875-e0051b8ed237,,,
0,艾尔莎,bilibili,1521415,884465,69a05a1d-1ebe-5d53-9cd1-8e8d56efcab9,虚研社,d7af6703-ed00-53bf-aa46-0d5cf679925b,
0,東雪蓮Official,bilibili,1437582453,878073,bbbd21b5-e286-5633-b8fe-3ab08e89df32,,,
0,奈姬,bilibili,3035105,871104,5654028a-8742-53d6-8f39-9030dd606f5d,,,peing:niki_123
0,黎之恒,bilibili,12330804,861161,cab1ea5e-1520-50a2-a901-4b5511551ccc,,,
0,番茄,bilibili,7086255,852997,98981d47-41dc-5494-b369-b7c886d5aff8,,,
0,阳阳不想熬夜,bilibili,618107325,852330,69841fc3-959e-5203-87de-2c46f5b8503d,,,
0,神乐魅娅,bilibili,349991143,829545,22ebf989-b3af-5efe-8d37-61772915073e,神楽组,9709a2c5-843f-5615-aa16-a2e1d3cca78f,youtube:UCWCc8tO-uUl_7SJXIKJACMw|twitter:KaguraMea_VoV|userlocal:969A98E929C33450_90df19
0,蕾尔娜Leona,bilibili,473244363,824186,d11a0fd3-c773-503f-aae5-18e9ad3ac3d0,光年神话,0cd8f345-3228-52ae-bf9e-d2aae75d7846,
0,Pheebo菲宝,bilibili,3493258732767466,821837,4b620f00-fe23-58d8-b58c-772edc49dcd9,,,
0,Luca_EN_Official,bilibili,1673137696,819521,71bb28aa-3e8f-51bf-acbe-bb5a070e868e,NIJISANJI EN,745fdb2e-e624-5852-804f-7493f9b4f56b,youtube:UC7Gb7Uawe20QyFibhLl1lzA|twitter:luca_kaneshiro
0,不稳定发电机,bilibili,12622108,814585,a60bdedf-ccd6-50e8-a23f-f5614832dbe3,,,
0,劉俊朗,bilibili,28677456,812870,8a8ab0d6-ece9-5051-9fcb-5f987b937006,虚研社,d7af6703-ed00-53bf-aa46-0d5cf679925b,
0,Mysta_Official,bilibili,1544125954,812254,33c660f8-a01d-5afb-b3b1-7d89cb8903eb,NIJISANJI EN,745fdb2e-e624-5852-804f-7493f9b4f56b,youtube:UCIM92Ok_spNKLVB5TsgwseQ|twitter:Mysta_Rias
0,Shu_Official,bilibili,1420890712,810839,62e774e2-c554-5df2-b3a6-3db342312c44,NIJISANJI EN,745fdb2e-e624-5852-804f-7493f9b4f56b,youtube:UCG0rzBZV_QMP4MtWg6IjhEA|twitter:shu_yamino
0,荟小荟,bilibili,23172676,799299,7b8fe3a0-6527-5d25-8660-1b87bc4891fa,妖精管理局（北立交桥）,c8d7d021-ce8c-56f6-90a2-ab8758b3ac8a,
0,Ike_Official,bilibili,1921596130,787629,d94e7e90-a5c2-50eb-9870-744f6aae7bbe,NIJISANJI EN,745fdb2e-e624-5852-804f-7493f9b4f56b,youtube:UC4yNIKGvy-YUrwYupVdLDXA|twitter:ike_eveland
0,鸽一品,bilibili,11399495,784007,8859991d-ee76-52f4-a3cb-c3686f9e16b4,,,
0,奏Kanade_Official,bilibili,1027871419,782397,3b97828a-b34b-5d71-b59a-5903442cd55d,,,
0,祈Inory,bilibili,234782,772031,84b46e2b-12c2-5505-af1a-6c26488d9f5b,,,
0,白神遥,bilibili,477332594,770378,375f8c68-7eae-5eec-b3ae-656fd5682cd6,P-SP,f076e35d-500d-57ba-9149-6caed8275768,
0,七濑胡桃menherachan,bilibili,326968804,752345,504073f8-5387-5a85-a2af-2c7663fe771a,,,
0,湊阿库娅,bilibili,375504219,744883,c30faf76-bb73-5f5c-9e87-12acdd42c29c,Hololive,40e82f4e-40d8-539c-87c8-ed17c6ea519f,youtube:UC1opHUrw8rvnsadT-iGp7Cg|twitter:minatoaqua|userlocal:080BEA9F35F2E5FB_bd1f88
0,梦音茶糯,bilibili,140378,743889,480bb3ca-6197-5991-876f-2403c3f480fa,,,
0,贝拉,bilibili,672353429,734063,f65869f0-d96d-50c8-87f6-ac3327c13d96,A-SOUL,a0ee759e-2876-5954-a8fd-fb8bf8db84d2,weibo:7594710405
0,冥冥meichan,bilibili,45502,723880,dd5d968f-ab9b-528c-94d9-e1457d95b26c,,,
0,喵西早点睡,bilibili,19369243,721737,4bf144d2-36e9-51fb-b75b-da1974d1a7a2,,,
0,西门小昭,bilibili,689646,716481,3e6943c3-739f-516e-8817-f4ca3ae4685f,,,
0,黎歌Neeko_channel,bilibili,671538942,714349,7883f616-bbd9-595b-b886-f5b59ca6e909,虚研社,d7af6703-ed00-53bf-aa46-0d5cf679925b,
0,泰蕾莎,bilibili,620903,702378,647482e1-85c9-5562-8add-a7668e670b33,,,
0,双尾彗星,bilibili,48330353,693623,28086a8e-3cf5-52c5-94dd-dd006544f02c,,,
0,Akie秋绘,bilibili,4176573,682897,ec9e758c-2f0e-5c89-94af-3c6cccc3f86b,,,
0,黑泽诺亚NOIR,bilibili,922573,680093,02f9f122-0cbb-5eaf-920e-b2394cae5a16,,,
0,烛不遥,bilibili,2077733317,676864,1a859cdb-fba5-5719-8e52-f72bba73d0aa,,,
0,库莉姆Cream,bilibili,1555453291,670061,f0a3d45f-0a9f-5298-a050-3bfb877e1055,,,
0,超级索尼马,bilibili,609132511,664400,ac22232d-9679-57aa-9088-2c44b1ae7e76,,,
0,氿氿ayumiko,bilibili,2482644,660437,2b22cb32-8f40-50a0-a625-b5ce39195a6b,,,
0,艾露露Ailurus,bilibili,1501380958,659736,869c2311-257e-55eb-8d83-bff97cea6194,虚研社,d7af6703-ed00-53bf-aa46-0d5cf679925b,
0,兔眠可可,bilibili,1096034982,653097,cb1bdc98-c2d7-5fb9-9a30-54807b106ade,幻想社Fantas1A,5074200f-7ef8-5480-920e-6c21f74cedd6,
0,小风铃是只咕咕狐,bilibili,160450916,649401,414d77ea-aaf7-5fad-9df0-7829eee469ab,,,
0,高原守,bilibili,503302,643865,c6c8b9c3-938c-5070-be34-d2583d7da05d,ChaosLiveSprout,e67fb222-1c4e-5f19-84da-9e8beba2c365,peing:takaharamamoru|marshmallow:fdanvgysutwnkqt
0,希丝奈cisne,bilibili,1063558832,639914,87a4e5b8-0dcd-595d-a1c8-316419c3029e,,,youtubeat:cisne1105
0,白上吹雪,bilibili,332704117,637474,93b66f77-a3e5-5b88-9249-4401d75d0478,Hololive,40e82f4e-40d8-539c-87c8-ed17c6ea519f,youtube:UCdn5BQ06XqgXoAxIhbqw5Rg|twitter:shirakamifubuki|userlocal:F5E89D62D0351960_af58bc
0,花园猫,bilibili,380829248,636980,20a5677a-d06d-596c-887f-206af802970c,P家,a5f67427-dbfe-5cb0-be05-ef701454c3aa,youtube:UCRXBTd80F5IIWWY4HatJ5Ug|twitter:hanazono_serena|userlocal:6EF05D13FB2C3FA4_068a10
0,妙妙子Official,bilibili,674539396,631817,46339e52-dbbc-541d-a67c-82f5bc3b68c9,,,
0,蜜汁姬工坊,bilibili,80505,630639,cb7a3ce4-85ca-5465-a314-985ff0403251,,,
0,巴绮,bilibili,1588646945,627994,f82c2752-e3b8-51f7-b219-f065efd5e751,,,
0,九重紫Official,bilibili,225347042,617120,bcbe14d4-9521-50d4-91e7-4057957daa26,,,
0,茉吱Mojuko,bilibili,1968783589,611922,757ad736-07c3-5a45-977e-29bc3386d301,Providence,412f3e13-0742-53c3-80e4-a0ea111657d9,
0,咔比大王Kingu,bilibili,3493274442533075,604572,0b9c0d65-4941-51e5-b873-4354bbbb98d3,,,
0,钉宫妮妮Ninico,bilibili,8881297,603203,49e9687f-fbd7-57e9-86cc-4213ce085200,,,
0,猫诺,bilibili,70070,601713,2680e39e-6420-5259-a901-5f55511fba18,,,
0,七濑,bilibili,353361863,598733,2d7e5b1a-92e8-5635-b4ac-f0b974ed1a91,Providence,412f3e13-0742-53c3-80e4-a0ea111657d9,twitter:NanaseUnia
0,鳥取鹿子Official,bilibili,946324,597678,48934e6e-1502-5a02-8278-b83bd01c3c8c,,,
0,雪糕cheese,bilibili,3493139945884106,593812,3ed0bb14-3f5d-5568-8b67-e8c5d864d189,,,
0,轻叹ww,bilibili,2093232,590989,d5beb0fe-9011-582b-bf04-895678bd6971,,,
0,蕾蕾大表哥,bilibili,867152,588135,e28b0ca6-9c73-55b6-be88-3969db496e33,,,
0,雪狐桑,bilibili,477792,580717,81581f5f-e4fd-5fec-b737-32967a16d4d6,,,
0,Mr.Quin,bilibili,15810,580221,d8e5a9a0-9eb7-54c3-ac23-248d5fa9d085,,,
0,清水芽衣,bilibili,670363050,568647,98784517-2420-50df-a9e8-206095061f9a,,,
0,子花酱,bilibili,75937648,561740,5c49c25b-1f79-5990-ac6b-03854ba76c3e,,,
0,Overidea_China,bilibili,18149131,560635,17683b28-9a9e-5510-9306-1447916850c6,,,youtube:UCupCAZz1l52vV8m-dvaoBVQ|twitter:OverideaHQ|email:kyouka@overidea.jp
0,春山响hibiki,bilibili,1751577265,559909,8c2de9e7-b327-5327-8b5d-20fb69d1df06,,,
0,星宮汐,bilibili,402417817,549315,11c5b75f-ff28-5089-b80f-30e74508e463,Virtual放送部,9abdd959-092b-59ab-aa0e-c4a8a310094a,twitter:Hosimiya_Sio|twitch:hosimiyasio|youtube:UCIqtB1-thWl70YZrKK5NO9w
0,小可学妹,bilibili,14387072,543375,4ac9db8f-e38d-568b-b94f-727ba0f1de73,VirtuaReal,6a8d2bed-dc2e-5ce1-a3bd-e31317aa4e23,163music:544163262|weibo:6377117491
0,恋乃夜舞,bilibili,1900434152,542974,13c4701b-f815-5815-8788-c6d11df23601,propro production,6bb97c04-f7a2-5d92-8ec3-bb97262dbe47,twitter:koinoya_mai|youtube:UCgttI8QfdWhvd3SRtCYcJzw
0,第二颗纽扣给樱酱QvQ,bilibili,11644473,539912,c3e408fd-048e-5ae1-87cc-894d3c2adf11,,,
0,YUKIri,bilibili,512480,537870,4ea972a7-869b-5c3d-b5d4-01e2aa3a510e,超电VUP,0720e97e-ca7a-55b7-9944-94d2e090dcd2,
0,向晚大魔王,bilibili,672346917,534617,d0da0629-f680-5914-aa23-aacc56bf6674,A-SOUL,a0ee759e-2876-5954-a8fd-fb8bf8db84d2,weibo:7595051004
0,卡萝尔Akuma,bilibili,1942864208,531939,295ac537-fc81-5ba2-87e3-ad2bd92dd777,,,
0,罗伊,bilibili,480745939,530286,99ff1d6c-09ce-5646-b72c-ef76ca95beca,VirtuaReal,6a8d2bed-dc2e-5ce1-a3bd-e31317aa4e23,
0,林玲,bilibili,474593909,529774,3d306c79-34e4-56d2-b708-1e4f0f23875a,,,
0,胡桃うさ,bilibili,12497617,525807,d4ac38e4-fefd-5dd0-8dad-8c92a698455c,Providence,412f3e13-0742-53c3-80e4-a0ea111657d9,peing:kurumiusach
0,可洛Cro,bilibili,3494361880856991,524741,c3e03ddf-4f59-5d08-8126-fb552bb14dce,,,
0,织月黛黛,bilibili,28278764,522485,0828289e-fc13-5715-86f8-8646a8210120,,,
0,菜菜姐莎疯了,bilibili,677744233,521952,966a9c06-50ac-57b9-90ba-7c44f5cd33b6,,,
0,Bison仓鼠,bilibili,136107,519614,2e0b7807-1717-5381-9111-860d4aa622a5,,,
0,虚拟区运营专员_Official,bilibili,441666939,518890,436edc61-5c3a-5b37-95c5-5355eb9439f7,,,
0,还有醒着的么,bilibili,2100679,508838,fe9c9640-d4a9-5307-8770-60b60d6772f7,,,
0,本气黑猫,bilibili,38829,508785,52bac9b5-bbd1-50e9-b97c-f0a1a29b3bcc,,,
0,kaka新星,bilibili,1998383382,508705,52dbad00-a7ce-5e56-9e54-ae24d83147d9,,,
0,塞拉菲娜_Serafina,bilibili,1025491703,502618,d5763494-1890-508b-86c8-dbe7d2a8abed,极光社,9548b50d-dbb9-5b8e-9a4f-a86239ac14ca,
0,子言姐姐,bilibili,293917,499619,d412e9ae-2367-5ad3-88e6-2991ad5d7e50,,,
0,伊万_iiivan,bilibili,510047,495479,7d7be7bb-e445-59f7-8a15-4dec05a17bca,雪风军团,231c831c-1e80-5a10-bb8c-b4fa15b861b7,
0,虚拟次元计划,bilibili,5563350,495355,fe362959-20e1-5052-9b1c-26ef2e67237e,虚研社,d7af6703-ed00-53bf-aa46-0d5cf679925b,
0,葛叶,bilibili,434563422,491144,2717b68d-977f-5ada-931d-c900eb15d23a,NIJISANJI,5da64d9a-b5d2-5f3e-ae3c-35ec6aa42492,youtube:UCSFCh5NL4qXrAy9u-u2lX3g|twitter:Vamp_Kuzu|userlocal:DC974C92F15ECEA8_929a0b
0,陈玺颜,bilibili,3493282111818202,490881,65a549ca-9397-5dcc-bec5-5ed78e5bb5bb,,,
0,Ruriko琉璃子,bilibili,47441,489983,479cc54b-7946-5f21-b8e3-de2d296fe8a4,,,
0,浅川玉乃,bilibili,1927279531,489003,f70a01c2-cc0b-56ad-8ed0-09889db6882e,,,
0,塔克,bilibili,9066351,483078,3f8dbb15-c140-51c8-aa12-57279c06ec97,hOuOu_Project,3056975b-305b-54cd-b28c-0e005b612a5a,
0,小凌漆漆,bilibili,436197297,480526,2431e372-0574-535e-9dc6-ac2eefec3cbe,,,
0,星粥Kayuu,bilibili,19565962,478881,6d235ca4-a7e5-51b3-9b77-b3ae5e7e3196,,,
0,扇宝,bilibili,698438232,472992,c71cc147-f538-5e34-9948-9674919e9ac3,,,
0,PMR字幕组,bilibili,7151607,468421,f598e786-7109-592b-97b7-9c0fba9a9ad2,,,
0,芝恩㱏,bilibili,475118489,467531,6c6fa92d-dccd-5ddd-9a9a-bc58fb83ed61,,,
0,咖喱瓦斯,bilibili,504435510,466678,675047dc-e7db-503f-ad46-2fc7d08e757c,,,
0,瀬兎一也_Official,bilibili,1006140314,465201,7b0a58f1-45ea-5f27-8ade-b9d3b141531f,,,
0,花谱,bilibili,488970166,457828,7c43cc6c-5377-564e-8dd8-1665f7f0694e,神椿工作室,8e11a33b-c9e1-574f-8300-c8e5aa050010,youtube:UCQ1U65-CQdIoZ2_NA4Z4F7A|twitter:virtual_kaf|userlocal:FBDC0B685D0E6049_343b86
0,新科娘,bilibili,451066708,456092,d1bcbaa6-f836-54c2-8be0-54c516a35277,新科动漫,b25b6594-eaa6-5b16-a112-c81a853f4815,weibo:7309941235|popiask:V2RI0J|email:xinke_business@sina.com
0,虚环,bilibili,320070259,455923,958f7abf-aa0f-5e41-a158-2f734fd2c86e,,,
0,桥桥Erio,bilibili,33623955,454743,6f825222-4d72-5484-adfb-8072f0dd7b80,,,
0,是姬拉Kira,bilibili,180485916,453396,b3a2216e-70d7-5f00-9c66-c29ac6246acb,,,
0,华硕天选官方UP,bilibili,471130755,447718,6e6601b0-ccba-558a-94e5-78145e0e42ef,,,
0,喵波菈,bilibili,296880903,445778,c5daecb1-fe45-562a-ad0d-e984dc113935,,,
0,lz鹿子,bilibili,26541399,440823,76fc3fdb-6d0e-54b7-971c-dcd186e594c4,,,
0,花丸晴琉,bilibili,441381282,440627,4bdc10e5-c28d-55e6-be8b-6666cb0c0e3e,花寄女子寮,e2d2dfda-6dcc-54b4-b213-2b7db8b04a93,youtube:UCyIcOCH-VWaRKH9IkR8hz7Q|twitter:hanamaruhareru
0,薇拉Vera-Official,bilibili,532791,439254,89275e6d-4b61-5aa3-b593-9e82b71bab5e,,,
0,雪绘,bilibili,56748733,437423,6d2d92b9-3c98-5d16-9363-89adbfa01a64,VirtuaReal,6a8d2bed-dc2e-5ce1-a3bd-e31317aa4e23,
0,夏色祭,bilibili,336731767,433085,3fc63bad-e550-518a-9704-f1614411ba93,Hololive,40e82f4e-40d8-539c-87c8-ed17c6ea519f,youtube:UCQ0UDLQCjY0rmuxCDE38FGg|twitter:natsuiromatsuri|userlocal:6EF142E2238D3AA2_27e73c
0,甜夕sweet,bilibili,526729810,431834,b642d65d-dca0-55d0-8ed6-99f926144d1f,,,
0,兔柔Tutu,bilibili,3493106661985112,429963,6b0c2604-4b8c-5836-8010-892d1092bae0,,,
0,夜王莉莉丝,bilibili,49922172,427016,6863f4c9-b8e8-5ea8-b1ed-6b9d5c7e8409,,,
0,难道越越不可爱,bilibili,7233069,425271,0ceca830-2973-53a4-8f30-f711644c9f07,,,
0,有栖マナの黑白尾协会,bilibili,13397992,424799,bb3f482c-6091-5c7c-bc4c-ac1e8ef62fa5,,,
0,桃姆Q吃手手,bilibili,1823500310,421620,1b32f331-57ff-513f-aad9-9829a1aa7ad0,P-SP,f076e35d-500d-57ba-9149-6caed8275768,
0,露珀塔_Ruperta,bilibili,2100944625,420580,95318c0c-2e32-5c24-931e-a1f689c20d76,—MSD一,4119dbf4-9390-5a1e-8b90-6734005c8b85,
0,宝钟玛琳,bilibili,454955503,420038,44db8c95-1102-5296-9e38-5512ee75ffd0,Hololive,40e82f4e-40d8-539c-87c8-ed17c6ea519f,youtube:UCCzUftO8KOVkV4wQG1vkUvg|twitter:houshoumarine
0,猫宫日向,bilibili,291296062,416646,7945555f-2509-56e6-ba92-4319b488c325,ENTUM,5e4172d0-2dbe-5744-aa12-aeaee8c0b3d6,twitter:Nekomiya_Hinata|youtube:UCevD0wKzJFpfIkvHOiQsfLQ|instagram:hinata.nekomiya
0,萝尔露,bilibili,3546612229998884,414986,5eb53cb2-b88a-5c31-a0ac-2b9b5ffc1334,,,
0,叶,bilibili,434563934,414368,09afe2aa-d442-52fe-8477-27600dcb1ecc,NIJISANJI,5da64d9a-b5d2-5f3e-ae3c-35ec6aa42492,youtube:UCspv01oxUFf_MTSipURRhkA|twitter:Kanae_2434
0,帕里,bilibili,1576121,413961,fc0ea84c-369a-564b-9244-2f4285cf138a,P家,a5f67427-dbfe-5cb0-be05-ef701454c3aa,youtube:UCrhx4PaF3uIo9mDcTxHnmIg|twitter:par1y
0,五月织姬ctsu,bilibili,441952268,413634,d2dd92cc-7aee-5162-b14d-58f0cadcfd1a,,,
0,犬山哥,bilibili,12362451,411783,27c62800-526c-50d4-98a7-7fa2b578dc07,NoriPro,5ca43bb4-d060-578e-a040-2d924bab8fb1,youtube:UC8NZiqKx6fsDT3AVcMiVFyA|twitter:norioo_|userlocal:000FC7240EAE6CA1_87be8b
0,晚月_Tsuki,bilibili,3546778829850973,410715,32e1585a-891c-51be-826a-91edae70ffa3,猫猫祟祟（北立交桥）,0224316a-592e-547c-89b6-9f4f4e425779,
0,皮皮果er,bilibili,390254031,408828,569f76f0-c8b9-56eb-bbef-363ff53cae38,,,
0,友利Mori,bilibili,279704683,408691,0a5cfd2b-fc33-50ef-be6d-06486f5dcc4c,,,
0,不知原深,bilibili,1184238527,407808,f2cf8bde-8940-5144-883f-cacc9085e53e,猫邮社,fb7977c3-8198-5021-a136-3c8de14290f7,
0,鱿米milai,bilibili,1641720127,407152,f81ca291-ee5f-559a-8340-3120c20880fa,,,
0,小铃久绘Official,bilibili,1875094289,404829,f8fe0601-71d8-57ac-bf2c-b96c6741aba3,,,
0,猫大可,bilibili,139905,401463,80a4daf2-774f-51c5-80ed-2a3fabf4ae5c,,,
0,星罗月兔,bilibili,2828592,399973,23b789e7-5783-5e1c-9697-df8c4873e7a9,,,
0,plave,bilibili,3493141629896727,397925,65cdf780-09b5-58f4-a852-2a15610c99e4,,,
0,小恶魔channel,bilibili,6483727,395841,c6e96c62-8eb1-51b4-932e-33197953fb1c,,,
0,花花Haya,bilibili,269415357,394297,746dbf66-2516-541d-8019-f7a855e784a1,Providence,412f3e13-0742-53c3-80e4-a0ea111657d9,
0,卡绒_Charon,bilibili,3546896373123505,388521,4dd1357e-d118-5a88-8918-9f0b8e406bdf,,,
0,珈乐,bilibili,351609538,386888,01064533-731b-5871-a9bb-65378e514f5a,A-SOUL,a0ee759e-2876-5954-a8fd-fb8bf8db84d2,weibo:7594393391
0,红魔姬,bilibili,427487966,386299,f5a42513-a7a2-5108-9ee2-02d00990f0dc,,,
0,永恒娘Official,bilibili,1377212676,385704,dfca0247-ec2d-5911-aef1-28583ace6caf,完美世界电竞TWINKLE.STAR,1679b857-5f7b-5e8d-916c-9d8679c5c4ca,
0,まこと,bilibili,472135480,385513,a5912c2d-e491-5547-83cb-dd8741f8641c,,,booth:macoulu|youtube:UCwSOARsvB-Qa6PtuYyK74dA|twitter:rnqq|youtubeat:rnqqU
0,步玎Pudding,bilibili,416622817,385465,e2834ba7-db5e-5adf-ab63-bfff2971a217,,,twitter:PuddingxBuding
0,Yommyko,bilibili,14272337,384730,bae4b88b-17aa-5b7c-bf24-1ea304409468,,,
0,绯赤艾莉欧,bilibili,407106379,384693,af654239-71aa-5e0f-903c-01935d90c324,chucolala,ad652370-a736-537f-aa70-6ee528138364,youtube:UCQ7KYc1-IMQ8_Uz7XTE5DWw|twitter:hiseki_erio
0,猫不吃芒果め,bilibili,14198063,384513,37c7c3a8-825a-541a-9519-5cc750fe9c73,,,
0,田中姬铃木雏,bilibili,296909317,383254,05cb3458-35d4-574f-a4d5-f5ec7428022c,,,youtube:UCFv2z4iM5vHrS8bZPq4fHQQ|twitter:HimeTanaka_HH|twitter:HinaSuzuki_HH|userlocal:1A418E3295B56D96_de5097
0,木糖纯,bilibili,54191665,378377,1252ffb7-2a51-5c64-9c67-5ba97eddeae4,超电VUP,0720e97e-ca7a-55b7-9944-94d2e090dcd2,
0,酒酒井アンリ,bilibili,6640131,377388,f21cb3fd-c715-55a4-84b2-7ba0e49fad98,,,
0,杜松子_Gin,bilibili,471460273,374883,0fa3255d-f78c-5430-97d1-88bbd6713f80,猫邮社,fb7977c3-8198-5021-a136-3c8de14290f7,
0,MaNameBin,bilibili,1859647139,374079,94eb1ac3-3dd8-5071-bcd6-96e8c5eb8439,,,
0,小望_Official,bilibili,526972283,370137,d3703bca-a965-5a89-bf3b-822a1dc85ce0,,,
0,天使猫猫酱,bilibili,443940499,367343,75bbedf7-24bc-5a48-8339-c858681bd0ea,,,
0,茭白柒,bilibili,35565205,366737,bb872f66-8bfc-5b1a-a069-52bcb1ff193a,,,
0,凤小七seven,bilibili,321650277,366013,97f7c4c5-684e-5995-a849-3b3f97942bfd,,,
0,早凉,bilibili,518817,365701,6466b4ff-71c7-5635-90ac-173b18b15125,,,
0,卡米莉娅睡不醒ovo,bilibili,3493078312683628,365116,ee7a6b96-a721-5308-bbf7-23e8ac61ba00,幻想社Fantas1A,5074200f-7ef8-5480-920e-6c21f74cedd6,
0,带袋浣熊,bilibili,296683456,364797,c407879b-5fa6-505c-910f-13e2c7dab788,,,
0,罗塞菈,bilibili,3493286014618492,364694,346b48c9-f640-5f27-a531-ea89ec6e4224,,,
0,ZMI紫米,bilibili,14829832,364550,12e177a0-a2a9-5066-8889-75840857d95a,,,
0,小柔Channel,bilibili,1734978373,363143,8bf7ac4f-6151-5a64-897d-88babe5d6995,虚研社,d7af6703-ed00-53bf-aa46-0d5cf679925b,
0,物述有栖,bilibili,434565011,362688,fba685b5-6eb4-5e8c-a97e-bc308572c8c0,NIJISANJI,5da64d9a-b5d2-5f3e-ae3c-35ec6aa42492,youtube:UCt0clH12Xk1-Ej5PXKGfdPA|twitter:AliceMononobe|userlocal:963ADB19F773B2C2_586eb8
0,异世界情绪,bilibili,488978908,360744,ecf90698-b888-5f77-ba84-8bec2642d728,神椿工作室,8e11a33b-c9e1-574f-8300-c8e5aa050010,twitter:isekaijoucho|youtube:UCah4_WVjmr8XA7i5aigwV-Q
0,抓一只夏北,bilibili,3546724526196739,354387,0bee0896-b75e-5f04-ba6a-5bf9ab8e47a1,,,
0,美月もも,bilibili,2073012767,354290,4c79e6ed-8c67-5cea-8169-a26a39269181,,,twitter:me_2ki
0,就叫一只猫qwq,bilibili,645966405,352986,02ad33fb-1e3d-5b3b-b556-af75ddad079a,,,
0,淩钰Official,bilibili,38271760,349154,30704e52-e5b6-5c9a-93b5-7ea87cdb7bef,,,
0,兮子cc,bilibili,194326389,347113,af400d81-b401-555f-82e0-0ba455c83bb4,,,
0,恬豆发芽了,bilibili,1660392980,345997,50340efb-c4e0-5dbc-9ae6-575adf97276d,四禧丸子,af9df8e4-86e7-5089-ab06-dc8a6e89146c,
0,P丸様,bilibili,569885690,341115,da1e9a7e-c6c4-5a1c-bd27-436eb0aa6112,,,
0,疾風醬,bilibili,113711,340662,b425d584-af82-5bd5-a6c3-8d957248076a,,,
0,凉咕月沙,bilibili,128912828,337465,1c199678-db2e-5f55-92a7-9c4d452b9480,,,
0,古堡龙姬,bilibili,686201061,336271,1b5ed32a-1109-59b8-a6c7-989629f35a41,完美世界电竞TWINKLE.STAR,1679b857-5f7b-5e8d-916c-9d8679c5c4ca,
0,Afaer-展麟Finn,bilibili,1259447274,334607,842d2aba-8a56-5de6-a4ea-f1e8b313fa6a,Afaer-Official,ffa620a2-3058-5915-a452-7dc7b880f156,
0,本茶茶喵,bilibili,3546678808283532,333196,84612843-7ad6-5aae-a6d3-1eb14fd92423,,,
0,怠惰,bilibili,1070733875,333092,8892d770-fda5-5360-8916-789a8721e0d6,,,twitter:hosinonyan|youtube:UCifj0qRCrnFi1KWZ-lSvE-g/videos|amazon.co.jp:5NTR66DPTUPK?ref_=wl_share|fantia:282876 |booth:hosinonyan|tiktok:taidachan0105
0,小紫才没有摸鱼,bilibili,237140787,332948,2cf8dac8-5a49-57ac-be1d-ba7711ceab5c,,,
0,可愛的島風,bilibili,14248896,332482,98106bfd-28d3-59c2-8970-76c6068160e5,,,
0,猫雷NyaRu_Official,bilibili,697091119,331248,f45f4a44-89fd-5d11-916f-5f9735a6c43b,,,
0,红晓音,bilibili,899804,331242,0bc92ad4-2d33-5f67-b082-a32620949673,P-SP,f076e35d-500d-57ba-9149-6caed8275768,twitter:kurenaiXakane
0,切茜娅,bilibili,632960,330512,be9745ea-af1e-530e-8b0d-855d7ecbeee8,,,
0,楚天明c,bilibili,280135728,327370,39df0a86-4322-5db9-ac65-cac523203850,,,
0,东爱璃Lovely,bilibili,3821157,325704,3182f463-a857-506f-a7dd-fc1ad64ea15a,P-SP,f076e35d-500d-57ba-9149-6caed8275768,
0,白水Jimmy,bilibili,3546635395139954,324979,189e6fe4-2a50-5264-87cc-05cac4b3dd35,,,
0,小舞,bilibili,264161,323714,f1448a6a-b72d-59c0-9003-23dbf63826d8,,,
0,夏诺雅,bilibili,1612112,322623,65dc6345-9d35-59bb-95c2-b3d9c3371c74,,,youtube:UCEAYn1JzHW7BGOaaDWDtqnQ|twitch:chatnoir_ice
0,银杏Kyou,bilibili,1344926320,318425,33811404-bf8b-5f94-b750-9447bde1be53,chaoslive,7d14580b-8154-5fdb-9777-b1032d302bfe,
0,Maria_M_Official,bilibili,1217057066,317127,aafef824-d3b1-50d6-97f8-f01e8e1385be,NIJISANJI EN,745fdb2e-e624-5852-804f-7493f9b4f56b,youtube:UCwaS8_S7kMiKA3izlTWHbQg|twitter:mariamari0nette
0,希月Kitzuki,bilibili,591892279,316559,df9acdf7-a21f-5eb8-9e4d-c32ea6b76930,Hanabi_live,06620aad-1e28-5c4e-995d-cf7c03d43f15,
0,不眠星辰official,bilibili,365188473,316272,fd1e0237-ce10-59c5-adef-e6b0cbc769a4,,,
0,白夜雨落,bilibili,8923428,315655,6bd5d684-b0d6-57a6-8db3-268271d303d6,,,
0,你的可樱已上线,bilibili,720964,315372,541f31cd-87dc-5d90-9c78-7af702b88e05,,,
0,夢冬oTo,bilibili,353708919,314852,d13675f4-3c69-5d3c-844e-ff4f89ba611d,,,
0,天天Ame,bilibili,1950721001,313970,427ec6bd-de7d-5309-9cf3-2f6458bee620,,,
0,Vox的家族部落,bilibili,39642757,313373,0b05b632-9f3c-55fb-bc20-56c9e6979c64,,,
0,勺,bilibili,666726801,313094,e362f170-a91e-5deb-88ce-a2b8ee9ec2fb,VirtuaReal,6a8d2bed-dc2e-5ce1-a3bd-e31317aa4e23,
0,圆圆小石头,bilibili,358629230,309880,9b8df3b0-a459-5a1c-9d48-a5fd28904ae0,,,
0,乙女音,bilibili,406805563,309562,d46a4705-dfca-5a42-8b9f-f3e5609c784d,chucolala,ad652370-a736-537f-aa70-6ee528138364,youtube:UCvEX2UICvFAa_T6pqizC20g|twitter:0tome0to|userlocal:A7F7CF4C185FCF49_69d7b2
0,Neo,bilibili,9404404,308269,190f4cfd-a87e-5dc2-b8d8-2fe26cefec1d,,,
0,汤圆四水,bilibili,503492188,307374,7dead188-d5e1-5944-867e-974333d62d6d,,,
0,阿久_Aku,bilibili,3494351384611564,305626,6c61c158-5706-5ab6-86c2-ea91f9d83f33,hOuOu_Project,3056975b-305b-54cd-b28c-0e005b612a5a,
0,露维娅Luvia,bilibili,1137050473,305244,b9ef4b34-77d9-54e5-bc2a-dc21b7dc34b3,,,
0,凛·阿格雷阿斯,bilibili,2650919,302909,bb69dd4a-aafa-5d23-945f-acd8cdb24fb8,ChaosLiveSprout,e67fb222-1c4e-5f19-84da-9e8beba2c365,
0,榛葉nami,bilibili,1802392,301536,22ce4a4f-67f8-5c2e-b088-db2bd24abc03,,,
0,香取绮罗_kira,bilibili,574317507,299932,c62b6d72-b6ca-5e36-b72c-c62e20f045b4,,,
0,麻呜Meow,bilibili,3493075871598759,299647,61ede288-fd9a-53a5-8076-2898f4ea5267,,,
0,池年,bilibili,2341174,298567,d16d8cee-6e27-5a3d-8f5b-8873cbf43b84,哔哩哔哩电竞,7ac99c40-0768-5b6b-a402-86a8517197f3,
0,舒三妈,bilibili,6853766,297125,20e64393-fdba-5b22-b17c-d553ec1d0fb2,VirtuaReal,6a8d2bed-dc2e-5ce1-a3bd-e31317aa4e23,pomeet:8uJ3LMdt
0,杜铂雷Dobre,bilibili,1294678093,296770,9c2218dd-d925-5155-9a47-9b0796296359,,,
0,小小约yoo,bilibili,1359949418,294254,b1cfa47f-5572-5903-b9ac-93b65c935826,,,
0,星间泉channel,bilibili,1688280199,290516,515e9a26-084c-5b7c-ab8b-e587ef2ca28a,,,
0,赤井心,bilibili,339567211,290288,a5ee134f-34cb-562c-8586-5a0252f8fb1b,Hololive,40e82f4e-40d8-539c-87c8-ed17c6ea519f,youtube:UC1CfXB_kRs3C-zaeTG3oGyg|twitter:akaihaato|userlocal:CA19193F25B94381_a17d19
0,明前奶绿,bilibili,2132180406,289586,c3f254f5-d45a-5efb-bdb4-7825c73610f0,,,
0,眠特Mint,bilibili,1202416628,289341,e3ec6f8a-4e6d-551a-910f-a3891f0b50b2,hOuOu_Project,3056975b-305b-54cd-b28c-0e005b612a5a,
0,禅眠,bilibili,1519134,288576,fc116a0e-18fe-5858-83e8-592b8d089a6e,,,
0,你的苏暖,bilibili,2255740,286913,d596af27-0e7e-58d8-8f83-1401b17b9ae7,,,
0,天占milo_Official,bilibili,3537117403679540,286378,7be3bcc4-c3de-5272-8ace-0d56764159c8,,,
0,鹿野灸,bilibili,5659864,284467,14ed215d-808f-52dd-9bcb-ee04e368d3d5,,,
0,激辣味噌,bilibili,193558681,284158,01d8f770-123c-5f13-b8e1-7a358d556d62,星云社_CosmicNebula,f8f7fa68-d6d4-594c-9c15-1741944d304d,
0,垚垚Yo-yo,bilibili,3546858230123108,283526,eb7c75eb-2011-5113-a56d-133514333543,,,
0,诺拉Nora_Heitis,bilibili,650663945,283508,314dec73-d590-5ea4-8a95-6f679d513691,,,
0,路希维德Wiede,bilibili,2006452883,281381,08f8c0f7-c333-5c36-9472-d4030b3c0797,光年神话,0cd8f345-3228-52ae-bf9e-d2aae75d7846,
0,Shizukou,bilibili,1042854135,279631,6e323198-c3ee-5ea9-abbe-59b28aec4ead,,,twitch:shizukou|twitter:Shizukougames|youtube:UCYKX4HL54erXdCyMj7TpFyg
0,白茶酱酱w,bilibili,2064055063,277349,e7d5df07-42f1-5de2-9500-bfeb164bf5b8,,,
0,樋口枫,bilibili,410455162,277052,3ad9042e-2002-53b7-bef4-e077388a753f,NIJISANJI,5da64d9a-b5d2-5f3e-ae3c-35ec6aa42492,youtube:UCsg-YqdqQ-KFF0LNk23BY4A|twitter:HiguchiKaede|userlocal:52748F89D2812519_1b2da5
0,新月岚_Official,bilibili,483419193,275960,7c0c1d04-1b50-56f8-ba19-65d0a5b00de4,LBG,db0ee4df-8826-507c-8cd4-dbe478f0c0a8,
0,樱咲奈央_Official,bilibili,1880188304,273851,3570bea9-fe83-5fac-80d0-7b43aaae1cfa,,,
0,有棵里里,bilibili,12939237,273271,e2bf94ba-d30c-5336-b2dc-b759576171d4,,,163music:1398036017
0,早椰恋恋,bilibili,80000000,272953,9e07cc41-2fe2-5068-bb77-4d54ddb60b40,,,
0,江夫人_KWKmia,bilibili,3493075143887555,272585,810b9574-0934-5dfa-a2c0-ef146be74bc5,,,
0,薄荷Miint,bilibili,3493076263766277,272261,34bac504-3624-50dd-9685-b5031f933849,,,
0,QQ星开学了,bilibili,626369036,272015,c490eaea-d4d6-5fce-8f85-e0c31d347fd4,,,
0,奈奈莉娅,bilibili,489146840,271758,ee3c53bd-3666-5e93-8fef-66b47e4586eb,,,
0,SmokeSakuya,bilibili,17832530,271503,bac47f13-6f52-5ae4-99b2-f5d6121c9bd4,,,
0,一颗云导,bilibili,3546719432215285,270805,73990dfb-3b69-5e7e-b0b7-87c165ae6959,,,
0,紗耶_sayako,bilibili,385281102,270676,7e86e77e-e082-58f6-9968-3dea49bee224,,,
0,萌花Moeka,bilibili,3546933324941477,270177,56ef0564-aa52-51ce-8d1b-be025a7aafd5,,,
0,MizunoAki,bilibili,3493108312443727,268373,74d0aa5e-575d-552e-81fd-51346a540322,,,
0,轩喵与砂奈,bilibili,27231887,268228,254f41e4-7b99-50ee-9f79-7ed9b326d231,,,
0,星野怜Official,bilibili,176135235,267977,e8be0d2d-5037-5d43-bd41-f942ee0cb21b,,,
0,星汐Seki,bilibili,51030552,267970,069f2ac5-2d1f-5bc7-ac72-56ca354ac699,P-SP,f076e35d-500d-57ba-9149-6caed8275768,
0,魔哩煞,bilibili,179187480,267610,f76dace3-fe70-5a10-9354-b28f28ab00e1,,,
0,毒霸姬official_金山毒霸,bilibili,1266594350,266029,cfcb6baa-cb55-54ed-8a49-c8150b8db940,,,
0,说说Crystal,bilibili,283886865,265702,479733ac-7136-5c53-bb57-161c93e2f6d4,,,
0,古守ちゆ,bilibili,2299184,265309,36b16268-2625-5ed8-9a92-4174737d7a27,chucolala,ad652370-a736-537f-aa70-6ee528138364,youtube:UCBIR44irWpj1eTx0ZQFofHg|twitter:komori_chiyu|userlocal:9BD164CE195F8241_e51148
0,东野凹,bilibili,121487111,264337,cc6de5e7-21c1-5c3d-b5fe-910a9d054633,,,
0,仁子RENZ1,bilibili,3546716517173570,263811,0f5d82ca-3e83-5ba7-ad18-61c42f9f2a25,,,
0,米哦,bilibili,1352646,262952,9ba1dbce-0b72-5893-9bc9-28eba4e5b6fd,,,
0,Fulgur-Official,bilibili,1281805827,262595,9ec3f894-f793-5ef2-826b-e5faf0fbd759,NIJISANJI EN,745fdb2e-e624-5852-804f-7493f9b4f56b,youtube:UCGhqxhovNfaPBpxfCruy9EA|twitter:Fulgur_Ovid
0,砂糖星织,bilibili,1495003,259411,4e016615-f3d6-52f3-b11f-4606ff771bc4,,,
0,二米明子,bilibili,2634922,258962,7830dc57-c101-5335-800d-da3067fbc079,,,
0,恩骨,bilibili,26413405,258729,7a1a065c-a369-5946-832a-9e1c963ab882,,,
0,月下undermoon,bilibili,17779099,257263,e7475191-27e1-5764-adaa-3f00ad985171,,,
0,熊守夕子,bilibili,7781862,255956,dafb743c-dd86-5f66-b092-f3c5fa8d091c,八木百货,f65ba9d4-5a1e-5cc1-af48-276466f4c978,
0,艾莉亚airi,bilibili,37906403,255082,b098bf0b-41d7-533b-9da0-786a0feb7011,,,
0,幸运花花XD,bilibili,22639672,253313,ad9a205d-5d95-5ab2-a92a-86ddae9d8699,,,
0,话梅糖_Mei,bilibili,3493264923560048,252521,53bd9c5f-d448-58bd-ac8d-529119312ee5,,,
0,琉绮,bilibili,420249427,252210,c5c50884-8c9a-502e-a82b-3e0f0695effc,VirtuaReal,6a8d2bed-dc2e-5ce1-a3bd-e31317aa4e23,
0,木子喵neko,bilibili,27735697,251873,de7b9932-06d3-50f2-ad33-3bd1104a1a53,,,
0,美少女晴晴晴子,bilibili,1099371313,251089,7ed676c8-8eff-5120-ac4b-9015c9564bf0,,,
0,勾檀Mayumi,bilibili,690608693,250868,881e98cf-e161-5916-86a7-beb0942bdbe3,VirtuaReal,6a8d2bed-dc2e-5ce1-a3bd-e31317aa4e23,
0,笹木咲,bilibili,436596839,250684,6ea89e2c-d50e-5d76-9f95-f7976a1fba36,NIJISANJI,5da64d9a-b5d2-5f3e-ae3c-35ec6aa42492,youtube:UCoztvTULBYd3WmStqYeoHcA|twitter:saku_sasaki|userlocal:27CD294B8B4194A7_5f91ca
0,迷路的牙刷,bilibili,113791,249745,e5e3477f-ee03-5c13-8a25-1b3035177859,,,
0,鼠标Office,bilibili,13315327,248288,a1dadb43-39ce-5c00-9be5-893f5ae17610,,,
0,战斗吧歌姬,bilibili,364225566,247946,2ff15133-b0bb-5088-9163-a209b029d196,,,
0,伊吹小秋,bilibili,448823,247766,6f440b7e-65b5-57f9-a771-713fe6f2978d,,,
0,天曰小雏Official,bilibili,2007781080,247551,c353ea55-4f25-5f26-980e-a8ef1fe83a9c,,,
0,艾因,bilibili,421267475,247547,31be73be-b213-56a9-b792-2b064c1f4e8d,VirtuaReal,6a8d2bed-dc2e-5ce1-a3bd-e31317aa4e23,
0,本间向日葵,bilibili,403928672,246725,86520870-8f4e-5296-afa7-317a7b940fb1,NIJISANJI,5da64d9a-b5d2-5f3e-ae3c-35ec6aa42492,youtube:UC0g1AE0DOjBYnLhkgoRWN1w|twitter:honmahimawari|userlocal:EC502FA8A2F56328_2c62d1
0,白雪艾莉娅_Official,bilibili,1096223397,246250,35d0636e-3c18-555a-a6fb-cb8d643dd7cc,P家,a5f67427-dbfe-5cb0-be05-ef701454c3aa,
0,梦乃栞,bilibili,372984197,245482,d8602032-ecdd-5219-9247-c2c028ca21a9,P家,a5f67427-dbfe-5cb0-be05-ef701454c3aa,youtube:UCH0ObmokE-zUOeihkKwWySA|twitter:Yumeno_Shiori|userlocal:D06852D28122F6AA_69228e
0,Shu的香蕉种植园,bilibili,1328491215,245052,41cdcb3b-944c-5364-8d15-f65cfb381bac,,,
0,天音マリー,bilibili,1801527765,244975,901e9fe5-743d-5e78-b692-766fb301d2b4,,,
0,伊莉丝Iris,bilibili,3494355505514666,244911,ea11e379-607c-5b0b-b482-6a3ce26e13ab,,,
0,Mysta的狐狸侦探事务所,bilibili,1976789987,243218,a2f356c4-9610-54fa-88dd-7f6727c1ef31,,,
0,雪霏岚岚,bilibili,78201,242881,a92b321d-7e2d-5126-9fd3-ca2659843212,,,
0,明石缪,bilibili,3546744333798052,242811,44142a36-158b-5b92-a6c1-262465c0da8a,,,
0,帅比笙歌超可爱OvO,bilibili,15641218,242228,72b4f8e6-d25d-525a-8594-d3630442d1c7,P-SP,f076e35d-500d-57ba-9149-6caed8275768,
0,空空_KonKon,bilibili,302926,241000,3e028e4a-a8bd-5f78-8e9d-25e1daa91da6,,,
0,小鳥遊杏子,bilibili,1069108539,240988,8138f570-a61d-5887-9148-5bf8bded0fbc,,,
0,心斎桥オクト,bilibili,17492464,239627,d2f3bfcb-dfa2-5c84-96e3-691ebd122a67,,,
0,铭音MeIoN,bilibili,1860662,239191,07707ff2-24b5-5ed1-b918-726cf5b722c3,,,
0,RO姬,bilibili,3494357252442916,239094,bf3c64de-a818-5ca0-8629-aadc8e66fe44,,,
0,dodo_Official,bilibili,1855519979,239009,5010562e-8cb9-5f42-a3b7-cd267e1e74c8,完美世界电竞TWINKLE.STAR,1679b857-5f7b-5e8d-916c-9d8679c5c4ca,
0,唐九夏,bilibili,1219196749,238759,ecc1c1c4-d618-5e61-97e1-7c21cb30bef9,,,
0,茶冷,bilibili,741520,238087,ab35112d-71be-5f70-84d1-2fae01ffacab,VirtuaReal,6a8d2bed-dc2e-5ce1-a3bd-e31317aa4e23,
0,软软riu,bilibili,504140200,237236,b290c7ac-54e3-553c-a9b7-fdc93d61fd2d,,,
0,羽咲らびOfficial,bilibili,396316042,236788,07434ab3-1017-5dda-b962-ed4dad1cac35,,,
0,少年霜,bilibili,655181,236411,d0df48d9-91a3-57e9-b920-238d008547ef,,,
0,百鬼绫目,bilibili,389858027,235911,5103ca62-43ae-5b72-b8c1-486495a75efa,Hololive,40e82f4e-40d8-539c-87c8-ed17c6ea519f,youtube:UC7fk0CB07ly8oSl0aqKkqFg|twitter:nakiriayame|userlocal:B583AA1ECEFFA6BB_0f0e2b
0,高槻律,bilibili,6055289,235349,09d78b92-1e86-5675-95e8-f2628f38d74b,,,youtube:UCL9dLCVvHyMiqjp2RDgowqQ|twitter:re2_takatsuki|userlocal:D9593084BF0FDB05_3953d8
0,温之九,bilibili,58485079,235300,ae0996dc-67f6-5e43-8e75-7dc1f28ac539,梦镜茶会（北立交桥）,20336e78-cc7b-5d9f-80d3-7664dbaf550c,
0,Afaer-吕和今Asota,bilibili,3461569182698067,234440,456893cd-8927-5e38-b67b-52d8bde11107,Afaer-Official,ffa620a2-3058-5915-a452-7dc7b880f156,
0,果糖含量,bilibili,181998984,234253,a1223b56-cfab-5571-917e-7b7d21cd9730,,,
0,椎名菜羽,bilibili,623441612,233983,29e89b56-7095-5950-abf4-d5c77396a4cf,P家,a5f67427-dbfe-5cb0-be05-ef701454c3aa,youtube:UC0lIq8G4LgDPlXsDmYSUExw|twitter:ShiinaNanoha78|marshmallow:shiinananoha78|email:ShiinaNanoha@gmail.com
0,狸白铃萌,bilibili,3494379087989284,233446,ef94fb9f-cfa7-5bda-996a-ac643f1319f4,,,
0,BaoVTuber,bilibili,1458008883,233140,7837fa58-1fe0-598c-9a17-3066ff9bd718,,,
0,不是Av的Ay君,bilibili,12048009,232489,8169eabb-6c1f-5971-8853-f8cb595c9c5e,,,
0,Yu酱,bilibili,3032688,231476,7adcd8ff-2102-5cce-9083-87dd422cbe05,,,
0,风吟蝶_Channel,bilibili,8171802,230455,9a32c8b4-9d2c-53ef-9979-cc1151899858,,,
0,丝茉茉i,bilibili,27564630,230318,7608133e-819b-5dc1-b925-d2bd946ca75f,,,
0,砂纸大魔王,bilibili,1524009,230018,c783347f-defc-5098-b4db-8c3520c664a9,,,
0,牧牧川,bilibili,4731411,227928,a6db17de-8a2d-580a-86db-5cd6bd2ac5bf,,,
0,沐霂是MUMU呀,bilibili,1878154667,227888,f5cf9c6c-27bd-5c7c-a480-642963704d7c,四禧丸子,af9df8e4-86e7-5089-ab06-dc8a6e89146c,
0,蝶太,bilibili,1697694,227679,921fc652-6a83-55db-a574-6ce583745bd7,超电VUP,0720e97e-ca7a-55b7-9944-94d2e090dcd2,
0,早铃,bilibili,3938351,226013,4af38e45-768d-5d38-9cbc-300f4271bba3,,,
0,默默,bilibili,308688486,223416,cf2b764d-a869-51e6-b5e9-4b69ecfe3f6f,,,
0,吃肉包的怂鼠,bilibili,24957521,223373,ad6829fd-6dc9-5e5f-9842-66202d10fa8a,,,
0,輝夜月,bilibili,265224956,223294,415736c3-d03d-5788-8811-d1bf26e8da42,VIC,44ffc461-168b-56f3-9458-0f450b0b36a2,youtube:UCQYADFw7xEJ9oZSM5ZbqyBw|twitter:_KaguyaLuna|userlocal:3636EECB49E075A1_941766
0,岱川Doris,bilibili,1643484295,222920,86521b42-6c72-5b02-a513-57711e3bb35d,,,
0,ElevenOfficial_,bilibili,1639389144,222730,0088c471-e53d-5777-a794-f7a01f1128ae,,,
0,召唤师yami,bilibili,487902,222581,b6866645-b6f6-57c0-afb7-7f9b56b9d89f,,,
0,羊腿umer,bilibili,22158819,222384,587f613a-58bc-5c81-8d6b-1ca49929718d,,,
0,鹤祁_Official,bilibili,2878144,221413,1c759f9d-69df-5c97-a445-c62968abb668,,,
0,Luca的Augustus饲养所,bilibili,1620495323,220889,961d57d4-6c94-52f7-9a2f-b8e6d1bea433,,,
0,万拓普TOP,bilibili,2072717192,219736,4321f02b-d831-55df-875a-28b2f8419e78,,,
0,池奈伶rei,bilibili,92598618,219673,2c9c3a15-3829-540f-a595-0c09e48eeebe,,,
0,帅冷冷QuQ,bilibili,10955537,219316,027e11be-b7f2-57c5-ad7e-1aaf96dc5b6a,,,
0,混沌之神-最终虚妄,bilibili,85816940,218744,293efe46-ffa7-5236-a176-79d0799b1902,,,
0,白雪眠,bilibili,2081318489,217165,cf476fbf-a745-5e15-814e-d0d78eaee9c7,,,
0,橘柠院,bilibili,314993,216982,258fda46-42b9-5fd0-aafb-f54d8337eb5e,,,
0,小卿黛,bilibili,3537117735029050,216760,c4b13b1b-caed-58b4-a36f-195a5dc33fa1,,,
0,伊莎蓓尔lsabel,bilibili,11137181,215172,f1990342-9b21-5c96-a2c9-1b0599a5950c,,,
0,Kazimas,bilibili,23506535,214686,51e0edab-7720-5cc4-975b-693540e74890,,,
0,MerryOfficial,bilibili,1570624336,214666,8ff1c2d5-a4c7-571b-b2f2-a1efbe73cf18,,,
0,叶崎花火,bilibili,164867520,213203,9c1b7723-1b2a-59d4-8bca-405300733801,,,
0,梨安不迷路,bilibili,1900141897,212801,9dfb701c-102a-56ac-8d72-beb29fda311d,四禧丸子,af9df8e4-86e7-5089-ab06-dc8a6e89146c,
0,宇希哲丶,bilibili,269063537,212400,dd9f39b0-894d-5131-b8eb-26559b5cb4e6,,,
0,桃星,bilibili,690608704,211515,1d1f3f5f-2e82-5064-b719-86abd98e72a4,VirtuaReal,6a8d2bed-dc2e-5ce1-a3bd-e31317aa4e23,
0,岁岁小师姐OvO,bilibili,3546698605398604,211409,24faaa27-408f-5a73-ada6-d3ee07f2dfe0,,,
0,咪茉Mimo_,bilibili,3546599177324843,211323,7784bfd6-f249-5ec7-afdd-81bfb374199f,,,
0,兔田佩克拉,bilibili,443305053,211207,d7deb81a-fb58-5759-953a-f55aee9e4966,Hololive,40e82f4e-40d8-539c-87c8-ed17c6ea519f,youtube:UC1DCedRgGHBdm81E1llLhOQ|twitter:usadapekora
0,小天才陌比,bilibili,651509545,211072,b4c1a58a-af05-53fd-8426-fd23cf0407b5,,,
0,兰朵莎channel,bilibili,227564607,210379,bee8a683-d4f5-5a06-9834-bc4e5896c754,,,
0,喵呜Miwuu,bilibili,29221248,207430,68345b3c-a499-5e95-bf29-fc8355a7faac,,,
0,murasakihiroshi,bilibili,2093138472,205769,2549d406-d6ae-54c7-be97-c3e5446a3fd5,,,
0,鈴宮鈴,bilibili,480432362,205553,d7f2db42-db22-5476-8fb3-3239e8ef12b6,chucolala,ad652370-a736-537f-aa70-6ee528138364,marshmallow:rin_suzumiyaa|twitter:rin_suzumiyaa
0,云知寞_Mo,bilibili,3546891163798293,205077,105abf36-97ad-5b31-882e-333dd5008f91,,,
0,乞儿酥了咩,bilibili,24052681,204844,00d0075a-9805-5964-aeee-6bdb52e38250,,,
0,琴吹夢,bilibili,442426299,204614,b10aa00d-e98c-552d-b4b4-e21063c9d6ce,,,youtube:UCezfmwKc2B8dtVIAgRHXrKQ|twitter:KotobukiYume|instagram:kotobuki_yume|line:2995097|tiktok:kotobukiyume
0,草莓猫Taffy,bilibili,1210816252,204522,ca923882-8ca9-55ec-9ca1-c1c59b3a7db1,,,twitter:NekumaVT|youtube:UCMCAh6rwRtoGDtF7lXj0gNw|tiktok:taffynekuma|twitch:nekumavt
0,又一充电中,bilibili,1217754423,204521,c3686acd-ad39-5622-8955-857509d38cf7,四禧丸子,af9df8e4-86e7-5089-ab06-dc8a6e89146c,
0,理想ideal,bilibili,583235899,203675,f2f09319-c139-5d79-ab96-1a24ebb45a88,,,
0,wuyikoei,bilibili,1472906636,202225,725318d9-a737-55f9-bdd1-29ffe8c6a9ef,,,twitter:ywwuyi|twitch:wuyikoei
0,江二六wan,bilibili,1112477549,202087,b98fc3c1-596a-5451-9b11-a068158cda96,,,
0,加加Official,bilibili,1506609,201362,1c58d75c-09cc-5565-af9b-474a3dff631f,,,
0,白灯,bilibili,8353198,200918,27b4eade-00f3-5c82-abfd-9c4b069baeaf,,,
0,王稀饭-,bilibili,36459988,200149,df6e0b4a-ec9c-534c-9c26-bd4eb38d81ba,,,
0,寿司_Official,bilibili,3493266456578574,199954,3a44e142-290c-51fe-a31c-9487d8202c80,新月社FCrescent,26092163-9c52-505b-bd98-2d5aa9060dfd,
0,机智的孙工,bilibili,824967,199950,c7a8c25a-c547-530d-840a-dff603436fb5,,,
0,星野饼美,bilibili,82389,199907,c8d2026a-f932-5d9d-8c47-03d1154d5442,,,
0,不举萌栗,bilibili,3570093,199459,5cc1ff19-ca77-5fb0-b4b1-38358dac6810,P-SP,f076e35d-500d-57ba-9149-6caed8275768,
0,星奈铃-官方WACTOR,bilibili,1089059487,199101,a89c84f2-7ab8-5c49-a146-fcc2b94b65ae,WACTOR,682089de-7fe5-5303-8939-37eeab633407,youtube:UCqTymU8oHTygrEzas_gVBFg|twitter:HoshinaSuzu
0,鹭仔想喝冰阔落,bilibili,597823619,198923,0cbec8cb-5d96-58eb-b68e-8195d65b4541,,,
0,铃音Suzune,bilibili,39267739,198858,4a02ae97-b19b-5d1e-ae2e-d645cf0d84a9,,,other:https://pome.vip/suzune01
0,病院坂Rei,bilibili,1041474702,198632,5c6e2e09-92b0-53c7-becf-055be22cf36a,P-SP,f076e35d-500d-57ba-9149-6caed8275768,
0,RinRinne官方,bilibili,1206012073,198585,11e757e0-5bdc-55b9-8586-1165b82c44ac,,,youtubeat:RinRinne39
0,綾奈奈奈,bilibili,186463,198369,1047fd48-4830-587f-83fa-26d29832c989,P-SP,f076e35d-500d-57ba-9149-6caed8275768,
0,Uki_Official,bilibili,1512759879,198025,db9ab121-48b2-5f58-ac73-5a233d8a7a70,,,
0,内德维德,bilibili,90873,196230,cbbb430d-9578-5bb8-badb-858210146cec,,,
0,莫里亚加米,bilibili,2778044,195440,60ffd861-7f32-53d6-ad1a-914d7b454119,,,youtube:UChN7P9OhRltW3w9IesC92PA|twitter:morinaga_miu|userlocal:8179488BF9E1E528_8d0558
0,山椒阿露波Arpa,bilibili,1323227037,195245,2e0ed61c-64ba-55d5-b099-51ead29e4021,虚研社,d7af6703-ed00-53bf-aa46-0d5cf679925b,
0,伊莫可,bilibili,3546663811549900,194690,0ff44f48-c28e-512a-854f-196602ebab36,,,
0,rurudo,bilibili,3546393616582807,194603,5b4dba56-b157-5527-89b2-f17462a72321,,,twitter:rurudo_|youtubeat:rurudo_LION|pixiv:25760573|web:https://rurudot.net/
0,彼岸霜滢Eliro,bilibili,21374533,194348,9bb14c17-e771-5f4d-a441-904752c44278,,,
0,日寄郁,bilibili,1319038464,193997,b9deccd3-136a-5f49-b894-83e11a5c758a,,,
0,栗花澪コMIO,bilibili,84108910,193342,d34becb3-bc80-5a55-9695-ac23bda5160c,,,
0,呆呆不吃喵,bilibili,3493258189605288,192414,9c2b3227-1790-56fd-a016-6d93d614a6ff,,,
0,魔法少年电池er,bilibili,358085156,191431,fdfaac7d-8bd9-53e6-89ca-53bda9d7428f,,,
0,美波七海,bilibili,692283831,190794,709b2a11-738b-5d0b-bbfe-28d9a6e4b826,LiveCartoon,f2fd7bb2-a25a-597e-bf64-9bb35241fccb,web:https://www.37373v.com|twitter:37373v|youtube:UCrwJvtphcyux30pAgoX68jA|marshmallow:37373v
0,橙花hana,bilibili,625968363,190637,3d5ce27a-8f66-51e5-a2f7-ee11941db8f8,,,
0,柯暮卿,bilibili,9923775,189680,b55f8089-5baa-5b9a-979f-30101b8b4bb7,,,
0,Enna的天堂唱诗班,bilibili,489306359,189372,ace5cd6f-339f-5bb3-81e9-3079b131dbf1,,,
0,可妮Koni_Official,bilibili,1372936974,189340,5cdc44dc-bd8c-5f49-99b1-15b4ca4ab5d4,,,youtube:UCeFTC3xirwjAXjokhmY39zA|twitter:__konishisan|booth:konishikoni|web:https://lit.link/konishi|twitch:konishikoni
0,猫姫琥珀,bilibili,503801557,189223,7edb8f1a-49c9-518e-8b64-6d300665456f,,,
0,狸酱lino,bilibili,3461578707962799,189211,a993c3e6-c4bd-574f-b88c-4b40637e2d1e,,,
0,温斓Vanna,bilibili,3493275608549942,188710,d1b16d38-bd99-56ad-98a2-c9ab25420f1f,新月社FCrescent,26092163-9c52-505b-bd98-2d5aa9060dfd,
0,乌拉拉,bilibili,610390,187925,1af1bec5-4af2-5db7-8be4-43ec6d911ebe,,,
0,泠鸢yousa创作组官方号,bilibili,434021034,187444,200525d8-980c-56c8-818a-b6c3a864a14b,,,
0,污喵污喵哒,bilibili,8041302,187427,1ad8f24a-a79e-51a1-8ec7-acf925fcdb7a,,,
0,录音姬阿童木,bilibili,1595005,187334,1dc0ffa6-6fee-592f-8d0b-82072a3e87c6,,,
0,悠米_Yuumi,bilibili,698524795,187192,d770b0dc-e38f-5d82-bfa0-492f7c32db98,,,
0,酥壳Sarika,bilibili,44062985,186521,04c75dbd-ef6c-594a-9381-53b48cfca4dc,,,
0,橙子miu,bilibili,13089665,186017,a3b533a7-579b-5f06-a627-39e3814d33bb,,,
0,白雪みしろ,bilibili,405981431,185891,651e2079-a362-5fb1-affd-4c43e362eed4,NoriPro,5ca43bb4-d060-578e-a040-2d924bab8fb1,youtube:UCC0i9nECi4Gz7TU63xZwodg|twitter:mishiro_seiso|userlocal:36C118FF0193734D_b4d47b
0,Afaer-伊梦Eligo,bilibili,2086914019,184919,1acadf83-c27d-58f1-8d7f-eaf6f33536bd,Afaer-Official,ffa620a2-3058-5915-a452-7dc7b880f156,
0,尤格Yog,bilibili,690608709,184722,b8c1ce8f-a98e-540e-b8b2-0f8f48bff7b2,VirtuaReal,6a8d2bed-dc2e-5ce1-a3bd-e31317aa4e23,
0,しらたまOfficial,bilibili,1296113267,184660,5857f419-8376-5427-b1bb-445382e1b13b,,,
0,Afaer-林亚Raenia,bilibili,504822817,184529,5abce272-266e-57fd-9b29-327a1cbe1e6f,Afaer-Official,ffa620a2-3058-5915-a452-7dc7b880f156,
0,花满Official,bilibili,690804827,184084,85a5ebdf-19f8-5837-b7ed-f60cc268d622,Facemoe官方,621939ef-f164-5a7c-bd19-aadbe9679b01,
0,佩内洛珀·克莱因,bilibili,491979247,183490,786b9da4-d861-50d8-8066-648b2ee2a20c,V_G研究所,30f0a6c7-e49d-56b9-8dd9-60bf6539212b,popiask:kleinx6|163music:421029279
0,奇奇哟ovo,bilibili,3493292169759322,182924,177c4df8-4e29-5d94-8620-b6d98144c99a,,,
0,柚恩,bilibili,1795147802,182887,205abb22-40b6-5815-879d-d35266f4504c,EOE组合,d462a5cc-f3b6-54fc-9636-bbc3847c4291,
0,天气阿准official,bilibili,490981706,182871,fff9a311-9e83-5f40-bd34-67d7621271ea,,,
0,礼墨Sumi,bilibili,435243735,182710,d9ae6bb5-d6a1-5ea7-b7c4-922e80cd5135,P-SP,f076e35d-500d-57ba-9149-6caed8275768,
0,露早,bilibili,1669777785,182566,81528dfd-c32b-5316-bf23-da36657068ed,EOE组合,d462a5cc-f3b6-54fc-9636-bbc3847c4291,
0,茂Sigeru,bilibili,2064099563,182541,55c6d8c6-96b8-586f-ba8d-3b30f9ee6e5f,hOuOu_Project,3056975b-305b-54cd-b28c-0e005b612a5a,
0,Ya酱,bilibili,1377545740,182432,f6469a61-450b-5469-af98-9fa9ac73eb34,,,
0,白露_Hakuro,bilibili,1189811162,181941,d7505e34-cbbc-5d7c-83ff-53b088e1f7b2,极光社,9548b50d-dbb9-5b8e-9a4f-a86239ac14ca,
0,希亚娜Ciyana,bilibili,1926156228,180492,e70d9ebf-00c7-5a4a-be9a-cdb3181ab90d,,,
0,绒米Romi,bilibili,1738710719,180279,71ba5e97-047b-5dc7-a2d7-4e593739bb20,,,
0,莉姬,bilibili,387108043,179963,d2375626-6d19-55a4-bf1a-190fb24051c5,winks,73f553fe-bc06-5b12-be20-44b1190b6237,
0,尾巴Mezd,bilibili,3493295372110314,179880,d9db91e7-d1db-5f65-bf2f-75bef9c15f5f,,,
0,莉泽·赫露艾斯塔,bilibili,436596841,179833,4f361925-7483-59b8-a735-d792214d115d,NIJISANJI,5da64d9a-b5d2-5f3e-ae3c-35ec6aa42492,
0,幽灵子辰,bilibili,4763529,178057,3a61edd1-4a46-5635-82e3-1e8a5166fbf9,虚研社,d7af6703-ed00-53bf-aa46-0d5cf679925b,
0,魔狼咪莉娅,bilibili,1838190318,177298,b6bceb8b-3ca5-5813-ac2b-caf3148c3ecb,,,twitter:marou_miriya
0,宣小纸,bilibili,3461582034045213,175308,001d9e28-e4e1-5d09-901f-f1c2d5625b0e,,,
0,芝士小狼,bilibili,3493277313534134,175033,58f7316d-b28a-596c-b11b-799b3a299ae7,,,
0,米饼Misa,bilibili,1505256,173220,7f63fde0-88a3-544a-9dd2-f9e707a93bf8,,,
0,龙崎,bilibili,308459,172447,ae7aa76e-67b1-51d4-bd25-10b7cd830bac,Vi-D,faf257d3-81df-564d-b5ae-2d9fd694675c,
0,甜崽Babys,bilibili,557080920,171918,3005b4ae-3e8c-57fd-9ad6-2235105a7707,,,
0,星弥,bilibili,477342747,171103,62c83d95-25e8-516c-8a76-69886613b338,VirtuaReal,6a8d2bed-dc2e-5ce1-a3bd-e31317aa4e23,
0,恋乃夜舞字幕组,bilibili,1701495895,170387,0b705b3d-841f-5946-a1ed-a334c4b01954,propro production,6bb97c04-f7a2-5d92-8ec3-bb97262dbe47,
0,黑無象,bilibili,310941,170068,9cb8245a-080d-5624-92d1-c1694050e9df,,,
0,里奈Rina,bilibili,7591465,169436,c5e6c291-7714-5b0a-a93d-fa3ed8e6e640,,,
0,晴奈子_Senako,bilibili,1217962385,168753,54c0ad14-2f1b-50a2-9af5-33a9e615cb50,,,
0,Minicatty,bilibili,423902976,168073,1e057379-6318-5d2d-a15e-cb1f6ab5ac2b,,,
0,唐虎虎_忘川主播,bilibili,1934290510,167980,b0b93428-e4c9-5826-b862-01a3e56b25f6,,,
0,一支橘猫,bilibili,4365978,167685,e09307f9-909e-536e-a144-491fd2e1ab1c,,,
0,月之美兔,bilibili,109891,167031,ce4b7f3f-98fe-505d-8ffd-07a2417da4a1,NIJISANJI,5da64d9a-b5d2-5f3e-ae3c-35ec6aa42492,youtube:UCD-miitqNY3nyukJ4Fnf4_A|twitter:MitoTsukino|userlocal:C898E8B881277C0F_04c1b7
0,Sawako碎花子,bilibili,477007,167015,38138d49-cf3d-532e-80f2-569373ec0b5c,,,
0,Yomemi,bilibili,292044559,166571,a9ebf698-1afc-5608-aa0f-8e8480a0a995,エイレーン一家,2773e11c-0c30-55f6-93b5-042687c64d38,youtube:UCy5lOmEQoivK5XK7QCaRKug|twitter:APP_Yomemi|userlocal:76779A79FB961C6F_09fd5f
0,括号笑叔,bilibili,1749046,166064,b460cd2a-8871-52e4-ad0e-1a6ef681b5eb,,,
0,理芽,bilibili,489046950,165931,f4e2429a-b8b9-5b3a-a00d-a434ab3fcae4,神椿工作室,8e11a33b-c9e1-574f-8300-c8e5aa050010,youtube:UCfBkUgaJ6eqYA9_TX2cmq9A|twitter:RIM_virtual
0,夜雨,bilibili,109564538,165019,ea1c6450-200c-5826-b062-103c43feba6a,,,
0,多多poi二创组,bilibili,534963525,165016,09b7e328-e72a-521e-9407-8bba91eb7d78,,,
0,伊达洌子,bilibili,12325184,164725,a402bc5a-3723-51f3-933b-e90f0d895cd6,,,
0,弥饭MIF,bilibili,3494350206012317,164701,33fc84f0-9f36-5fe6-93ee-fad081bf4896,Mo-o_Project,744d21de-42cf-506d-b495-c538ccd2566e,
0,Nu神占领宇宙喵,bilibili,3493114262063246,164638,d3e0e84a-bcd4-558f-85d9-4530ffd5d80a,,,
0,诺莺Nox,bilibili,529249,163368,69a5e332-bd94-506f-9327-0650def39047,VirtuaReal,6a8d2bed-dc2e-5ce1-a3bd-e31317aa4e23,
0,时乃空,bilibili,286179206,163340,a9bfdccb-3d13-5eb7-9a42-c75753dc84a9,Hololive,40e82f4e-40d8-539c-87c8-ed17c6ea519f,youtube:UCp6993wxpyDPHUpavwDFqgg|twitter:tokino_sora|userlocal:6192AB0775AB99D8_500450|jvcmusic:A026407
0,易枕枕,bilibili,20622349,162862,c13c78b9-992c-5aa0-ac84-6fec1233264f,,,
0,猫芒ベル,bilibili,487550002,161115,d823b874-9c50-5e25-9247-050fa7a527b1,ViViD,e0c583c9-7625-53bd-84c1-5cca0c419a7b,youtube:UCflNPJUJ4VQh1hGDNK7bsFg|twitter:Bell_Nekonogi|userlocal:FD9EFDF0FF094A1E_34c55f|pixiv:34316241
0,椎名唯华,bilibili,403927583,160795,6f70ab39-34d8-5785-8252-2b1ba0b344d6,NIJISANJI,5da64d9a-b5d2-5f3e-ae3c-35ec6aa42492,youtube:UC_4tXjqecqox5Uc05ncxpxg|twitter:yuika_siina|userlocal:0068D2EDC5974750_15cbb8
0,萨比萌Sabimon,bilibili,1950604344,159959,ae075a0b-765f-59e6-8b75-a17f529ca500,,,
0,木几萌Moe,bilibili,439438614,158785,740250bd-fd73-5bb0-b808-33f97576931a,,,
0,莉莉莉莉尔,bilibili,2473680,158181,640b7e54-4f38-533c-8ad3-0f380d013581,,,
0,露米,bilibili,2000609327,157926,933ab062-051d-5012-bebe-c1311c14e34b,完美世界电竞TWINKLE.STAR,1679b857-5f7b-5e8d-916c-9d8679c5c4ca,
0,鹿卡上学不迟到,bilibili,1550656130,157746,1cd1a2ba-5d0c-554e-b09a-db82b87591f2,hOuOu_Project,3056975b-305b-54cd-b28c-0e005b612a5a,
0,思诺,bilibili,3537115310721781,157545,562ce147-fd91-54bb-b40d-9365de4e3c03,枝江娱乐,f17df53f-9d5e-576b-8b10-0d67ba3888e5,
0,V子Official,bilibili,670241936,156943,3daa182e-7cb0-5fc7-bf6b-3a3a5ebac949,,,
0,紫贝儿official,bilibili,632171719,156886,81668883-efd0-585d-9d1b-585337efa1b8,,,
0,天选姬,bilibili,703405,156300,c46ca8f9-3c34-5126-8ec8-74a81a36f493,,,
0,戌神沁音,bilibili,412135619,156267,01aa8469-8af1-56e9-97e3-ea19d15b7147,Hololive,40e82f4e-40d8-539c-87c8-ed17c6ea519f,youtube:UChAnqc_AY5_I3Px5dig3X1Q|twitter:inugamikorone|userlocal:C53F478C4DA57792_1a27db
0,芙姆米,bilibili,3546614652209776,156226,5cc0b4fb-8278-5f35-b282-e3c532aec6bc,,,
0,水龍敬_Official,bilibili,124025181,156189,00c2188b-2da1-5ded-a6ce-1f22c3cbd416,,,youtube:UCf3m_P52kO3rfN31AKwbaqQ
0,躲在天台的猫猫,bilibili,57086,155986,1b872711-d897-59ea-ba0f-c9f833de740c,,,
0,飞鸟穹,bilibili,3493135286012349,154715,023b12b8-e5c1-5e57-b86d-7ba6b9ba4372,,,
0,科尔Channel,bilibili,521950190,154598,b4fa0c41-e5e3-5728-b3d1-50b3b47191ba,,,
0,顾德正,bilibili,2117027592,154054,30b4f991-759e-5e05-97c7-a852e21dd9a3,,,
0,Alban_Official,bilibili,1113185260,154033,651ee5ea-1153-51c8-83f2-15a64f395621,,,
0,七七_nana酱,bilibili,3546849235438152,153873,9a6b7f66-b228-5a5e-b7fb-34e6f1737e28,,,
0,PochiKorone,bilibili,300312007,152859,88be70b5-1ed6-5af6-bda5-8f7752eafd06,,,
0,吉诺儿kino,bilibili,1383815813,152858,e88756f7-50f5-5194-8bf4-9d8010877f04,,,
0,绿川千代,bilibili,1786813,152753,8eb7717e-aeae-575d-b2af-04f9c38a298d,,,
0,昼歌里Hiru_u,bilibili,3494380161730626,151974,02e5373f-eafc-5aa5-872b-277002105725,虚研社,d7af6703-ed00-53bf-aa46-0d5cf679925b,
0,飞鸟尤卡里Official,bilibili,1828506816,151759,eca4d1e6-b9f7-5f96-95d5-65b4b885811e,,,
0,雾白AuraMisty,bilibili,3493279926585673,151343,b60e8d07-9da8-5c87-8cf5-c54618802269,,,
0,星海玲奈,bilibili,35231887,151327,53caef9b-71d9-51e3-929f-1a92cadb4c7b,,,
0,晨悠光,bilibili,2140412037,150857,5d5afc4e-68c2-58ff-bf08-153978f431e0,,,
0,安柏琳,bilibili,495061433,150613,40c987e5-6310-5875-8380-f3e99849d740,VOISLIVE,94d69d93-5a13-5b53-950d-e037dc339d7c,
0,莎布Shub,bilibili,21995982,149849,27cb00e8-8aef-5de3-9617-1c2cabed224e,,,
0,渡恩Dawn,bilibili,1262439284,149149,1c884695-6bf9-53e4-aaac-89ad7e47ccd5,虚研社,d7af6703-ed00-53bf-aa46-0d5cf679925b,
0,陽向ここみ,bilibili,492862,149138,b4cc282f-f397-5efc-903e-fa26b5043619,,,youtube:UCU0zun8U7X-d45G0xt4KsiQ|twitter:cocomi_hinata
0,樱巫女,bilibili,366690056,148724,3062d111-e8cb-578f-95b2-8564eae91503,Hololive,40e82f4e-40d8-539c-87c8-ed17c6ea519f,twitter:sakuramiko35|youtube:UC-hM6YJuNYVAmUWxeIr9FeA
0,绫濑光_Official,bilibili,6747203,148610,5dc5684f-e3ca-5f02-8134-a47b44f499e9,,,
0,静凛,bilibili,403921378,148215,c1dd297e-49e8-568e-971f-0ba0f2b3ae6e,NIJISANJI,5da64d9a-b5d2-5f3e-ae3c-35ec6aa42492,youtube:UC6oDys1BGgBsIC3WhG1BovQ|twitter:ShizuRin23|userlocal:29CEC3EFA6105249_343a05
0,海娅,bilibili,3546563678833475,147825,0103ad51-55dc-5461-8fd5-6b948309be19,幻想社Fantas1A,5074200f-7ef8-5480-920e-6c21f74cedd6,
0,弥希,bilibili,477317922,147528,95eb3c99-03b7-51a2-bd8b-7ae74ab215d9,VirtuaReal,6a8d2bed-dc2e-5ce1-a3bd-e31317aa4e23,
0,甘井羽衣,bilibili,1625693678,146936,8fdbf881-9ecf-5f33-9eda-81f2fb2544ff,,,twitter:ui_amai|youtubeat:amaiui
0,Shylily,bilibili,3546699041605816,146872,bc58171a-ebb8-5fcf-8407-5549e89c63db,,,
0,心宜,bilibili,3537115310721181,146281,6a7e8c2c-e4ab-516e-b0fd-f00163be4675,枝江娱乐,f17df53f-9d5e-576b-8b10-0d67ba3888e5,
0,filian_菲莲,bilibili,3546699035315021,146224,fad97b7a-2832-542d-8c42-f5d290f899d6,,,
0,安洁·卡特莉娜,bilibili,458154143,146057,1454c5b1-8a79-51ff-8209-1af3ecb81482,NIJISANJI,5da64d9a-b5d2-5f3e-ae3c-35ec6aa42492,youtube:UCHVXbQzkl3rDfsXWo8xi2qw|twitter:Ange_Katrina_|userlocal:0C8CB4DC6306C469_ba69b8
0,物理魔法使哈娜酱,bilibili,3009298,146018,d1783e8a-a70f-5161-b750-252ed82acee1,,,
0,画外灯official,bilibili,698168210,145991,1674fa54-caea-51fd-9a33-18396fa4f2ec,,,
0,绿仙,bilibili,403930401,145958,668ebdea-f3ff-56bd-baa6-6d1dac93f5bc,NIJISANJI,5da64d9a-b5d2-5f3e-ae3c-35ec6aa42492,youtube:UCt5-0i4AVHXaWJrL8Wql3mw|twitter:midori_2434|userlocal:F65B86BA445754D1_9a3941
0,龙胆尊,bilibili,434564604,145912,eeda3fb0-7414-5553-a365-5e2af25f799b,NIJISANJI,5da64d9a-b5d2-5f3e-ae3c-35ec6aa42492,youtube:UCPvGypSgfDkVe7JG2KygK7A|twitter:RindouMikoto|userlocal:D8261240C6B7245E_3a71f2
0,sunyeojin,bilibili,1869304,145621,d4ed1eb7-1f0c-5c45-aae9-1ae4f8cc9ac1,,,youtube:UCGZz3jSTHO8VP17BZ6MeitQ|twitter:HlME_SUN|twitch:hime_sun
0,修ShowTime-Egous,bilibili,3546793340046096,145264,21ce13f9-230a-5e5c-9e12-48895d2d031a,,,
0,千奈Miko,bilibili,398629298,144989,b1a03866-b1eb-5d1a-9b37-7816232acb8f,,,
0,Laine_official,bilibili,668479385,144726,a4fe531e-315a-5a06-b2f1-1887c7b3327a,,,
0,中中中Chun,bilibili,306079807,144374,32dc95fc-b3d7-56f8-86d5-afca1ac02b81,,,
0,江壹纯,bilibili,324884920,144109,a786baa0-0eba-51da-9f5b-811d0ed83052,,,
0,天音彼方,bilibili,491474048,144082,862c8fad-2290-56be-8253-ec370e7ac901,Hololive,40e82f4e-40d8-539c-87c8-ed17c6ea519f,youtube:UCZlDXzGoo7d44bwdNObFacg|twitter:amanekanatach
0,软萌布丁酱,bilibili,1422451239,143979,28fb9461-388a-5434-aa02-ccff0a5868bc,,,
0,白粥nina,bilibili,3493284211067530,143969,f4051bec-4f5f-5620-837f-745a13ac9bc1,,,
0,帕莎Pasha,bilibili,1633779879,143941,220060b2-e53d-51fb-89f7-8821fe4bb5e5,,,
0,酸柚粥sayo,bilibili,627432065,143235,9a0a8e29-25b0-5a71-9729-28c02894f8ca,,,
0,黑桃影,bilibili,456368455,143063,c5cb7aaf-5211-5be2-b310-5d481248a1e8,,,twitter:SpadeEcho|marshmallow:spadeecho
0,悅音幻絲,bilibili,19366645,143033,4c139a39-59fd-5f4d-8bce-2d4f572c6721,,,
0,鹰宫莉音,bilibili,436596840,142773,38570076-9f40-57ee-877d-43cc1c326571,NIJISANJI,5da64d9a-b5d2-5f3e-ae3c-35ec6aa42492,youtube:UCV5ZZlLjk5MKGg3L0n0vbzw|twitter:TakamiyaRion|userlocal:8BF8FB5C0278D281_9a3745
0,Uki的捕星网,bilibili,2129870539,142375,13577fba-0430-5d9e-84fd-827f24dd828b,NIJISANJI EN,745fdb2e-e624-5852-804f-7493f9b4f56b,
0,大神澪,bilibili,389862071,142033,4e909e93-d09e-5ce5-be93-73a07dc85b26,Hololive,40e82f4e-40d8-539c-87c8-ed17c6ea519f,youtube:UCp-5t9SrOQwXMU7iIjQfARg|twitter:ookamimio|userlocal:B4A1E72A0D2BA9FE_e737b5
0,結城さくな的洋葱港,bilibili,10217431,141418,574f76da-adaa-5419-93f4-72dcbe2d3c39,,,
0,雪桃子Official,bilibili,451793,141341,d68253d8-539c-5621-b28b-fdeca7b65889,,,
0,玩具喵,bilibili,296496909,141049,38e7d474-ac58-516d-88f1-de6fd7b04f03,,,
0,花雨春绘,bilibili,1657906522,140711,80f09bf1-53ea-5845-8b83-1345b42084aa,极光社,9548b50d-dbb9-5b8e-9a4f-a86239ac14ca,
0,筱魈,bilibili,4690327,140100,98cb6007-4357-5b9c-b3f1-5685fa10712d,超电VUP,0720e97e-ca7a-55b7-9944-94d2e090dcd2,
0,猫屋敷梨梨Official,bilibili,26087398,139968,ec52c249-fcbd-50b4-89c1-b4926d225d02,,,
0,暮月Medus,bilibili,475656353,139679,4e3af5f7-24d1-5ac7-a833-4232a413c935,虚研社,d7af6703-ed00-53bf-aa46-0d5cf679925b,
0,洛澜Aurelia,bilibili,1560400081,139578,5df1cb60-e09a-56ef-b45a-c22b42ef8fba,多维变奏MDV,507b983e-c810-542e-b686-87f514722181,
0,雷柏磷ボリン,bilibili,509050400,138314,d67d38ef-9233-5a3b-8846-aec1f92e20f0,,,
0,墨喵星突突母舰Official,bilibili,845921,138261,93b955c3-3112-5184-9ef5-a5377ac27d99,,,
0,牧牧白miiu,bilibili,592150173,137849,e14b1084-6595-5c55-b184-85686a038640,,,
0,轴伊Joi,bilibili,61639371,137619,73ff60c1-1b17-5ee5-9663-42d9136f713f,VirtuaReal,6a8d2bed-dc2e-5ce1-a3bd-e31317aa4e23,weibo:6880809286
0,紫咲诗音,bilibili,389857640,137196,49cdf834-7922-5cdd-b02a-feeafd06f42e,Hololive,40e82f4e-40d8-539c-87c8-ed17c6ea519f,youtube:UCXTpFs_3PqI41qX2d9tL2Rw|twitter:murasakishionch|userlocal:16C333A50D34A929_0dcb05
0,莱恩Leo,bilibili,1116072703,136824,8e796716-ecd5-58c5-8d7e-ced8b43d1319,VirtuaReal,6a8d2bed-dc2e-5ce1-a3bd-e31317aa4e23,
0,可波・卡娜埃露,bilibili,3546694188796294,136774,e5ae568b-0bc9-548f-9455-4dba1d75114a,Hololive ID (印尼分部),0c089df5-5af9-50fd-94ea-b469b6847d0f,
0,小芙ProMax,bilibili,3706926166706979,136672,c6fe0652-6a49-5b12-99f9-48d0436acd10,,,
0,海童亚奈子,bilibili,1116286149,136552,5c61e3ea-9eeb-5c54-a210-b5f5155e4ad9,propro production,6bb97c04-f7a2-5d92-8ec3-bb97262dbe47,twitter:kaidouanone|youtube:UCCWf-ulPCiuMr5MtULCyKbw|other:https://fanicon.net/fancommunities/4410
0,雨街F,bilibili,118754720,136439,0e3becb6-a543-5947-ace0-0b8193e563f2,,,youtube:UC8vIn3wtY1k45BJzMf_sULw
0,费尔南,bilibili,677736203,136400,8224760c-229c-5cbb-9041-eeab95f535a5,,,
0,绫加奥娜,bilibili,617737,136291,69a77d5e-b103-55e5-aff9-e4385a6f3c9c,,,
0,克蕾雅,bilibili,477780496,136068,8bd394a4-feba-5bd4-a8f4-e2b6489a5e7c,NIJISANJI,5da64d9a-b5d2-5f3e-ae3c-35ec6aa42492,youtube:UC1zFJrfEKvCixhsjNSb1toQ|twitter:SisterCleaire|userlocal:1B7358C220332787_6a0fe3
0,黑桃洛洛Ace,bilibili,3546799256111758,135747,c1d531cc-96d9-5d87-855a-873f649f18fc,,,
0,雾深Girimi,bilibili,1484169431,135467,d0c71938-988c-5b6b-811e-32bc224dc0dd,VirtuaReal,6a8d2bed-dc2e-5ce1-a3bd-e31317aa4e23,
0,戌亥床,bilibili,458154142,134914,6fcd0139-d96f-5330-8415-c76a682ba5ad,NIJISANJI,5da64d9a-b5d2-5f3e-ae3c-35ec6aa42492,youtube:UCXRlIK3Cw_TJIQC5kSJJQMg|twitter:inui_toko|userlocal:8EBE951FBD143F0D_b8ec5b
0,小东人魚,bilibili,441382432,134644,f6cc1964-9459-569c-b81b-36d1d053a355,花寄女子寮,e2d2dfda-6dcc-54b4-b213-2b7db8b04a93,youtube:UCV2m2UifDGr3ebjSnDv5rUA|twitter:kohigashihitona
0,业龙YeeRon,bilibili,11640520,134380,c9d4eb13-1e2f-5e09-bc40-c6d2eb0a4870,,,
0,_BLZ_,bilibili,2255628,134022,566a6636-e88f-5184-b696-751e6f0a69a5,英灵殿ValhallaClub,9149cba3-59e7-5dfe-84a4-4a8d3280de91,
0,云崎早_haya,bilibili,3493074573461871,134002,b2f2ad85-51fa-588e-922b-52cf4c5e6622,,,
0,零太,bilibili,334299,133898,dc940c11-6b20-5630-9f52-dc38b28110fa,,,
0,奶茶姬,bilibili,130209,133897,69277de6-0090-5252-b4c2-f29893348076,,,
0,米露可,bilibili,327711614,133857,045e48b5-5279-5668-90f2-acc26573c100,,,
0,癒月巧可,bilibili,389858754,133735,ba6ce86e-4215-5896-84c6-0b6da7157b4c,Hololive,40e82f4e-40d8-539c-87c8-ed17c6ea519f,youtube:UC1suqwovbL1kzsoaZgFZLKg|twitter:yuzukichococh|userlocal:CD7EC83A9D0CD5BF_c43237
0,Bane_Kukulcan,bilibili,1361858997,133027,ab3fbf28-cbfe-559a-9648-c017b18804e2,,,
0,秋凛子,bilibili,479633069,132841,eed6d56b-ae42-51eb-8031-dc84ad18b57b,P-SP,f076e35d-500d-57ba-9149-6caed8275768,
0,宇佐紀ノノ_usagi,bilibili,313248263,132821,5de82621-3b4f-5035-b635-d86022b4b082,,,
0,皮皮_channel,bilibili,1509277801,132430,471f6ec8-3447-5944-83e9-87d8bd29d927,,,
0,十字架与三棱锥,bilibili,1491996,131400,80817305-835e-57ce-b163-b68506471b21,,,
0,烤鱼子Official,bilibili,592507317,131278,84107988-319d-57cc-8392-93bf26b8e5b4,,,
0,小丸Official,bilibili,15097846,131079,af651242-fcd1-5d7a-a0bb-05a8c0283195,,,
0,UntitledChan_,bilibili,3493289850308888,130632,cc25b886-1b7f-5919-90db-e7c9a080c79a,,,
0,皮卡少个丘w,bilibili,180035670,130607,0d4ae12d-937d-599d-9cf2-7b535be13087,,,
0,安魂殿里的R93,bilibili,97439580,129576,40e5c1e1-ab21-52f5-b0b2-ba58a96c7031,鸽鹉live,ac61354d-1b1c-5be1-80e1-b996ea336754,
0,茉宁Yukina,bilibili,4868003,129519,b592aea7-f110-5580-be5d-5a13c720e693,,,
0,流浪小满,bilibili,3493293266570035,129487,3f549006-e585-5191-8a49-d2f3c5fa146b,虚研社,d7af6703-ed00-53bf-aa46-0d5cf679925b,
0,猫又小粥,bilibili,412135222,128713,54c3a6a5-a966-5453-9fdd-6298580fde6d,Hololive,40e82f4e-40d8-539c-87c8-ed17c6ea519f,youtube:UCvaTdHTWBGv3MKj3KVqJVCw|twitter:nekomataokayu|userlocal:2B74D8711F6BEC97_fc9c73
0,樱桃软喵cherry,bilibili,1480042951,128682,3d69dedc-48ef-526f-b896-d6a277138ed5,,,
0,果汁erR,bilibili,25032753,128646,069b2d87-1c48-585b-b406-1755f6f7712e,Croven教团,af7d8e20-2164-5373-a4b1-9a31c085fb7b,
0,Alban的24h便利店,bilibili,1412872951,128281,4e319074-0fa4-51b7-8e47-79cd4809ce1d,,,
0,白银诺艾尔,bilibili,454733056,128077,e23593fe-cc56-5ab7-8d60-b7916a232647,Hololive,40e82f4e-40d8-539c-87c8-ed17c6ea519f,youtube:UCdyqAaZDKHXg4Ahi7VENThQ|twitter:shiroganenoel
0,泽音Melody,bilibili,1203217682,127970,6935e1ba-574a-54ef-8242-609c135b8036,VirtuaReal,6a8d2bed-dc2e-5ce1-a3bd-e31317aa4e23,
0,加賀美ハヤト,bilibili,666726795,127838,0e599392-7cb5-5de3-b9d3-893892711380,NIJISANJI,5da64d9a-b5d2-5f3e-ae3c-35ec6aa42492,youtube:UCmovZ2th3Sqpd00F5RdeigQ|twitter:H_KAGAMI2434
0,角卷绵芽,bilibili,491474050,127785,3d11830c-638c-57a8-9940-9fdd74317f79,Hololive,40e82f4e-40d8-539c-87c8-ed17c6ea519f,youtube:UCqm3BQLlJfvkTsX_hvm0UmA|twitter:tsunomakiwatame
0,瑞狩是只喵,bilibili,8381620,127427,c8d749ea-9459-5dca-ab55-6d9ab5fa0a58,,,
0,h46,bilibili,678612,126897,47728a80-f3db-5cd3-aa2e-a2b3d2ee9d00,,,
0,咲间妮娜Official,bilibili,573930836,126843,771969d3-b61d-561d-a119-de179514577e,Providence,412f3e13-0742-53c3-80e4-a0ea111657d9,
0,Tadasuto-塔哒,bilibili,1996131,126784,e0508e19-1bfa-567e-b842-792b532b656c,,,
0,宫赫音,bilibili,2109291877,126523,68713df1-3cb1-510d-8915-5e4733d9ffda,Neo Hertz,81d136a4-1fc0-590e-a041-fe5afffc7873,
0,齐格鲁_Official,bilibili,1141334416,126461,a9393829-8b4d-53e8-ad81-83f9786a464f,,,
0,神圣的楼兰我,bilibili,440555,125975,6578fbc7-0192-5cfd-a0ca-98a9cc28f75e,,,
0,梭梭树,bilibili,8163245,125972,b1d016b8-228a-5f8e-8881-ab6b9fe3e860,,,
0,压刹channel,bilibili,597701,125733,04f060a9-aa0c-5b0b-afee-b5375897d762,,,
0,Sonny_Official,bilibili,1278419509,125455,715c703b-5b4c-54a2-9131-2e1f443e0754,,,
0,喵田Miya,bilibili,846180,125010,40b74055-bd4f-55b3-9f12-5d3243b6e002,Providence,412f3e13-0742-53c3-80e4-a0ea111657d9,
0,忧特若丝_Uterus,bilibili,323905978,124726,083d6817-30a7-5c8b-812d-04d5e13d0a29,,,
0,怪盗黛蔻_Deko,bilibili,3546894189988049,124581,128761fb-809f-5446-a133-d0a293d562b7,,,
0,Oumi欧乌米,bilibili,579861015,123936,9e0e8a7e-3cbf-5799-9b2a-4d338c707b87,,,
0,库卡kuki,bilibili,3546955458283799,123120,afaa9f21-f72e-589e-aeb5-289b9ec87535,,,
0,安心爱AnnChannel,bilibili,37786223,122902,b3971045-c3fe-56a9-9a2b-833cdca7126d,多维变奏MDV,507b983e-c810-542e-b686-87f514722181,
0,明透 -ᴀsᴜ -,bilibili,1634470651,122840,6176cee4-7ec7-5420-aeea-77c6945da071,,,
0,朝仓鱼块AsakuraYukai,bilibili,605942,122767,8122befe-cc86-5703-86a8-7747fc89e936,,,
0,蝶蝶Hikari,bilibili,697737710,122235,31f7cc01-b423-5189-9145-dc18f0f36c89,,,
0,法里达,bilibili,23263470,122134,977605dd-d986-5317-86ef-1c1cffa357e2,,,
0,菲莉丝_Phyllis,bilibili,1244296084,121732,eea8d13f-3f26-51b7-b5be-4b27181b5e9e,星云社_CosmicNebula,f8f7fa68-d6d4-594c-9c15-1741944d304d,
0,撒莉雅Saliya,bilibili,3546643722931172,121515,4fe433dd-41e2-5e0c-b5b2-72046c9471bd,,,
0,卡农,bilibili,835644,121510,87ee0a34-e937-5f5f-97df-83e62df679d0,,,163music:289017914|other:https://music.163.com/#/artist?id=60345495
0,白雪葵Channel,bilibili,1087725318,121497,03bc9fd4-5df3-5776-a16c-ee294d26c62b,,,
0,左恕_Orzel,bilibili,1682065895,121327,51e485cd-d49d-53cb-adf9-e4c2a833156a,,,
0,八鏡ミラ,bilibili,3493265848404922,121080,a358af27-0193-5729-9010-3a96377ed7b3,,,
0,Sonny的VSF分队,bilibili,1359534346,121068,6e357054-b563-5170-8245-c09a82845956,NIJISANJI EN,745fdb2e-e624-5852-804f-7493f9b4f56b,
0,なぃとめあASMR-幽灵妹-,bilibili,3690998473427815,120957,43d21180-e389-5239-9e79-ee03f2baa55a,,,
0,小茶籽酷酷哒,bilibili,3546373068687557,120545,0a7852b3-6caa-50d7-aee2-0a4a46d12e6c,,,
0,千郁郁sen,bilibili,3546695956695430,120461,3054afa0-2a5e-5103-a15a-a3a05a4144f0,卟啵电竞,d21eef30-ea61-5631-95ac-db4992368013,
0,仓鼠天小莫Teeemo,bilibili,452075137,120253,dbc04836-1970-59c1-8226-59ace9c9caf2,,,
0,蛙吹Keroro,bilibili,613345189,120236,b2dbe6ea-1fc4-5254-afa2-f448824cd888,Providence,412f3e13-0742-53c3-80e4-a0ea111657d9,
0,易遥Hayes,bilibili,1369052,120155,d4448f31-0e73-5ff7-8e13-f76fda4441fa,,,
0,Kanna康娜,bilibili,345819190,119700,cd34ab55-ace9-5b37-abfc-c8b0d1912982,,,
0,胖皮丁,bilibili,36970333,119495,75f091d4-f06c-5080-8227-c57feefb74d6,,,
0,未来明,bilibili,238537745,118909,35e48da1-ce7f-544b-a4a6-45bf312b0190,ENTUM,5e4172d0-2dbe-5744-aa12-aeaee8c0b3d6,twitter:miraiakari_prj|youtube:UCMYtONm441rBogWK_xPH9HA
0,朵一酱Duoyi,bilibili,628941292,118486,5be69f30-0546-5d08-bb80-7aef22a6feab,,,
0,NoWorld,bilibili,434662713,117458,e1dc600f-a5db-5660-a91d-ba626974d1ce,,,youtube:UC-3piUPtXhIu-KAdEs7fT8A|booth:no-world|twitter:No_iR88|twitter:ayame_shirakura|twitter:hn_kiri39|twitter:haizumi_kuma
0,梦珑拌饭,bilibili,1849006220,116821,4d2a6b94-a4b4-5929-9cdf-ebd0dff04a08,,,
0,黛尔菲娜_Delphine,bilibili,3494369332038563,116730,2e1c5ca7-cd40-5027-9441-232f935221ce,,,
0,魔芋芋芋MAEMO,bilibili,207211376,116711,54a38c1b-417b-56ef-a95d-e09361db8428,,,
0,小伞一把,bilibili,1740548,116692,52cde1da-baa8-51e2-8f52-cd7daaec1d96,,,
0,芙老大kawa,bilibili,31807853,116663,dc5a5e6c-17e6-55b4-947d-3db46b723724,,,
0,绮夜星雨,bilibili,3690999912073712,116249,719caeea-7362-544d-b22d-f647bdaf6402,,,
0,奥菲Orpheus,bilibili,3546757824777191,116179,18b8a394-bbdd-54b8-b60a-653063b4d22d,,,
0,中单光一,bilibili,434401868,116160,04a24c83-34ca-5999-8ed9-eb30ce708b7d,VirtuaReal,6a8d2bed-dc2e-5ce1-a3bd-e31317aa4e23,
0,米诺,bilibili,1778026586,116107,c6ce8b7d-aa8c-5f97-b0b6-074b4c24c19e,EOE组合,d462a5cc-f3b6-54fc-9636-bbc3847c4291,
0,臧贺Lunmta,bilibili,36397742,116006,fb55afe9-9328-5250-9635-abfd1b6c0381,,,
0,嗷金宝,bilibili,614428140,115999,f5881b2b-a1e8-5b22-819f-6b8bcdac8e5e,,,
0,魔王酱,bilibili,163917943,115753,f16b0d17-d8d0-5209-a5b8-74e3d00cc8d6,,,
0,柊真华Official,bilibili,13908542,115508,d61d9da8-b763-560a-82e8-6536f4f4bc24,Providence,412f3e13-0742-53c3-80e4-a0ea111657d9,
0,北柚香Yuka,bilibili,480248442,115493,1135d127-9bdf-5daf-a304-6c77119f198d,P-SP,f076e35d-500d-57ba-9149-6caed8275768,
0,恩缇_Nte,bilibili,1699339194,115400,3e019b3a-acd7-562f-b8b1-9fb382ef60ef,,,
0,早见咲,bilibili,541696090,115177,f2a6d0eb-7a52-5024-abc0-7356385b7f0d,,,
0,Vivian,bilibili,1433840,114955,e38c4188-75fd-5b13-8ec7-abf065703ecf,,,
0,人间蜜药,bilibili,12450452,114554,d2f49b61-cdff-53ac-89f3-85e0acfcb5f5,,,
0,_黑羽翎_,bilibili,3546696910899214,114307,158a4b8c-0c06-580c-8135-77f6e9a6decb,猫邮社,fb7977c3-8198-5021-a136-3c8de14290f7,
0,希薇娅,bilibili,354411419,114137,a5e154c8-6ba0-5d0d-b387-4069c4fce216,,,marshmallow:civia_hololive|twitter:_Civia|youtube:UCgNVXGlZIFK96XdEY20sVjg
0,帕夏hypatia,bilibili,3493139490802156,113835,82fcd2a5-e644-5be4-adc9-60c2bd6a238d,,,
0,薇恩Vain,bilibili,3493091359066160,113626,f76bef05-0846-5e30-8031-1f883ed453fb,,,
0,海伊,bilibili,277698869,113383,851a68b4-b906-51f7-ba0d-33bc06e028a1,,,
0,罗菈Rola,bilibili,2052064438,113103,6e049226-a869-5b97-a082-87bc6a5fb322,,,
0,咩七柒Miee,bilibili,8024660,112129,711523cb-edff-5cc2-bede-064ec8592799,,,
0,伊南娜Ishtar,bilibili,82044006,112043,652a4e95-12a3-526b-86fb-0bdfd7a5ee69,淬蜂计划（北立交桥）,b30df939-d5cd-5c9d-a6a1-ec905b14e77d,
0,昙露拾珠Channel,bilibili,297340,111593,b5623b32-5a63-55e7-ae03-aa2e9be509e6,,,
0,神奈希,bilibili,157330863,111579,7c36e5fb-b1ef-5ec3-b681-202cadeee76b,LBG,db0ee4df-8826-507c-8cd4-dbe478f0c0a8,
0,甲斐田晴的魔物研究所,bilibili,543529510,111470,44725dde-2322-5fdf-999e-44970cc79ee5,,,
0,团小哈,bilibili,686241472,111357,63ee16e6-09f8-5bd1-bead-90fe945dc071,EroS,ef62fd18-c22b-5457-9453-48819f385b8f,
0,Zoe_舟一,bilibili,688275304,110860,518f94f9-2a7a-55bc-bc0e-bca106e30877,魂喵Official,0a2ecd85-eecd-5968-9d03-77649d1844a8,
0,佐仓•M•沙耶加,bilibili,72960,110842,41f96c56-5424-5f2b-a690-c4aa579f3db7,,,
0,Maria的玩具后宫,bilibili,13743308,110788,5ca6fd48-788e-5878-abe7-0d8f6ee27651,,,
0,卡古娅,bilibili,2095352140,110325,af1ba7db-416c-54ad-a7a9-7c54f8932be7,,,
0,koroma_Official,bilibili,3546657912260888,110103,3d215dcc-747b-55da-a9a6-0a082a7a7976,,,
0,萌音の宝宝,bilibili,57119113,109757,0a6bd8bb-14be-5ac4-8e63-a4e0e16c4979,,,
0,苺病,bilibili,521287997,109565,d8b86b10-9a13-565d-bf64-bf17443ba253,MarbleCreators,e7c5c642-480d-5f15-81a4-66cefd3975e0,
0,钟晴要变强,bilibili,3461566332668663,109515,7484a36d-a676-5825-bc91-72e9819ef6fa,,,
0,黎酩_Lunette,bilibili,1518468126,109371,50c01156-b766-53ab-9953-3eb1c1b66e1d,星云社_CosmicNebula,f8f7fa68-d6d4-594c-9c15-1741944d304d,
0,悠亚,bilibili,666726799,109282,ee79095c-edc7-5546-b309-d9e9af46355b,VirtuaReal,6a8d2bed-dc2e-5ce1-a3bd-e31317aa4e23,
0,织田信姬,bilibili,80387576,108997,7e649075-62e4-5c01-93c3-5b6a78318937,upd8,62b750ab-e71a-59cc-b6fe-71a2debb5598,youtube:UCGcD5iUDG8xiywZeeDxye-A|twitter:oda_nobuhime|userlocal:58A63B81421B069E_bf64ae
0,点酥Susu,bilibili,1323355750,108951,89e30271-9641-5bae-bcef-93f4ec6e1950,VirtuaReal,6a8d2bed-dc2e-5ce1-a3bd-e31317aa4e23,
0,花礼Harei,bilibili,1048135385,108733,373cb371-33d9-55e9-b7df-178d36c74f6b,VirtuaReal,6a8d2bed-dc2e-5ce1-a3bd-e31317aa4e23,
0,朔月_Saku,bilibili,4553175,108222,2d3088b7-1211-5e88-9c55-666282095355,,,
0,綾川千鶴,bilibili,3690981679434664,108081,ea19d534-806a-5ea1-b6b2-b69a928f0476,,,
0,Alec艾里,bilibili,32906095,107760,b5110c54-7d59-5132-bcb4-3902966f6f4d,,,
0,Fulgur的电子厂,bilibili,361363473,107323,1c72e3e2-f6a5-5ae5-922d-92bb7d07fe1a,NIJISANJI EN,745fdb2e-e624-5852-804f-7493f9b4f56b,
0,一点荧惑,bilibili,23155481,106988,4ed0b3ab-44f0-56da-a23a-6a95c95f4c75,,,
0,三日暦Official,bilibili,571841213,106962,e4d6a5b6-352e-53ec-84ca-29d21b5812a0,,,youtube:UCWqoz2Ji745WKsSB8vN5oDQ|twitter:MZKIKYMv|twitch:mizukaikoyomi
0,犬山奈奈Channel,bilibili,14350494,106803,447c504a-88dc-53ca-9749-d631538c9546,,,
0,Shoto的汪汪队,bilibili,490592728,106732,da7ef87c-6780-53ec-8d9f-5cd4bf8e45da,,,
0,迟幸Xing_Official,bilibili,607524075,106612,50b0645d-d073-540b-9ed3-bfdc146e3a05,,,
0,凤玲天天,bilibili,623441609,106592,82a733b9-cc45-5819-abbc-3aebdabbba71,,,youtube:UCw-jEa3_788VkvM2zHzrDnw|twitter:hourei_1010
0,饭团喵にゃん,bilibili,545530293,106544,11ddf33e-2d55-573a-a291-4ad574b482d8,云光计划,f96c12b2-b935-5c29-9a31-46c97eca9c4c,
0,鹿朝朝Aurora,bilibili,400997619,106467,66256747-97c9-59aa-b326-cf443046ee86,冬日之家Ultra（北立交桥）,748b837a-0f27-55d8-aae1-695e4cb77aff,
0,江洋芋,bilibili,3494367861934226,106254,45f715dd-7dd5-5770-9212-f7544e30cfee,,,
0,暮思橙月,bilibili,1772434,106049,059c0594-f8b4-57f7-960a-8a5428f0d19e,,,
0,幸祜-koko-,bilibili,701522855,105887,91952899-439a-55b8-a405-fcaff50c9b82,神椿工作室,8e11a33b-c9e1-574f-8300-c8e5aa050010,youtube:UC7Gow-kNHq21oejSIDg9PAg|twitter:KOKO__virtual
0,りんうらん霖雨蘭,bilibili,34815578,105548,440115ab-ce45-545c-90d1-bfbb04010474,,,
0,小漆是吸血鬼_ki,bilibili,1698865018,105410,a6f74cfb-86c3-5392-b258-e7a048dbde1b,,,
0,郡道美玲,bilibili,458154139,105039,aa696d99-1a73-52b8-a11f-223f31ff5394,NIJISANJI,5da64d9a-b5d2-5f3e-ae3c-35ec6aa42492,youtube:UCeShTCVgZyq2lsBW9QwIJcw|twitter:g9v9g_mirei|userlocal:1981C964175BA8F4_352a02
0,JohnkoOfficial,bilibili,634902212,104984,083005fb-4527-5c7c-903f-0718e39b602f,,,
0,猫丸子Maruko,bilibili,3546938511198692,104975,ea338921-ba2d-5c9b-a717-8b18139ec1fc,猫猫祟祟（北立交桥）,0224316a-592e-547c-89b6-9f4f4e425779,
0,小小酥jewel,bilibili,3546569649425106,104701,01d95cbc-c007-5702-bc43-0a20a531c41f,,,
0,星宮雲,bilibili,433612309,104587,a503bc88-ecf7-55a8-b9ad-a13610121ce7,猫猫祟祟（北立交桥）,0224316a-592e-547c-89b6-9f4f4e425779,
0,Kirikosama,bilibili,1442771,104526,e9e44d8b-b62d-53a7-95ff-fdb6972bc6fc,,,weibo:6860340539|popiask:kksama|163music:34172963
0,王宝煲,bilibili,1978636705,104431,923f24fa-5b49-5eb7-ab2a-db40a0618072,妖精管理局（北立交桥）,c8d7d021-ce8c-56f6-90a2-ab8758b3ac8a,
0,千春_Chiharu,bilibili,558070433,104278,79e97566-484f-5916-8381-233f7d1d9a58,VirtuaReal,6a8d2bed-dc2e-5ce1-a3bd-e31317aa4e23,
0,千草はな,bilibili,8119834,104026,66f4de29-9562-5db3-86df-29ae968d362c,,,youtube:UCn14Z641OthNps7vppBvZFA|twitter:hanachigusa_ch|userlocal:F69A1C8C3063CC58_504910
0,菲比Pheebie,bilibili,3546961967843490,103740,0583dde9-3903-5c42-9fdd-eb06954019b7,,,
0,浅音初奈,bilibili,3546594760723055,103718,991389d5-b491-5f32-a23c-9512560556f9,,,
0,卡缇娅,bilibili,1011797664,103712,57972a23-01bd-5ee7-96c7-4159fb47b070,,,
0,秋蒂Q,bilibili,455899334,103711,a9e79cf6-36cd-5486-ba77-fdeebd0147cf,,,
0,幽乜Yume,bilibili,1164975438,103577,0cf0cbe5-e4c9-5dc3-86e4-c0e813aa8e4d,,,
0,虎洛排骨汤,bilibili,38786608,103445,46d1da58-5a3c-5300-ab3a-8d326ff783fa,,,
0,Silvervale_樱花狼灵,bilibili,3546719818091441,103403,b72f2e8e-5382-59b3-a7b2-84dbaf545fdd,,,
0,犬飼kuroXshiro,bilibili,16797288,103217,dd72d272-1d45-50cd-b53f-6ff12b004934,,,
0,绯燐Rinka,bilibili,3546883878292240,102891,65b578ee-27d6-58e6-8b07-be569b8ebc2f,,,
0,莎乐美的满分管家,bilibili,1626066286,102884,fa5e37f6-a2e8-5435-bbc7-1b62fc710d6c,,,
0,路Albert,bilibili,350832135,102611,fdcd1705-ad1e-5a8e-ad8b-218a2c8287e1,,,
0,和水_nouille,bilibili,96264399,102244,03e4f06d-6a95-53b1-a9ea-85f29567837f,Pursue-live,e73263e5-7914-5da0-a523-475213ae2d4e,
0,弥撒Misaa,bilibili,3493276038465661,101895,ea0c1dbf-54de-59b2-8400-aa06accdd230,,,
0,法娜Fyna,bilibili,21191392,101858,41cef274-42a9-5037-9d88-82afeb22a387,,,
0,-阿蕊娅Aria-,bilibili,10850238,101823,30a8dfaa-6190-51a7-a850-9012efada685,,,
0,阿绿Midori,bilibili,703055595,101507,1aabb7ad-3446-51a8-b54b-e4758035f6d9,chaoslive,7d14580b-8154-5fdb-9777-b1032d302bfe,
0,蕾米Remi,bilibili,690608687,101360,02c0bdd7-8208-51f8-b181-336051e11af9,VirtuaReal,6a8d2bed-dc2e-5ce1-a3bd-e31317aa4e23,
0,宝蓝,bilibili,20036042,101345,7be12b26-5615-5fd5-9db9-b633db4b9406,,,peing:takaranoao|twitter:Takaranoao
0,呆呆喵,bilibili,368097,101246,bafcc0f9-2d6a-5747-972e-bb50f633039d,,,
0,千铃鸣,bilibili,3493106695539030,101208,a4d53eef-40ff-5cd1-98dd-f379d1438ee2,P家,a5f67427-dbfe-5cb0-be05-ef701454c3aa,youtube:UCY32QZ2pczK5kSroH5zpDnQ|twitter:Chisuzu_mei_
0,小桃Channel,bilibili,1084222017,100949,7514be82-4321-5d8e-82bf-ba22248eef25,虚研社,d7af6703-ed00-53bf-aa46-0d5cf679925b,
0,雪穗椛_channel,bilibili,13294045,100275,19533983-1dc8-5098-b72c-c6b073d4f648,,,
0,伊安-Ean,bilibili,3493105107995064,100203,ddea60c6-44b9-51bc-a3f4-1232ff4b9e28,,,
0,辞月Yotsuki,bilibili,626086485,99934,a1992df6-d925-51d9-890e-e6c2354f29d7,,,
0,白百合リリィ,bilibili,421347849,99915,c67fb562-22df-55d6-82f2-38be6b768a37,ViViD,e0c583c9-7625-53bd-84c1-5cca0c419a7b,youtube:UCl-3q6t6zdZwgIsFZELb7Zg|twitter:sryr_0
0,星见汐娅,bilibili,1584039005,99849,32a26474-b754-553a-89c8-2a6c1728fe93,光年神话,0cd8f345-3228-52ae-bf9e-d2aae75d7846,
0,DJGun,bilibili,2088874781,99376,7dc07217-683a-5a50-a985-ce07e7a2d2f5,,,
0,幼花yola,bilibili,3546585107532522,99189,f7789f62-3bea-534a-b2ef-b3f003ddafcf,,,
0,阿以莎Aishah,bilibili,1460966510,99093,5950f264-873f-52de-bf41-87e77ef92e67,,,
0,无前Namae,bilibili,29080,99087,444afa64-3428-5448-8b52-d6c2339f120d,P-SP,f076e35d-500d-57ba-9149-6caed8275768,
0,安可anko_Official,bilibili,440738032,99032,a3b2d3db-d338-5d7c-9847-080614a48a61,,,
0,冰兔w,bilibili,1330766232,99018,419f055f-374c-5a74-ace7-c56663c35c59,,,
0,魔法少女真理酱,bilibili,526071118,98958,63229619-f44d-59a5-bc25-97b15fa7d8ac,,,
0,萝卜子,bilibili,20813493,98920,f6e1d318-29f6-59c8-abd7-3bfc10928301,Hololive,40e82f4e-40d8-539c-87c8-ed17c6ea519f,youtube:UCDqI2jOz0weumE8s7paEk6g|twitter:robocosan|userlocal:7D3DC00F90D5BD0E_3fb678
0,Sushimekabu,bilibili,3546862887897818,98883,12d7f517-afcc-5bc7-8727-f8b948969308,,,twitter:sushi_meka|youtube:UCNdXImom_pZmsPyxNdTVFIw|twitch:sushimekabu|pixiv:260108
0,芳乃推Official,bilibili,27176897,98735,3fce0056-622a-5b80-bc9d-860a197f2453,,,
0,白桃,bilibili,1516482,98409,2dadeff6-1ad1-508c-ba5c-732f4f10bb21,Providence,412f3e13-0742-53c3-80e4-a0ea111657d9,
0,卡弥洛,bilibili,3546564133915361,98179,bea33dfb-2881-51ab-b121-53b67ae075e4,,,
0,小红泡-管珩心,bilibili,65568410,98120,c610ce34-9bba-53a1-9cdf-178a4f096c17,,,
0,零梦RinMon,bilibili,3493103960853073,98006,67d23abf-a2da-58df-8b87-bcc7f199238a,,,
0,魔法少女乐府酱,bilibili,271887040,97802,835690f0-0f7c-5d03-a14b-8691bc7627b5,,,
0,红魔姬,bilibili,3537119901387660,97498,4f5cd043-8f48-5b1f-8e34-e441fe1fd74a,,,
0,小望字幕组,bilibili,485173040,97389,fbb0e97b-18f0-546e-a5cf-dcf52fbcae45,,,
0,白音小雪,bilibili,5570898,97115,69ba2ca8-117b-5298-a2ab-73ee60d84adb,ReAcT,6696f9f6-e159-5fa0-882a-1b1213a68556,twitter:shirane_koyuki|userlocal:6E2EBC8E4847452B_078609
0,最喜欢派蒙了,bilibili,2960092,97049,4da1a040-97c0-5fe0-802c-2c2ea53172cc,,,
0,李豆沙_Channel,bilibili,1703797642,97037,d29198bb-b1b2-5b7b-a334-79ed42261f5e,P-SP,f076e35d-500d-57ba-9149-6caed8275768,
0,豆梓Dora,bilibili,3546606502677055,96818,b4ad75fc-8ff1-56e7-b3dd-521f7d001511,,,
0,午氧氧氧,bilibili,2989080,96725,b3b826e2-3c24-5716-8c6d-8edbbf031893,,,
0,adogsama,bilibili,317000,96667,9cc70a4f-d3ba-5fc5-9f70-85b064d0be67,,,afdian:adogsama
0,栞栞Shiori,bilibili,1609526545,96058,54f7807e-b31e-5c18-bf33-1d3dd3464f21,VirtuaReal,6a8d2bed-dc2e-5ce1-a3bd-e31317aa4e23,
0,大空昂,bilibili,389859190,95924,b08200f1-c55e-51eb-8798-28c9698c6536,Hololive,40e82f4e-40d8-539c-87c8-ed17c6ea519f,youtube:UCvzGlP9oQwU--Y0r9id_jnA|twitter:oozorasubaru|userlocal:936A5DB3F944614F_859d31
0,无聊到底,bilibili,1683672,95848,d08a88f4-70fe-5539-81af-ec597093cbd3,,,
0,星羽幸,bilibili,1167135969,95725,96bc913f-6a2b-5302-affb-0c6de580770b,,,
0,玻璃Bori,bilibili,3493279316314233,95628,c2fa0987-a8fd-5ad2-8938-23ac2abc6779,GravityS Project,3dfee54e-d852-5781-b361-5b71c3d16b84,
0,凌_Leon,bilibili,3493265267493422,95577,c53c9b50-f574-51f5-a7bd-d7e3cc051758,,,
0,千鸟战队_文静,bilibili,667526012,95566,e6ebfeef-4349-5d5a-81f5-badb524ade90,千鸟战队,0fd2499a-5caa-51d0-8946-7d61d5aba18b,
0,希芙Sify,bilibili,1294973752,95395,6666ec60-c552-5efd-936a-7ef301a596ff,,,
0,桃宝Momoko,bilibili,505183397,95221,927f323a-b68c-57e3-84d6-094d24cdce5e,,,
0,白崎银子,bilibili,11362225,95031,cb52410d-926e-56d5-870d-b3102349d227,,,
0,米见mita,bilibili,2048677,94445,ef89b9d8-b609-5593-b073-9d5c52bf84ab,,,
0,殺戮の天使,bilibili,24791744,94204,a57a513a-09f7-5d77-9dfc-4ebac3de8149,,,
0,蜜球兔,bilibili,1750561,94174,5627cc41-3057-558f-978c-16d731d29a2b,VirtuaReal,6a8d2bed-dc2e-5ce1-a3bd-e31317aa4e23,peing:miqiutu
0,袖子杨杨,bilibili,355316181,93966,b3629a03-236f-5d0c-9a50-1416ceddf27b,,,
0,灰羽零,bilibili,3546593798129891,93626,ca4454ae-55ef-5862-86e4-fa680600ec36,,,
0,火西肆,bilibili,1401928,93600,e309915f-730c-567e-9f2a-b4ec6dbf7f18,,,163music:55844639
0,啾铃Jolin,bilibili,1109759825,93389,0772feeb-662f-5019-8096-6d7e46ef699c,猫邮社,fb7977c3-8198-5021-a136-3c8de14290f7,
0,紫海由爱,bilibili,525105971,93085,9cc019b3-c21b-514e-bee2-548487ba2d8c,,,youtube:UCPQRl6ceaNBTeuHkMqsfl7Q|twitter:shikai_yue
0,福山master,bilibili,1369335586,92848,a939ec21-e941-54c7-8627-80c80d1961dc,,,youtube:UCXzcu59Cbu-hkpNNXnNiKDg|twitter:lesupo_ru321id|userlocal:sihuto100_1e2b72
0,氵六青,bilibili,11272072,92545,2d9efa22-1378-5c78-adbc-f5710e980fbb,,,
0,瑞珀_ripper,bilibili,524076304,92386,432c075e-ed6d-593f-a58e-7fbd44214943,,,
0,雪花菈米,bilibili,624252706,92068,43db682d-2a35-5d2c-97ab-1bd645a3226d,Hololive,40e82f4e-40d8-539c-87c8-ed17c6ea519f,youtube:UCFKOVgVbGmX65RxO3EtH3iw|twitter:yukihanalamy
0,黛灰,bilibili,628292887,92068,36863770-cc87-5287-82b4-93980abb8c47,NIJISANJI,5da64d9a-b5d2-5f3e-ae3c-35ec6aa42492,youtube:UCb5JxV6vKlYVknoJB8TnyYg|twitter:mayuzumi_X
0,瑞娅_Rhea,bilibili,690608698,92026,532b2e69-1742-533d-b203-c2a57c1f39b6,VirtuaReal,6a8d2bed-dc2e-5ce1-a3bd-e31317aa4e23,
0,野野宫ののの,bilibili,441403698,91947,b541b1c0-60e4-5ce3-b478-396c018cacc8,花寄女子寮,e2d2dfda-6dcc-54b4-b213-2b7db8b04a93,youtube:UCiexEBp7-D46FXUtQ-BpgWg|twitter:nonomiyanonono
0,本間ひまわり搬运组,bilibili,267382755,91847,9ae843a7-9a23-5aa3-8cbb-6f69fdf5b360,NIJISANJI,5da64d9a-b5d2-5f3e-ae3c-35ec6aa42492,
0,惠惠_channel,bilibili,400421892,91442,904d25e2-0dcf-5175-863d-ec4200633931,,,
0,名乃_NAN0,bilibili,3215962,91123,7ba34fa9-ed16-5e31-b704-a1f0572ba04d,,,
0,艾比_Abyme,bilibili,60105784,91093,fecf1e9e-a15c-5fd7-b349-1664bdb9c827,,,
0,春猿火,bilibili,488976992,91049,1dfd5ffe-210b-541d-9bb4-8dda107945a5,神椿工作室,8e11a33b-c9e1-574f-8300-c8e5aa050010,twitter:harusaruhi|youtube:UCE7gtjLeZKNXLp5YURzYYeg
0,春日限,bilibili,130041813,90858,384e1482-93b4-50e6-b3d2-850972eb6cd4,,,
0,玛莎儿Official,bilibili,595313593,90850,cfa0b6aa-3089-57f1-9708-90abda1aea57,MZ次元,8d3239cd-4811-570e-a968-7c582e46ead0,
0,冬雪もも_shy,bilibili,12945093,90603,214552ef-35b2-5414-a8ac-8384c4f85df5,,,
0,西園チグサ,bilibili,237428079,90474,fdc7c763-2053-5a5f-8b48-2c12c425e5bd,NIJISANJI,5da64d9a-b5d2-5f3e-ae3c-35ec6aa42492,youtube:UCkngxfPbmGyGl_RIq4FA3MQ|twitter:Chigusa_24zono
0,安堂いなり,bilibili,392505232,90363,31cbed47-afac-59c1-b01d-f8476115397f,VirtuaReal,6a8d2bed-dc2e-5ce1-a3bd-e31317aa4e23,youtube:UCWwwXXd_RPzj3LAyEfBslsg|twitter:andou_inari|userlocal:CB2EAE81932C281C_3146fd
0,诗小雅Official,bilibili,36576761,90356,1deb8ed0-eb03-5386-8188-d5f33e0fc5fa,超次元学院,cc64b75a-f000-5b4a-bef3-bc727dab00a2,
0,莫熙呐,bilibili,398655122,90203,85cd7307-7194-5852-b25b-c4c13cb95e4b,,,
0,优优酱yomi,bilibili,3546669719226625,90112,60226897-0158-5fa3-8c3c-159060a586f6,,,
0,咔菈,bilibili,3546610243996070,89844,f0be6ce3-37db-582a-9a10-d0de723b5dd2,,,youtubeat:KaraSirena|twitch:karasirena
0,禹墨儿kisses,bilibili,3546606097927055,89793,4b9788c4-2978-5cd4-9a72-456bc9d6ecd2,,,
0,窥酱,bilibili,370515,89786,d06f90cd-177d-53c2-a7b9-a58e196fb7a0,,,
0,鸣布织,bilibili,21687657,89757,fc767635-6186-5ef6-a2e9-fb4acc67dcbf,,,
0,鸠羽lin,bilibili,1903502807,89263,591b9e79-ae1f-5851-8217-32774ed97626,,,
0,花留Karu,bilibili,370687588,89226,73f60ebf-3412-5ed6-9486-e2a70389b115,VirtuaReal,6a8d2bed-dc2e-5ce1-a3bd-e31317aa4e23,
0,企鹅犬犬,bilibili,13951855,89203,b28027a5-38aa-59a4-bede-e1a210d27312,,,
0,怜怜_official,bilibili,919906,89102,a9465442-40e1-5b63-865d-91114182204c,,,
0,林莉奈RinaHayashi,bilibili,1243266187,88858,c62e2c9c-54f9-5be0-b22b-04f84603aa74,,,
0,南町Nightin,bilibili,1329085897,88787,dc816948-f5ed-5a9c-a51f-910fe2fae374,P-SP,f076e35d-500d-57ba-9149-6caed8275768,
0,机智大灯灯,bilibili,16510117,88453,83618dfe-ac4e-523d-82e3-eac5f6e3ffe7,,,
0,默磷,bilibili,820535,88396,827fb360-c704-5747-b359-5bb94d4a852f,,,
0,弥洛缇丝,bilibili,3493115442760147,88356,d5f7669a-7bfc-519e-ad70-4dd51c0d760f,,,
0,粉黛乱子,bilibili,1780645,88354,f073c780-d5c0-5867-a016-9029806fb844,,,
0,闹闹,bilibili,11870424,88289,4403bce2-59e4-5564-97e4-0c6d7f3f750b,,,
0,多蕾塔_Doretta,bilibili,29119338,88137,7449f2dd-09e0-5ede-8bd9-7921892561aa,,,
0,茉里,bilibili,690608686,88122,35e1664f-cef6-5a3c-a084-95e298ae9d86,VirtuaReal,6a8d2bed-dc2e-5ce1-a3bd-e31317aa4e23,
0,菫妃奈,bilibili,98181,88117,4abfab20-7255-551b-83e0-f27725dfe8c2,VirtuaReal,6a8d2bed-dc2e-5ce1-a3bd-e31317aa4e23,
0,怜夜Kirya,bilibili,3493285622451071,88025,fafdecc1-97f0-51e2-8faa-d29cd4b368e5,,,
0,纪代因果_Inga,bilibili,2143967328,88019,0a977239-0110-5eb1-845b-6a29e8790574,,,
0,田野柴Tanoshiba,bilibili,690608706,87838,9a7cfeac-769f-57ad-a53b-1a5d4de08353,VirtuaReal,6a8d2bed-dc2e-5ce1-a3bd-e31317aa4e23,
0,铃鹿诗子,bilibili,458154144,87781,05d0c58f-4a50-5e4f-a2cd-7ce701d7cd9d,NIJISANJI,5da64d9a-b5d2-5f3e-ae3c-35ec6aa42492,youtube:UCwokZsOK_uEre70XayaFnzA|twitter:suzukautako|userlocal:9097EADDD1C6239E_223c11
0,虞莫,bilibili,1811071010,87606,17a28e6f-c2bf-59a8-8bae-660a2f8d242d,EOE组合,d462a5cc-f3b6-54fc-9636-bbc3847c4291,
0,玉白_official,bilibili,1062342323,87385,9a53c62c-18bc-5803-aa82-671047756d97,,,
0,不破湊的甜甜圈工坊,bilibili,543106544,87284,3a79a4fb-3136-5022-b2e9-993417aa893b,,,
0,星河Sagi,bilibili,3494365169190991,87204,1624e933-0bb3-5139-9edd-b6c2f84a17fe,,,twitter:srr_sagi
0,狮白牡丹,bilibili,624252710,87115,6d8242eb-c5b7-5821-b377-1c8d4ffb655e,Hololive,40e82f4e-40d8-539c-87c8-ed17c6ea519f,youtube:UCUKD-uaobj9jiqB-VXt71mA|twitter:shishirobotan
0,極彩夜うい_official,bilibili,436749840,87075,efe7046a-a39e-5c93-be89-c1ddc0338d50,,,
0,夜空梅露,bilibili,389856447,87069,4fa54086-e01c-5dee-976b-0fd63457d919,Hololive,40e82f4e-40d8-539c-87c8-ed17c6ea519f,youtube:UCD8HOxPs4Xvsm8H0ZxXGiBw|twitter:yozoramel|userlocal:0D75935167035F5A_0c0124
0,缇芽娜Tiana,bilibili,3546390875605140,86813,3928795c-9f31-5af9-91a5-303bc43574dc,,,
0,择克Zayk,bilibili,1537987885,86680,24c5f69d-2f51-5387-b0c4-8824be765782,,,
0,中南小团子,bilibili,222750630,86449,16ed666c-353b-5134-916b-c3b35adb0466,,,
0,空酱,bilibili,523866328,86428,ba27a726-236d-5184-a860-2944ceb587b0,,,
0,鸮号机,bilibili,30924292,86083,7728f261-92c8-570a-bf2b-aca177076be8,,,
0,溯月,bilibili,258875006,86063,8e809c1e-2fa6-5198-8d73-a5c9afd44849,Croven教团,af7d8e20-2164-5373-a4b1-9a31c085fb7b,
0,佐娜Official,bilibili,523922454,85984,754c22fb-d8bf-57fc-80f3-e30341fd0241,MZ次元,8d3239cd-4811-570e-a968-7c582e46ead0,
0,五七TiAmo,bilibili,267908,85928,f8c1ec32-618a-5e45-b33f-6b10783fe062,,,
0,星川铃rin_,bilibili,503622929,85830,da084447-40ca-560d-8038-4bd17f485712,chaoslive,7d14580b-8154-5fdb-9777-b1032d302bfe,
0,灰泽满Hazel,bilibili,1298779265,85780,fbbbc348-daef-5b71-a4c7-f3a71455b330,VirtuaReal,6a8d2bed-dc2e-5ce1-a3bd-e31317aa4e23,
0,兰若_Re,bilibili,373493702,85723,85901b3d-119d-5fbd-b417-5f46b9e0ccfc,魂喵Official,0a2ecd85-eecd-5968-9d03-77649d1844a8,
0,伊恩姬,bilibili,328284808,85306,25a82bd8-6895-52c0-9124-0d1d232b180f,雪风军团,231c831c-1e80-5a10-bb8c-b4fa15b861b7,
0,纱依shayi,bilibili,3461576189282324,85106,9f120cf2-7523-5b91-a606-be5bc27bbc09,,,
0,优莉酱Channel,bilibili,693803974,85089,541fa888-d1e3-558f-b382-c02ffd0bdedb,,,
0,猫宫心爱,bilibili,3546571715119846,84925,46295bc8-fb42-5ef5-8aea-769a1b3f6b46,极光社,9548b50d-dbb9-5b8e-9a4f-a86239ac14ca,
0,应钟Clochette,bilibili,13100124,84889,bb2e0ef8-f2d7-57c8-8e7c-9fe49271a86b,,,
0,仰阿音,bilibili,3546599869385547,84746,e180d399-834c-5883-b70e-67803c2e2518,极光社,9548b50d-dbb9-5b8e-9a4f-a86239ac14ca,
0,LuckyCupcake,bilibili,1195405071,84703,a1d24fe6-24db-56d8-8e01-e74a89d6c41e,,,
0,-可可keke-,bilibili,3546886818498838,84560,67fb6ead-029c-5e3a-872e-d77252ec7355,,,
0,巫贼_ikataruto,bilibili,425286,84405,e20fc5ec-6d1a-5c64-be57-c93e0345c7cd,,,
0,莓斯蒂Mesty,bilibili,3494372867836563,84394,09070698-b35e-5bc3-9005-7aac1be329fd,,,
0,love-pii-channel,bilibili,580482351,84346,df46a3bb-5597-5200-af9d-e6b2d8c5a51d,upd8,62b750ab-e71a-59cc-b6fe-71a2debb5598,
0,阿媂娅,bilibili,511613155,84311,855394be-b707-5268-9e29-281238db224a,,,twitter:Artia_OW|peing:artia_hololive|marshmallow:artia_hololive
0,卡诺娅Kanoa,bilibili,688053738,84208,e4bda156-1e9b-57d6-9ef9-5be1ac78a439,虚研社,d7af6703-ed00-53bf-aa46-0d5cf679925b,
0,MKiiiiii,bilibili,210628,84045,6a54cb05-0912-547f-855c-02de1ce3db22,,,
0,梨川かな,bilibili,3493083832388399,84044,5ff2b139-1752-59f0-9aa5-4c62e580498f,,,
0,家长麦,bilibili,436596837,83969,44cf2e62-65d6-5e7f-832a-d82b0f30a7a6,NIJISANJI,5da64d9a-b5d2-5f3e-ae3c-35ec6aa42492,youtube:UC_GCs6GARLxEHxy1w40d6VQ|twitter:ienaga_mugi23|userlocal:B63765374AAABE30_c8bcbd
0,七柠,bilibili,415578378,83645,2ea86592-b4ed-5885-bce0-3ad78cec1deb,,,
0,摩亞Moi,bilibili,1809810330,83578,7b67084d-5088-5b0c-a7bd-e1d215bfcaf9,猫邮社,fb7977c3-8198-5021-a136-3c8de14290f7,
0,金子息,bilibili,29652077,83533,a0357d3f-6e49-5d6e-b177-2368cab98cdd,,,
0,Sifir Esirer,bilibili,278093107,83455,e6299706-7975-5132-a195-1ea7e0989747,エイレーン一家,2773e11c-0c30-55f6-93b5-042687c64d38,youtube:UCz0lin3ZsOtmr2yuTN2MDQg|twitter:sifiresirer|twitter:beilene191969
0,犬卷日鞠-官方WACTOR,bilibili,1386545245,83231,3fc4ec8c-74e2-5d1b-9cd4-d3fc91a2b88f,WACTOR,682089de-7fe5-5303-8939-37eeab633407,twitter:inumakihimari|youtube:UCAx0YWXJgyvXx5oDvrDaN_A
0,妩九Melantha,bilibili,23269266,83138,83567499-8e36-574f-954a-7fbcdfa0cf1e,,,
0,莞儿,bilibili,1875044092,83091,38d120b6-a62f-5838-aac9-05dd2b8970e6,EOE组合,d462a5cc-f3b6-54fc-9636-bbc3847c4291,
0,清茶沐沐_Kiyotya,bilibili,22837810,82925,667b49d2-8ed5-5654-b9c0-9390c9561277,,,
0,哈鹿hallu,bilibili,3493118494116797,82763,ab328184-2dc0-560e-add8-ec10b7c0689a,,,
0,莉莉安_Official,bilibili,661461705,82635,2961161b-38e3-5200-a45f-b617a256d807,LBG,db0ee4df-8826-507c-8cd4-dbe478f0c0a8,
0,蝰漓Kurlia,bilibili,18891347,82582,95b93dd0-7436-5a7c-bc0b-c1d4c9b928a3,,,
0,尾幼mayori,bilibili,88271743,82503,a11cfe45-6353-5d81-b7c7-53b4e645d539,P-SP,f076e35d-500d-57ba-9149-6caed8275768,
0,阿里鸭Alya,bilibili,67343062,82473,cc8ab554-5d95-5664-ae1d-c09417c98431,,,
0,莱妮娅_Rynia,bilibili,703018634,82402,aaa693d3-2399-5071-836f-c86430217a0b,,,
0,德比鲁,bilibili,441666968,82304,b118a73b-9099-5a44-b395-a3877ca69847,NIJISANJI,5da64d9a-b5d2-5f3e-ae3c-35ec6aa42492,youtube:UCjlmCrq4TP1I4xguOtJ-31w|twitter:debidebiru_sama|userlocal:7B6C342D19255B58_01d325
0,宫宫,bilibili,24622055,82182,fbfeac0a-437a-50d5-a43d-993a508533a9,,,
0,社筑,bilibili,458154141,82062,b99162d6-7e23-5efc-b144-52572320e7d1,NIJISANJI,5da64d9a-b5d2-5f3e-ae3c-35ec6aa42492,youtube:UCKMYISTJAQ8xTplUPHiABlA|twitter:846kizuQ|userlocal:F8C731629DA22E26_2e3568
0,天音Sora_Official,bilibili,3461572502489809,81934,ea268630-9ae9-5251-8c96-9b388ace5869,,,twitter:amane_dayoo
0,鈴木玲玲子,bilibili,670725269,81623,d66ff466-b1cb-552e-926c-09d907afbd02,,,
0,钴蓝苏打SODA,bilibili,352605981,81526,79c1ff59-7f8a-5429-9962-b3ff93acc52d,,,
0,噶呜·古拉,bilibili,674600648,81336,e3132f27-7b99-5983-9224-e68475e3ffac,Hololive EN,d406e5da-ef7d-5e0f-9439-264188944758,youtube:UCoSrY_IQQVpmIRZ9Xf-y93g|twitter:gawrgura
0,铃木胜,bilibili,586880205,80729,8364aa5d-c8f8-5fa6-bf1c-64b46eee7e53,NIJISANJI,5da64d9a-b5d2-5f3e-ae3c-35ec6aa42492,youtube:UCryOPk2GZ1meIDt53tL30Tw|twitter:darkness_eater
0,可儿！,bilibili,481169,80711,83198ccd-8fe8-509e-9a64-433500abe886,,,
0,喵奈尾巴超肥捏,bilibili,3493263327627838,80418,0546fa22-01ab-54e6-8bfd-7f8963237581,,,
0,伊索尔,bilibili,1694610556,80259,0175fc89-0493-5bc3-919b-aa013d4a8921,P-SP,f076e35d-500d-57ba-9149-6caed8275768,
0,黑桐亚里亚,bilibili,4911722,80216,cf08573e-69fa-5c05-af40-d91014cb6f91,,,youtube:UCSUOEmvQLKPdiRnUgmHYX2g|twitter:kurokiriaria
0,白鳥穹,bilibili,410636303,80147,77567df0-9fc4-5996-a7de-f1743182a222,,,youtube:UC82SjX5JrkN70g21GPHFReQ|peing:shirotorisora|twitter:SnowpuffChannel
0,空伶cherry,bilibili,3084780,80094,37c1b3a1-06a6-5dd4-b148-b8e98cd1ae02,,,
0,幻想口袋,bilibili,2965629,80016,013da249-9331-52c0-9732-561594ce4a02,,,twitter:fan_pocket
0,龙灵子Chris,bilibili,17073648,79928,66e71bf7-a775-5777-b36d-aa22de2ad1e0,,,
0,NoWorld_思绪イデア,bilibili,415481887,79907,d6a47ef4-34b3-507f-90e7-4e966e973cc9,,,
0,我叫森莫,bilibili,3546390657501325,79792,980db7bd-2d3c-5a8d-bad4-acce924bae0f,,,
0,Selen的月光宝盒,bilibili,324310598,79752,998726b1-c4ac-560c-88b3-77f0da9b4b80,,,
0,梦宝福星,bilibili,588569696,79704,aceff148-6eb4-5381-9aba-f8643a352346,,,
0,_阿葱,bilibili,3108694,79685,a9819d86-3983-520a-8c11-4762b511617e,,,
0,赤五教教主亮亮,bilibili,1697848019,79471,bd654c1c-1203-5bd4-a16d-04478bc0f173,虚研社,d7af6703-ed00-53bf-aa46-0d5cf679925b,
0,鹿弈Nui,bilibili,3546381234998027,79225,8e877765-7cf8-5e6b-a8fc-7faa351a161b,,,
0,雾雨威,bilibili,4861197,79190,b9d25cd3-1ce4-551b-a276-e9add5996cd4,,,
0,东堂比乃Official,bilibili,1220621189,78970,2fbf25f1-e865-55dd-8fc6-9f0bd8d55f07,,,
0,火羽ひのめ,bilibili,2094031249,78889,bb9f5b9c-cd5c-5879-8e01-e4589d5b48f7,,,
0,夕月Yuutuki,bilibili,3546384571566162,78822,04ac02d3-fbc6-5f94-8b37-96de57775005,,,
0,晚晚Ailsa,bilibili,45280964,78810,00e8b643-54e3-5e4c-ba51-4560056d5829,,,
0,希莲娜Syrena,bilibili,3493082429393021,78663,4ac7e1d1-5789-5a86-8a92-3d668e20358a,,,
0,阿伊蕾特,bilibili,117906,78540,a2d727f8-9af8-57a5-a1b0-c3abe05cea7a,Providence,412f3e13-0742-53c3-80e4-a0ea111657d9,
0,蔓Aoede,bilibili,1630494154,77994,571fabae-20ad-50eb-84d4-c450257a0d0e,,,
0,田汐汐,bilibili,473764233,77846,cf6506f6-4d68-5150-b706-126088460804,雪风军团,231c831c-1e80-5a10-bb8c-b4fa15b861b7,
0,灰音Haine,bilibili,440772821,77766,1621a4bb-df39-5a95-8119-ab0755400e52,Providence,412f3e13-0742-53c3-80e4-a0ea111657d9,
0,申䒕雅Official,bilibili,2138676495,77759,4b7f0842-de38-57a4-90c5-95273d97c65e,,,
0,失眠的涵白,bilibili,386680967,77719,4ed910b7-a61a-5de5-ad32-81ffb8d7832b,,,
0,托尔赛斯,bilibili,487402608,77660,a99be84c-1a85-5f56-a22e-0ed1d95c5d0a,光年神话,0cd8f345-3228-52ae-bf9e-d2aae75d7846,
0,三枝明那搬运组,bilibili,263238,77490,508e2578-6e74-5b29-bff7-57f3ec10e256,NIJISANJI,5da64d9a-b5d2-5f3e-ae3c-35ec6aa42492,
0,伊尔比思,bilibili,104138094,77357,ea5b9fca-4a8c-5077-a242-531f77f91028,,,
0,桃源喵喵,bilibili,2038213385,77323,d8b3a47a-aa20-56b2-a1dd-b1d4808cd6cc,,,
0,绫濑Official,bilibili,20966016,77217,0fdb66d7-be0c-57d9-be35-1d0577ed14d8,极光社,9548b50d-dbb9-5b8e-9a4f-a86239ac14ca,
0,葛叶搬运组,bilibili,476879987,77027,10ae08ac-b841-59be-8a88-32bf1af395e2,,,
0,牛野露哞_usrm,bilibili,1160514215,76971,a3a34532-3209-5c4c-8881-7fb9b16fb8a7,,,
0,栗芝Momochi,bilibili,3546794831121352,76888,9bfccbb4-f906-5001-ac25-fc7c3ea86382,,,
0,金切遊楽Channel,bilibili,697456406,76857,cf4666ec-8ed8-5329-91e0-31502db2f24b,,,
0,神咲乃希,bilibili,749499,76798,cb23986f-3618-58c5-a5ea-00804433cb14,,,
0,山崎,bilibili,214854,76619,58dac1a9-14de-5322-ae68-2668e3021973,,,acfun:36526321
0,DUST_CELL,bilibili,488979186,76599,23a777bf-5a40-5d14-a2dd-53067f71a249,神椿工作室,8e11a33b-c9e1-574f-8300-c8e5aa050010,youtube:UCJSzxbt4Acel9JdeLiY7tJQ|twitter:DUST_CELL
0,羽澄照乌愈,bilibili,1861416807,76442,6f1b193d-3679-5ffb-b1c6-80e69f1f94c3,,,youtube:UCzuuoFRzF16kL9Ukfpmsq3g|twitter:pastelV_milk14
0,亚绮·罗森塔尔,bilibili,389857131,76419,dc8ba5d6-c289-561d-b387-663d2a203241,Hololive,40e82f4e-40d8-539c-87c8-ed17c6ea519f,twitter:akirosenthal|youtube:UCFTLzh12_nrtzqBPsTCqenA
0,鲸落落raku,bilibili,1583472,76386,52ad08ce-3d63-585e-b377-2b555bcfa818,,,
0,小千村柚柚,bilibili,2138602891,76159,3a38192d-4475-5a18-b9cf-c8aeb6a569a3,P-SP,f076e35d-500d-57ba-9149-6caed8275768,
0,龙西Rinya,bilibili,513273343,76118,7ebbc5b8-af9a-5f0f-a263-92c91da1944a,,,
0,早濑弥生Official,bilibili,436693674,75592,b5312adf-dd9c-50d6-a105-d27beb2035e9,,,web:oldbili: 33918604|youtube:UCahgqP860vhJ1KezutIPTIQ|twitter:hayaseyayoi
0,陆婉莹,bilibili,337827661,75579,16600dea-3516-5a4a-82b6-fe7ecff4ccbd,无次元PROJECT,53ad5ef0-5125-56c0-99c1-8c4352b7afbe,youtube:UC0JVGxi9cVk1JW-JNgfVDXw|twitter:RikuEnei|userlocal:97EFAF6DEA0EF2B3_4b8846
0,EricaZehnt_埃莉卡,bilibili,1480838,75498,1f222196-1de9-5074-8c6d-9aa70c4db562,,,
0,许亦真,bilibili,1553780731,75378,40799ffe-3f09-516c-a1a3-cd81da70e7a7,,,
0,MikenekoOfficial,bilibili,3546644974930059,75297,31df3366-ebf7-5dee-8959-51138b7f5efb,,,
0,大的蒙牛,bilibili,5778298,75145,ea5a06a1-56d3-53ad-8027-3ca5d5b0c82b,,,
0,愛彩加の小焱,bilibili,13201098,75135,18ff906a-8ae7-5b85-a5a3-4446953ab2f3,,,
0,秽羽Ravena-8,bilibili,5528885,75079,0172c617-8b07-5980-b647-cc432c8bc630,,,
0,米汀,bilibili,2124647716,75065,8e7b3e28-8d07-575a-a37b-679bbec054e4,VirtuaReal,6a8d2bed-dc2e-5ce1-a3bd-e31317aa4e23,
0,夢河夢_Official,bilibili,1056226751,75023,93ea1ab4-2fdf-524f-909b-9dd41c94489b,,,
0,瓦妮Vanee,bilibili,602200741,75020,440c6ddc-00a4-51c2-831d-08d81643bd35,,,
0,Yugo的动感DJ舞厅,bilibili,634324400,74942,a5882275-090b-5331-b779-abcc0258af8c,,,
0,顾子韵_w,bilibili,18932485,74887,2908210a-58e8-5c5f-8ead-4813cdf28287,,,
0,露娜Luna,bilibili,1908273021,74768,4a45fc0e-d10f-510e-b8de-b3e8e1d854d3,完美世界电竞TWINKLE.STAR,1679b857-5f7b-5e8d-916c-9d8679c5c4ca,
0,希侑Kiyuu,bilibili,1155425566,74720,40d7db0f-fbd1-57dd-b7f6-9bbea8f0b1fc,VirtuaReal,6a8d2bed-dc2e-5ce1-a3bd-e31317aa4e23,
0,佑凉Uriyoo,bilibili,24967030,74683,6f0e0f6f-75fa-5598-a6b9-da85b81252a6,,,
0,米茜,bilibili,572087,74606,37aba6e3-1669-5c92-8cf4-bfb046e9765d,魅魔补习班（北立交桥）,e846092f-c516-571d-b6f6-ceab250a352d,
0,马马本人,bilibili,3546829127944954,74575,bfabe8a2-f365-553c-9b66-9f091769bfe0,,,
0,森罗桑,bilibili,1510901,74480,b033615b-4865-5bee-9288-c5296963d92f,,,
0,汀汀汀TTT,bilibili,3494349511854939,74453,8d93a653-9ea7-5a1f-a65a-f11298ce02ea,P-SP,f076e35d-500d-57ba-9149-6caed8275768,
0,兔子奶糖,bilibili,3461570355005440,74413,77236d00-1b9f-5dc5-9e09-5dcde5e5a38b,,,
0,依依_Official,bilibili,25385896,74372,9b14d118-4765-575c-bcf5-52f47ed65305,,,
0,姫森璐娜,bilibili,491474052,74184,7d6fb95b-008f-5c12-ae18-bb59718bc9fa,Hololive,40e82f4e-40d8-539c-87c8-ed17c6ea519f,youtube:UCa9Y57gfeY0Zro_noHRVrnw|twitter:himemoriluna
0,蜜汁C今天摸了,bilibili,1579895002,74150,8bf9c655-f5bf-5e16-a14d-46cd19b93eeb,,,
0,PlanyaChannel,bilibili,562037265,74128,91112d31-c6cf-5a36-89d7-17169d3bb5d7,,,
0,藤兔Fullmoon,bilibili,3537106441865806,74068,8daa4b81-6708-5d7f-8f56-94ae9e0c9caf,,,youtube:UCWh7_HDZf34F8BeJoKD5K7Q|twitter:FeitFullmoon|ci-en:17177
0,桃铃音音,bilibili,624252709,73890,2cf477ad-2736-5f75-a855-887c89fde73d,Hololive,40e82f4e-40d8-539c-87c8-ed17c6ea519f,youtube:UCAWSyEs_Io8MtpY3m-zqILA|twitter:momosuzunene
0,VWP_虚拟魔女现象,bilibili,1636327445,73835,009807ef-5248-5098-a3f1-4a9a8ad297e5,神椿工作室,8e11a33b-c9e1-574f-8300-c8e5aa050010,youtube:UCfiSo8tO3WPU-8YOgr4Ba6g|twitter:VWP_virtual
0,叶的空投物资箱,bilibili,4589556,73835,753e5818-33d9-5639-ab36-bb4b6ae2884a,,,
0,夏色祭保護協会,bilibili,420711844,73779,5667b932-494f-5f6e-9087-fefa58253659,,,peing:hogokyoukai
0,雾氧Uo,bilibili,3493078891497932,73680,9502f8c8-4641-5140-8996-1df35badb30b,,,
0,希饭Suki,bilibili,3546861088541561,73659,d29658e0-b891-5466-901c-4154fa0d804f,,,
0,黎知,bilibili,3493277470821118,73617,8644e89d-9f61-51e5-98a7-e701944651f5,,,
0,小喵唧Official,bilibili,18013161,73614,ae78edd6-1a4c-5e17-ba17-7513db8bc7b7,,,
0,山兔YamaUsagi,bilibili,519464736,73606,0fa5ad36-8301-56cd-974d-9788defb88b5,,,
0,S1娘Official,bilibili,97340936,73560,a86abd0c-cfa6-5357-bdd5-738572759560,,,
0,琥珀,bilibili,331520,73542,60fc4d53-bdbf-5fcc-bac4-2f4dbee99641,,,
0,雪虎Black,bilibili,16907771,73537,03a404f7-a21d-581d-9f5b-b4a2ff53c5bd,Tinsgoo-Project,e2e54677-6608-5996-9976-464cfd4ed739,twitter:TP_YTBlack
0,不知火芙蕾雅,bilibili,454737600,73526,edff61a3-ac45-5e12-b65a-02b8a96e30e8,Hololive,40e82f4e-40d8-539c-87c8-ed17c6ea519f,youtube:UCvInZx9h3jC2JzsIzoOebWg|twitter:shiranuiflare
0,PorcelainMaid,bilibili,1399272173,73371,99ca9d61-b09f-5954-ab8b-41364142d215,,,
0,特蕾莎Theresa,bilibili,77817759,73341,b06c2ce8-b467-5a30-abde-b397186bde1b,,,
0,绪任克斯Syrinx,bilibili,3493141057375118,73181,4e16cd0c-8302-51c4-8f51-2d46f6df28d7,,,
0,Even,bilibili,824087,73083,fa8ba153-be63-53fc-98fc-37e685700dc5,,,
0,如月紬衣,bilibili,3546744172316709,73067,be09ecd2-1e1b-503f-af9a-ed2ea5165f8f,,,
0,劳劳lola,bilibili,1624145720,72956,c3b4cf24-a35a-5009-8c0d-9789ba218acd,,,
0,Niar-2A,bilibili,1230463982,72880,f424e5a1-751f-584c-9f72-192134e71499,,,
0,真和大总攻,bilibili,4709498,72845,886333cf-be55-51a3-8133-06ca738c0093,,,
0,莉姆丝,bilibili,664047468,72817,2d4d94dc-443d-5e85-830b-1c29f750b9fe,,,
0,百斯拉_Hundreds,bilibili,15007932,72765,383a99cd-1354-51b1-bcfe-948942b3e471,幻想社Fantas1A,5074200f-7ef8-5480-920e-6c21f74cedd6,
0,未未昭,bilibili,6699767,72759,295dd8da-dc0b-50f7-ac87-44ea0d577dd3,,,
0,三千宫魔王,bilibili,244069,72634,866e7d96-67b9-5463-98fc-a05f5cdd4b14,,,
0,常闇永远,bilibili,491474051,72629,72adda03-eef7-524c-8640-34b413e37a7c,Hololive,40e82f4e-40d8-539c-87c8-ed17c6ea519f,youtube:UC1uv2Oq6kNxgATlCiez59hw|twitter:tokoyamitowa
0,芒芒_Mou,bilibili,3461566982785482,72555,42ff5556-9e3f-5bb3-96b0-7881427b7661,,,
0,Elira的龙之宝库,bilibili,345800862,72534,61a71990-2b5e-5623-b4af-a60627a4eef0,,,
0,心羽ろにOfficial,bilibili,91352,71770,ee537d5c-3d48-5645-a596-517d9d099275,,,youtube:UCqa7upii7rGQu8keQLwhrLQ|twitter:Xxx_RONI_xxX|other:https://twitcasting.tv/c:xxronixx|booth:xxxronixxx
0,鹅er,bilibili,291437268,71584,a69e67c4-91ab-52d2-a6b6-19b122dce686,,,
0,曦月拉姆,bilibili,3493088102189901,71557,5f6ad266-c94f-540f-8a9f-8b9228a23e86,,,
0,Dacapo_ARP,bilibili,3493279251302485,71543,16429a64-2aad-5f9b-bf76-b713554bc5be,ARP,678fbb40-4a86-5d77-b5c6-1d655c897518,
0,宗泽学长,bilibili,610747775,71393,0faff63d-8f1f-5171-b86d-194941231c5b,,,
0,電脳少女シロ,bilibili,391876799,71260,ff2a81a8-5cf9-5ad5-92a5-7a3651dc6d6f,.Live,02f5f560-4646-5fcb-ac58-81279c7e2c1e,youtube:UCLhUvJ_wO9hOvv_yYENu4fQ|twitter:SIROyoutuber|userlocal:5C9973C694A2C341_632bad
0,波音学姐180,bilibili,1769370346,71123,0eedf1bf-e7e6-5973-8a04-07abbc8d8ed1,,,
0,熏熏子,bilibili,3493135764162962,71121,8bc714fd-d1d0-50f7-9f11-4c6e9de16486,,,
0,秦曲曲,bilibili,73857541,70972,b40f1ae1-446e-5baa-b2b4-3425c524710c,,,
0,贝尔蒙德班德拉斯,bilibili,441666967,70851,75669f68-6f32-53e5-8315-47b8d3673ada,NIJISANJI,5da64d9a-b5d2-5f3e-ae3c-35ec6aa42492,youtube:UCbc8fwhdUNlqi-J99ISYu4A|twitter:belmond_b_2434|userlocal:0D82BA9F46DBCDFA_455d0d
0,闪闪闪闪星,bilibili,1898671,70823,e3eb7428-9ed2-5fb7-8b38-4e3dd4b026ad,,,
0,满月Channel,bilibili,147983220,70752,0cfe3301-3111-51e0-9104-5af394a8cd44,Providence,412f3e13-0742-53c3-80e4-a0ea111657d9,
0,静酒今天跑步了吗,bilibili,506562675,70711,7b3db738-daf5-5012-874d-94ca81766309,,,
0,鸥诶Oak,bilibili,351335373,70690,c94f14c3-6211-5e60-9f74-1bc869e8f56d,,,
0,熊田爱,bilibili,125694602,70401,35783ace-a8e6-571a-bfc2-ffd05f528d9d,,,
0,稻荷月,bilibili,2373019,70382,97b4a214-a97b-5d0b-a306-56f8092dfc74,,,
0,古月Tsuki,bilibili,3493141864778336,70381,9dddf3ff-5d43-586c-a169-6d946115b6da,,,
0,疯人愿辛子,bilibili,3546617311398099,70368,c256765c-4e7b-5804-b45e-e178e4f94e64,,,
0,天饺Dumpling,bilibili,157357455,70230,0f7a31d9-2423-5cb7-8f61-bf11af3c8023,,,
0,猫猫虫池颂,bilibili,25264516,70228,7a662daa-8553-58b2-b0f8-c747bb28a3b0,,,
0,朵莉丝,bilibili,511613156,70205,af4d7934-7d10-55f9-8f27-6fdbdfb8faa2,,,twitter:Doris_Hololive|marshmallow:doris_hololive
0,雷凌レイリン,bilibili,290474,70165,ec6aefc8-220b-5eb1-b19d-19576bcf1c0c,,,
0,龙包包,bilibili,1420223,70140,31310e50-2dd5-56c6-b584-7bc03feaaac8,,,
0,悠姆帕,bilibili,1638789,70125,c258dbc2-d8c8-5bcf-87f3-99251c978d2e,,,
0,御剣莉亚-官方,bilibili,517746113,70072,a7c6dd14-208f-59c1-8b6f-e5cd460a98e4,WACTOR,682089de-7fe5-5303-8939-37eeab633407,
0,云路翼Tsubasa,bilibili,1287031552,70070,edbcd7c7-8bda-5d6d-ae3e-9bb6ed1add1d,梦镜茶会（北立交桥）,20336e78-cc7b-5d9f-80d3-7664dbaf550c,
0,白鸢别馆Official,bilibili,148736,70049,5d5b5552-a8f7-56d6-8ea8-b60e2a2c8fe2,,,
0,窝窝窝酱,bilibili,3537122338277679,69984,102ba321-fe67-501a-84ca-9e778dc91f21,,,
0,露蒂丝,bilibili,52522,69533,4e737866-7754-5b1c-88e8-92e216dfab9a,P-SP,f076e35d-500d-57ba-9149-6caed8275768,
0,衣宁ovo,bilibili,3546657887095194,69525,cfde95f5-24a9-513e-9cc9-4d762335234d,,,
0,雅尾墨沫,bilibili,661932490,69430,af5ed503-fad6-5d5b-a0ce-3c5b6578c970,,,
0,rucaco_official,bilibili,1745191666,69402,c4099b8a-89a8-5bf3-98e9-3559b7dcc688,,,youtube:UCH6jR8Ddrevo4OFddNr5ACg|twitter:_rucaco_
0,鸢尾牙牙Yamia,bilibili,292838396,68997,8d9f526d-42b7-5a5c-958f-5e83782c2aea,,,
0,薇Steria,bilibili,1112031857,68954,1751e60b-0618-5433-8df0-df628fa547f5,Croven教团,af7d8e20-2164-5373-a4b1-9a31c085fb7b,
0,Sandy睡醒了,bilibili,1678686361,68887,de771417-f7e2-58f3-8de3-58e14736ea8c,猫邮社,fb7977c3-8198-5021-a136-3c8de14290f7,
0,幻娜Hana,bilibili,3493294860405498,68884,11b69a98-7f2a-5fa7-a6c8-6deaf78809fa,GravityS Project,3dfee54e-d852-5781-b361-5b71c3d16b84,
0,桃几OvO,bilibili,1104048496,68801,77a7a5b4-857a-5b7e-9a61-ecb6864f5930,,,
0,艾鸽泰尔德,bilibili,1485569,68774,4c7ebc75-c038-5717-b77f-c77eb6febfc2,,,
0,biubiu酱紫玩,bilibili,3493278177561307,68766,ef979c3c-62e1-5f50-beb3-6d03246970ee,,,
0,风见唯花,bilibili,456435399,68734,1dbc1df9-dbf2-5177-9a47-55e8c1ef5168,Unlimited,70a4cc30-079d-5e45-9d46-84c6194eb0c6,youtube:UC5Oe-wG53cRHkpV3aHXfLUQ|twitter:Yuika_Kazami
0,小猫女仆降临,bilibili,638968076,68485,41b227e3-b11e-5bfa-a5e8-b0cf08477556,,,
0,永远酱,bilibili,135980509,68423,02619b68-4f0c-55af-a2cc-be3d4915507b,超次元学院,cc64b75a-f000-5b4a-bef3-bc727dab00a2,
0,阿嗔Aurora,bilibili,11300631,68421,6c7fa52b-6c3c-5ea7-90d5-300b0c298070,,,
0,asaran浅岚,bilibili,2082254,68374,ba430967-1cce-51cf-9b87-f053a9d40c0d,,,
0,梦寝兔兔,bilibili,3546785119209998,68307,a3a3bc14-462e-5819-904f-b828c1befa3e,,,
0,天岚九歌w,bilibili,1193621985,68303,ec6ebda7-0c29-5c03-bc5b-e333875aa85e,,,
0,怜也ovo,bilibili,3493107416959286,68293,c8d87b15-7a92-5a1e-9cd2-9c57932590ed,,,
0,韶华依依Official,bilibili,1813542185,68292,f3bb1154-6715-523e-84a9-2c841cc18c44,,,
0,一只塔娅娅Su,bilibili,3546555191659421,68262,4232f40c-55ee-5b42-9603-d37873101a50,,,
0,爱丝艾芙,bilibili,2700878,68245,5a9c1a08-34d8-5836-b58f-6d8146bfe74c,,,
0,雨纪_Ameki,bilibili,1932862336,68182,46c46ae2-9dc2-53e4-bf29-e5255f97aca2,VirtuaReal,6a8d2bed-dc2e-5ce1-a3bd-e31317aa4e23,
0,巫沐Umo,bilibili,1322881625,68006,283177f1-e42a-52b1-b186-a6286e81792e,,,
0,相羽初叶,bilibili,586880202,67987,da95b8c7-78d7-54c2-ba9f-fee101562e26,NIJISANJI,5da64d9a-b5d2-5f3e-ae3c-35ec6aa42492,youtube:UCnRQYHTnRLSF0cLJwMnedCg|twitter:AibaUiha
0,如棠Sugar,bilibili,1969571986,67966,30906334-891b-565f-a4a9-aa24bdf4a41b,,,
0,凉宫雨Ame,bilibili,134637395,67820,f188f355-80f7-5a32-bd32-aa86207721d4,,,
0,晴陌ya,bilibili,360820864,67798,df4072bc-45ba-54ce-9ff5-cbdf9b3e93c1,,,
0,姬熊结璃,bilibili,482515509,67783,b00ea94a-c0ad-5109-bc94-2c2bc1d10d55,ReAcT,6696f9f6-e159-5fa0-882a-1b1213a68556,
0,兰若Ruo,bilibili,320740464,67479,e1b1bf1c-a6f6-581c-9cf7-7b06dcd57fee,魂喵Official,0a2ecd85-eecd-5968-9d03-77649d1844a8,
0,荀异,bilibili,659401,67327,7b61e405-6b58-524a-9d4e-31135c411fc2,,,
0,小咪吃肉,bilibili,3546613580564908,67271,e4a3c5f7-052a-572a-8b24-57be8c59ff0e,幻想社Fantas1A,5074200f-7ef8-5480-920e-6c21f74cedd6,
0,江乱Era,bilibili,1739085910,67126,4f78eaf9-fb52-5169-9e4a-a10f851120c0,VirtuaReal,6a8d2bed-dc2e-5ce1-a3bd-e31317aa4e23,
0,森美声,bilibili,674600645,67050,cee41d26-1080-5c03-8ece-d48cb2a35ba9,Hololive EN,d406e5da-ef7d-5e0f-9439-264188944758,youtube:UCL_qhgtOy0dy1Agp8vkySQg|twitter:moricalliope
0,度人,bilibili,474369808,67029,c9a8a3ff-f922-59fc-9882-a759d4e94d5e,VirtuaReal,6a8d2bed-dc2e-5ce1-a3bd-e31317aa4e23,
0,Rosemi的玫瑰花园,bilibili,77050518,66856,1e60dee9-e205-52a2-b094-8affd8553254,,,
0,想不长肉的喵小泽,bilibili,703068520,66833,a5f99df3-c19d-5e58-972c-528e51fc624f,,,
0,白紫茉莉Official,bilibili,1389126155,66176,977142c4-9e9d-54c9-98e4-e7287d03297a,,,
0,桜都子,bilibili,397758529,66098,a95f60f7-3ad4-54f9-b819-c1f3d5d8392f,,,
0,雨宫水希,bilibili,744713,66098,5f84d04a-55b4-5896-b821-8f5b1642b4c1,,,
0,艾尔,bilibili,6000336,65982,13988ac7-1aa4-57f8-be15-43f4ebc9ac36,,,
0,夏实萌惠,bilibili,355167926,65946,07c360c6-2150-50d2-8844-450fefba6e52,エイレーン一家,2773e11c-0c30-55f6-93b5-042687c64d38,twitter:Vtuber_Moe|youtube:UCBePKUYNhoMcjBi-BRmjarQ
0,费克の转发组,bilibili,2107634649,65926,4ad0bdfb-42c0-5c1c-a922-b79f8161cc11,,,
0,老张也要萌萌哒,bilibili,365503736,65915,abf53cab-a1ab-51b6-acc1-27f16ce49894,,,
0,奈落米拉米,bilibili,1878923691,65880,1e20ac58-a167-50b9-80a6-583fb14f1bc4,,,
0,小司无常,bilibili,8760033,65840,e2f3545b-b48f-5a86-8747-7daabe592f17,,,
0,Seikyuu-VA,bilibili,877437,65684,9de50027-be14-50d7-845c-5a815fcaf00d,,,
0,麻尤米,bilibili,1265605287,65610,88486a8c-b0b2-5dcb-8a89-7a99f413574b,,,
0,梦追翔,bilibili,511613154,65455,da50f3f2-6067-5a09-8ea7-99e5a8d13634,NIJISANJI,5da64d9a-b5d2-5f3e-ae3c-35ec6aa42492,youtube:UCTIE7LM5X15NVugV7Krp9Hw|twitter:kakeru_yumeoi|userlocal:A69A4A61BE29BB9A_8f7cf6
0,咸味猫鱼君,bilibili,457061412,65226,21ccfbda-348d-5f1e-ae84-be711927845b,,,
0,暗妃鲁咪蕾,bilibili,1202504814,65083,c0aabac9-1e6d-57eb-ad1b-3e2bfa7a2dca,chucolala,ad652370-a736-537f-aa70-6ee528138364,youtube:UCT61Qxmt8_1Zcdje8NwVphg|twitter:enfer_mirei|marshmallow:enfer_mirei
0,初焰Hatsuhomura,bilibili,431473020,65067,4b6fe3a0-3ead-5e1e-b0f2-d4d5c7090199,狄灵计划,811ad373-4359-562c-add8-3c2492dc209b,
0,芙瑞free,bilibili,1589833236,64970,979e35bb-fb8a-58c6-b3d6-ce92becef42d,,,
0,冬月の北极猫,bilibili,25644004,64950,b789f74f-c58c-53c0-a8ee-406339cc44a0,,,
0,蜜言Mikoto,bilibili,1609795310,64733,1de1f3db-a6e3-57bc-b2e7-0b1ffd5a3b3d,VirtuaReal,6a8d2bed-dc2e-5ce1-a3bd-e31317aa4e23,
0,盖乃希亞Galaxy,bilibili,1846208014,64690,9e3d4002-1ed5-5afa-976f-5e1abedd7128,Croven教团,af7d8e20-2164-5373-a4b1-9a31c085fb7b,
0,岁己SUI,bilibili,1954091502,64659,790b94a7-7a6f-5661-8dfe-e01a05b55bbb,VirtuaReal,6a8d2bed-dc2e-5ce1-a3bd-e31317aa4e23,
0,町田千麻的瓜子铺,bilibili,46085853,64591,b8cd9d11-bdc1-5028-b57a-ae62b9fc4dbf,,,
0,嚼着软糖想昵称,bilibili,230487728,64546,998aeaff-809a-5cac-98b6-59fdfd241041,,,
0,九九宝贝ovo,bilibili,40816419,64494,6908bb45-8d18-5480-bb2d-07cd632832c3,,,
0,无理MURI,bilibili,455916618,64493,514338cb-d986-509c-a7c7-2f434e862f95,VirtuaReal,6a8d2bed-dc2e-5ce1-a3bd-e31317aa4e23,
0,清兰sanrel,bilibili,518490855,64344,75abfe4f-2619-59b2-82f3-7d7ea438679f,,,
0,星月璃り,bilibili,1114539017,64311,924e8dbb-0131-5836-a215-9205fde736bc,,,
0,犬川面面Miami,bilibili,1752208642,64303,ea4caef1-457e-58e1-a582-3804321403de,,,
0,狸猫花生搬运组,bilibili,354142359,64200,da84a301-f120-54a8-b46d-d4b913da4bc4,MochiPro,9934d233-a130-5459-8554-ecc7234d2891,
0,向日葵なっつofficial,bilibili,1761499833,64083,1b7e0da2-e54b-5e73-b29a-e0eb6f51f3be,,,
0,珑柰饱饱,bilibili,3493289644788257,63960,b5cfe5e5-e7eb-54be-8f89-de73cea6f8e1,,,
0,尾丸波尔卡,bilibili,624252712,63932,f391b6ba-6651-5497-92cd-822cb151b63c,Hololive,40e82f4e-40d8-539c-87c8-ed17c6ea519f,youtube:UCK9V2B22uJYu3N7eR_BT9QA|twitter:omarupolka
0,三理Mit3uri,bilibili,2030198123,63834,1de00607-adbd-5337-9cd4-324d3f9619d3,VirtuaReal,6a8d2bed-dc2e-5ce1-a3bd-e31317aa4e23,
0,椒椒JMJ,bilibili,12916664,63754,e421a602-a448-5074-934f-ff470f2cb3b8,,,
0,辻蓝佳音瑠_channel,bilibili,2123631024,63694,bda6b29d-0f6a-56bb-b385-a6c5e7defbea,,,twitter:Tsujikane|youtube:UCBNze606Rcoars_33NPyJCQ
0,万恶之源陵老师,bilibili,1894693,63663,912332f9-330f-55fd-807c-f2f797a0dde0,,,
0,沸雪Fonise,bilibili,1373195486,63622,937f8f56-7d3f-5ea7-a41e-2190a650e7f9,,,
0,Senz_Official,bilibili,3493084824340954,63614,9b2817eb-cef1-579d-9163-91d407b5d7bf,,,
0,白绀-doctor,bilibili,3690970457573801,63603,ebdcda4a-a6cb-5d71-a5e8-dbaf925c9a66,,,
0,ask是asuka,bilibili,3802666,63597,2b750d24-7fd0-52d7-aba4-2075b91a45ed,,,
0,珞璃Official,bilibili,1816182565,63402,a75c5b9d-4cd6-53ff-ba65-6afa6139868b,MZ次元,8d3239cd-4811-570e-a968-7c582e46ead0,
0,千岛尤樱,bilibili,1810786106,63369,a82cda4a-5b1f-56b6-b66f-ebc84318c42a,,,
0,星星伴你好眠Zzz,bilibili,1526856386,63354,11d09225-6e23-598e-afc2-bfa13301f609,,,
0,夜霧,bilibili,427061218,63111,02c79a3f-ef32-59d9-8640-cc12a0a1c7a1,,,twitter:_YOGiRi_owo
0,棉花糖ame,bilibili,1816653243,62830,a9a6659e-0305-50b0-8ee2-a51dd5dde51a,,,
0,沐晓空Channel,bilibili,36265198,62758,e7759ace-eb45-5d01-ad3f-b84ddf1fdfe8,,,
0,鈴木玲子_Suzuki,bilibili,17661166,62696,3d2dedc3-91d9-5e77-91f4-a3226a06fc59,,,
0,优花璃Yukari,bilibili,1418540128,62689,aff56548-8e38-524d-b0a3-b0723cae7593,,,
0,阿墨,bilibili,585578,62662,fdf9db93-3212-5874-9ae3-159d9a5c3890,,,
0,奇比chippy,bilibili,3632304677193739,62652,163ff5cc-8223-52b2-9574-b659d2322426,,,
0,卖火柴的可可亚,bilibili,719049,62599,51d7bad8-82a6-50bf-8129-851d6120abc4,,,
0,四柒--siki,bilibili,649984343,62414,2ffa7c03-b6da-5605-b86c-bba7496b8e6e,,,
0,小蝰Kuii,bilibili,98094853,62379,fadce935-2674-51e8-b00d-7826c805f989,,,
0,咪诺,bilibili,49142760,62096,f6e17c2d-59ed-501b-8496-15fc25ba9d43,Palette,d0827515-9a79-5e6a-b445-b1145bacfea4,
0,蓬莱天狐,bilibili,3546880644483627,62083,6f87d2fc-6142-5e0f-8dc9-c817d9c577d5,,,
0,音無来未Official,bilibili,479424373,61972,cc0069dc-3231-5167-b2e1-a4a00a39fa2a,,,
0,咪菈Mira,bilibili,5333581,61925,ae455c26-3ea9-5b14-894e-7fcf9f1bde59,尼比陆,e91a4eb4-14fc-500f-a8f5-f8650d62dbd2,
0,罗莎琳,bilibili,511613157,61808,bc59b9fe-6e00-5a0a-9f40-1fe37bfa9251,,,twitter:Rosalyn_holoCN
0,星野琳奈,bilibili,9736638,61638,f9b4f0fd-141f-558d-9950-a5957a13823c,,,
0,颂温暖,bilibili,3546581471070432,61587,9f9a4ee0-bdfd-5494-be30-e19c84e5cc12,,,
0,Saku悠娜,bilibili,12006497,61449,e4822dbe-feaa-5b5d-af05-13a8767d55c2,,,
0,咕咕挞Official,bilibili,3724949,61428,0f91628c-38a2-5513-b5ea-5de4919b1336,,,
0,szswindy,bilibili,2242273,61365,da39194e-8086-52b6-af06-572c979d7845,,,
0,世隐OuO,bilibili,1720966,61288,9b8fb7fd-5efe-5f4c-b72c-5cabaf15fc49,,,
0,电疯扇,bilibili,2743776,61252,2b5c9e2a-ba76-5665-8b1f-a323d19e035b,,,
0,栗可长高高,bilibili,2096294036,61143,529b0745-5600-526e-a4c4-432d54b95dec,,,
0,laiciffO_白贞雪飘,bilibili,1089732924,61055,dfba062c-7483-5baf-86bb-afed74c333e3,,,
0,杏仁ミル,bilibili,396751329,60985,2e3a49f4-c1a2-5488-986a-4129383f763e,YahooTV,f4d991d0-7877-5221-aa85-d05f92d404f3,youtube:UCFahBR2wixu0xOex84bXFvg|twitter:AnninMirudayo|facebook:AnninMirudayo
0,望月希咏,bilibili,286113280,60861,98d65861-577e-5eb5-960c-ac02fd2ffb02,,,
0,纤灵儿er,bilibili,3546558941366987,60712,ab7b36ad-ada7-5fd9-aa6b-1ebc037639e8,,,
0,温以泠,bilibili,3494365156608185,60671,106f8bb3-b199-506e-8699-25801ac09b4a,,,
0,绯叶明依,bilibili,3526739,60511,d03e8386-5453-5ad1-b832-1a3fc5e88527,,,
0,桐生可可,bilibili,491474049,60462,5e743f83-a00e-5554-b57c-818d4655b9e0,Hololive,40e82f4e-40d8-539c-87c8-ed17c6ea519f,youtube:UCS9uQI-jC3DE0L4IpXyvr6w|twitter:kiryucoco
0,侵蚀公主,bilibili,1742630,60410,3e519e84-52dd-5356-b1f7-a4686bf7ac30,,,
0,衣娅,bilibili,282875499,60393,b33b5eb3-3156-5c91-bca4-61496aebdd2b,,,
0,希诺_Sinon,bilibili,3494364753955175,60274,25fe0802-d644-5f8c-ac2c-9b73a2fd02a0,Mo-o_Project,744d21de-42cf-506d-b495-c538ccd2566e,
0,纱音_Syanon,bilibili,1394160176,60094,80cd34b3-a3ac-54ba-afcd-bc10db39aad9,,,
0,冴米yami,bilibili,3493134189202377,60009,a3c25c72-267c-58e3-aa3b-278a90ef96fa,,,
0,爱宫MILK,bilibili,419429042,59954,13310b6c-91dd-5024-9c47-d4b72f411163,NoriPro,5ca43bb4-d060-578e-a040-2d924bab8fb1,youtube:UCJCzy0Fyrm0UhIrGQ7tHpjg|twitter:enomiya_milk|userlocal:8A4C0E8AD0AE9780_b79859
0,叶绯页,bilibili,3493283607088082,59786,6757e4ca-29ce-5851-832e-98bdd8126a66,妖精管理局（北立交桥）,c8d7d021-ce8c-56f6-90a2-ab8758b3ac8a,
0,法弥拉,bilibili,3546712060725363,59679,3f559f1b-bed0-5778-be79-b999e649c82e,,,
0,挞咪mibi,bilibili,3461566812916000,59605,f2d7c2e8-4d75-5363-99ed-0b52417d8fcc,,,
0,Nyanners,bilibili,3546700501224312,59595,661e7af6-5e42-5f92-bb91-3bcc783c9261,,,
0,西魔幽Yuu,bilibili,476725595,59491,518c31c1-fcfc-5eaf-9874-e34f9c6c0d8c,P-SP,f076e35d-500d-57ba-9149-6caed8275768,
0,娅弥Yami,bilibili,1200516867,59447,55939cae-ca53-535d-8994-912ec2c6b9f4,,,
0,琴咕咕Official,bilibili,102511389,59384,038da5c6-cbb1-5e01-a101-393fe4204afd,,,
0,千幽,bilibili,690608691,59371,b9dd97da-0b2e-5421-be79-d1b2b179aa59,VirtuaReal,6a8d2bed-dc2e-5ce1-a3bd-e31317aa4e23,
0,拉普拉斯暗黑,bilibili,3546816039619075,59345,5075b990-5a8b-5f44-a3a8-2447ee3aba07,Hololive,40e82f4e-40d8-539c-87c8-ed17c6ea519f,youtube:UCENwRMx5Yh42zWpzURebzTw|twitter:LaplusDarknesss|userlocal:79E627B7052ED31F_f0d7a7|twitch:laplusdarknesss_hololive
0,梅妻,bilibili,1199634708,59341,029ba528-ae4e-55f4-9e61-1036d203d956,,,
0,小粒Q_Channel,bilibili,482480476,59325,c08eeefd-2c62-55b3-a946-c7eb479d960f,V_G研究所,30f0a6c7-e49d-56b9-8dd9-60bf6539212b,
0,笔笔_bibiko,bilibili,472712134,59298,0d9ff8e0-6301-5e61-8ad8-bd63f5f9e03c,,,
0,清濑冰ices,bilibili,8558528,59284,91e4f728-bef5-5d58-aede-c226cca54323,,,
0,申岚_Official,bilibili,37756047,59231,6aa7686d-807a-5f27-a574-87434c044478,,,
0,缪亚Milya,bilibili,3546391169206375,59101,edc907d7-d830-5437-8121-241cd94f02d3,,,
0,ピンキーポップヘップバーン,bilibili,393940396,59100,1f7ccbcb-ed9b-5386-8363-274ae4e19c4d,VIC,44ffc461-168b-56f3-9458-0f450b0b36a2,youtube:UC1pR2ig6NhndhvicEgclNdA|twitter:pinkypophepburn|userlocal:A0A6B3C32800F0AB_5d2fa6
0,酥芷Chakku,bilibili,454223734,58971,c2a79d43-2d9b-5814-b75b-fda56cbfe457,,,
0,阿喵吃喵喵,bilibili,449174986,58955,02fe2686-9ec6-5dea-9ea1-b955155bd076,,,
0,KanaSukoya,bilibili,386764545,58798,674c21dd-77db-5937-bccc-7b0899d82f16,NIJISANJI,5da64d9a-b5d2-5f3e-ae3c-35ec6aa42492,youtube:UC8C1LLhBhf_E2IBPLSDJXlQ|twitter:sukosuko_sukoya
0,早穗,bilibili,697652272,58705,7f8e9da4-5fb8-5aad-9de2-f861ee3742c3,,,
0,冬星铃Kira,bilibili,3546635013458217,58652,8ebb6bb6-8e78-5312-8cf8-b36a1d89d77f,,,
0,真穗Maho_Official,bilibili,2029255656,58594,8b42c00f-26c5-556f-ab9c-eec6a5dd6cd6,,,
0,天神子兎音,bilibili,360221708,58507,dcab9cde-3e31-5f90-8ca1-854d87830fc3,,,youtube:UCAr7rLi_Wn09G-XfTA07d4g|twitter:kotonegami|userlocal:0EEF2E805F20612A_0de0d1
0,八桦蜂吻Channel,bilibili,1979294609,58456,653cf1f2-b03c-545b-9aa4-ce17bca1d691,极光社,9548b50d-dbb9-5b8e-9a4f-a86239ac14ca,
0,天宫心,bilibili,488976342,58372,6210a2db-d6ec-52e5-86ef-f1fee682752d,NIJISANJI,5da64d9a-b5d2-5f3e-ae3c-35ec6aa42492,youtube:UCkIimWZ9gBJRamKF0rmPU8w|twitter:amamiya_kokoro
0,颜御Akuma,bilibili,670250754,58340,1fa5b33d-8524-5dbd-a442-e7902dedbbea,,,
0,水间埋-mai,bilibili,3546893606979799,58330,20c42117-6ba1-5aef-aa38-80f3bcc2f301,,,
0,笀崎小吉Channel,bilibili,1899153123,58316,dc006e94-69cc-55ec-84ef-f2845746f659,ChaosLiveSprout,e67fb222-1c4e-5f19-84da-9e8beba2c365,
0,葵Shiro_Official,bilibili,2006314323,58238,a8540417-829a-5a54-9293-34e8d17e94c3,,,
0,夕兔,bilibili,2128310,58223,af674de1-178b-5e9a-849c-9a3143fb5a08,,,
0,晴云Haku,bilibili,3493258292365656,58203,a1a4dbf0-ffb9-5925-a6bf-a51424b43618,,,
0,饼゜,bilibili,9232442,58199,3e381e13-1999-5eb9-ac49-8e4e884f5804,,,
0,洛佩sama,bilibili,433307,58123,6e1ccd03-28e6-56c4-9eee-3295d1cd9a5b,狄灵计划,811ad373-4359-562c-add8-3c2492dc209b,
0,梦想的塔尔斯,bilibili,7410885,58057,d056adb4-106f-585c-a34f-b36ddae105d6,,,
0,seven7酱,bilibili,3270232,57875,f730a49b-2ebf-5929-9ba3-eddd06c68061,,,
0,洁绯,bilibili,176166181,57788,3b9476f7-8905-54cd-802b-55c10ecd3f9b,,,
0,ninnikuu,bilibili,11431931,57714,6f5f1fbf-d282-5015-bfac-e9aef0bc5979,,,
0,碳酸钙Official,bilibili,298652988,57687,2a8c43c7-2eab-5b7c-ab1b-fb22107945e7,,,
0,劳伦·伊罗斯,bilibili,1660351669,57682,3a4e35fc-5f45-5268-a1e6-02507c9e5682,NIJISANJI,5da64d9a-b5d2-5f3e-ae3c-35ec6aa42492,
0,Alice酱o,bilibili,3493123424520328,57655,6310d95e-afcd-5b93-92db-299cf2e2a56e,,,
0,天使なの,bilibili,1666868191,57640,33db1fe9-c2c0-56ba-b832-12676dabdaa7,ますかれーど,02e4175f-3781-50e6-85ff-b58ba023732a,youtube:UCxBmyZNQDFJVr9-ZE7hAYfA|twitter:angelnano1004
0,卡鲁,bilibili,3493093598824700,57619,fe187df8-0266-50ad-b156-921bb0c83eca,,,
0,白理枳,bilibili,435858133,57605,3c981c1a-544d-569e-9682-70401e0ab401,,,
0,樱饼饼Sakura,bilibili,3774410,57432,45ad5ca1-94a4-5e7d-8af3-51422218ace1,,,
0,小搞_official,bilibili,3494355077696482,57387,08224187-b11a-598c-818c-8a57ac9c63d3,,,
0,明日铃ovee,bilibili,3546861841418874,57347,ada2e4c4-4e5f-57e6-8033-0980a8102a61,,,
0,加贺美隼人工业搬运部,bilibili,2075226,57325,4d0b8d5a-7cc6-5406-89ac-c1b61a2079c8,,,
0,陆琛小攻猫z,bilibili,30962669,57146,55ab75ca-e79c-5ddd-a4bd-7aae172377de,,,
0,艾朵不想起床,bilibili,3546827378919803,57118,de7c0a5b-166b-5e98-9a70-cb84c1660105,,,
0,真绯瑠,bilibili,477306079,57095,2007dcd8-2d36-5ab3-a6e5-eb08b8fc3459,VirtuaReal,6a8d2bed-dc2e-5ce1-a3bd-e31317aa4e23,
0,伊菲不是小火驴,bilibili,43156010,56982,de8a7e52-7210-5af9-95d9-60e653606e6a,,,
0,御伽原江良,bilibili,436596838,56940,5c6631b1-3238-5d72-bf1c-f30ea8b8e579,NIJISANJI,5da64d9a-b5d2-5f3e-ae3c-35ec6aa42492,youtube:UCwQ9Uv-m8xkE5PzRc7Bqx3Q|twitter:OtogibaraEra|userlocal:6B40BC6DE45B6981_9eba59
0,卡氧吃不饱,bilibili,1099227208,56902,fab92511-9355-5299-b844-235ac55de265,,,
0,灼灼Auburn,bilibili,1132450186,56839,9ed63e1e-5c8d-50b7-9309-c8beb352485e,,,
0,玺月兔兔,bilibili,1270402498,56806,32bd941d-eb64-502f-91ea-35ddfd5c93bf,,,
0,葡冷尔子gagako,bilibili,1376650682,56779,09af5f0b-4a4c-5350-9254-2963a0fe5730,Palette,d0827515-9a79-5e6a-b445-b1145bacfea4,
0,Nina的空之御守,bilibili,318463212,56763,f088977a-bd27-5cfc-8a3d-7d26d9471a2e,,,
0,星川莎拉,bilibili,410542957,56619,0dc709d4-3c77-5a89-9e58-67213aebd34d,NIJISANJI,5da64d9a-b5d2-5f3e-ae3c-35ec6aa42492,twitter:Sara_Hoshikawa|youtube:UC9V3Y3_uzU5e-usObb6IE1w|marshmallow:sara_hoshi
0,路菲比Febee,bilibili,1296133469,56600,cb4631eb-54bb-5e99-864e-7c65295d1c22,,,
0,白狼哈伦,bilibili,471733819,56594,878d9c97-0650-5dbc-ae0d-8ef22278e7f7,,,
0,魈格Yezpi,bilibili,3493124712172000,56539,e976d78e-2ffc-5cf1-9b9d-c416ba43557f,淬蜂计划（北立交桥）,b30df939-d5cd-5c9d-a6a1-ec905b14e77d,
0,小Bee登xbeed,bilibili,3546747018152539,56534,6380605e-f3bb-55a2-927e-b7441657a89e,,,
0,ヒヅキミウ,bilibili,391614061,56482,562eee39-d03b-55ff-9ee7-d25c268e2169,WACTOR,682089de-7fe5-5303-8939-37eeab633407,youtube:UCM6iy_rSgSMbFjx10Z6VVGA|twitter:HIzukiMiu|userlocal:6222E4D6767FAC43_a3e226
0,不想加班的朋朋,bilibili,8828904,56378,e05648b1-aae3-5608-8aa1-a80b757c5826,,,
0,黛拉来啦,bilibili,3493075334727999,56226,5769c971-e805-550e-afb6-76ec83d3c1f9,,,
0,白小蛮不讲理,bilibili,1960682407,55905,d55c4a10-3b52-5f2d-86fd-071410b62214,虚研社,d7af6703-ed00-53bf-aa46-0d5cf679925b,
0,沙口酱official,bilibili,569192826,55776,9c7c1dbf-67f0-518d-adff-45b01c1f504a,,,
0,MeAqua动画制作委员会,bilibili,4307809,55768,322ffdfb-7e90-551d-aed9-527f59127c91,,,
0,Petra的寒霜之海,bilibili,1004638374,55743,da9f6987-cdc2-54a3-ae8d-deb6e3053b1c,,,
0,月野啡,bilibili,3537121858029811,55724,7ea29a37-7163-51f7-8bf0-8c927455c369,,,
0,贝蒂-Betty,bilibili,323774877,55723,47254d47-0d3a-5bae-a562-e578c5a62b6e,,,
0,望月理莎,bilibili,1468007004,55628,e5c0128b-0e04-5d17-8c05-9907b0574e4a,,,
0,草药呐喵呜,bilibili,32946464,55611,a44a3ca5-599f-54ef-90c0-836d11dfe961,,,
0,靡烟miya,bilibili,1958703906,55550,5a67a04f-b32e-5d84-80f7-d3815da6bfdd,,,
0,铃原露露,bilibili,428424219,55547,fb49926d-3e6b-5317-ba2c-1a64d2d0081b,NIJISANJI,5da64d9a-b5d2-5f3e-ae3c-35ec6aa42492,youtube:UC_a1ZYZ8ZTXpjg9xUY9sj8w|twitter:lulu_suzuhara|userlocal:A7FD526CCF4ED8BB_e96f1e
0,小尾巴七饭,bilibili,1288322599,55521,71dbcdcf-5ffe-544c-9b11-70f549ee0b3b,MUGEN LIVE,e4a9a919-a2c3-5844-a726-7a7f7d19f3c0,
0,南宫灯official,bilibili,1359996,55514,ff367f12-6fda-5dcb-8210-e340a3d8ad3d,,,
0,呜宝,bilibili,3494370527414539,55466,2f44c83f-9089-5766-b109-7266115be986,,,
0,赫卡特_Hecate,bilibili,402110060,55424,3795bcb9-0ba8-506a-a0a3-30ec87f54663,,,
0,与枝老师,bilibili,19986917,55372,beb89f07-0a11-5629-a444-fc4e9fe17351,新月社FCrescent,26092163-9c52-505b-bd98-2d5aa9060dfd,
0,惑姬,bilibili,472877684,55187,f7887858-0392-5bd7-826f-3e36acebaff9,VirtuaReal,6a8d2bed-dc2e-5ce1-a3bd-e31317aa4e23,peing:waku_vr2434
0,瑞楼叮_reloading,bilibili,21768683,55177,483b2d15-239a-5a47-b90c-c987d999d341,,,
0,绫月汐Shio,bilibili,5986897,55142,5ee10674-65e0-5d37-87a0-cb8610abd97a,,,
0,猫耳草frost,bilibili,1685294332,55118,0a62dcbc-2f78-57bb-b299-8d6474f2da1f,,,
0,楽烯Roky,bilibili,1408772106,55010,7fa7dc52-8766-56da-b5d8-1ab59277807c,,,weibo:7699183285
0,Pomu的妖精王国,bilibili,434103559,55007,2cf7475d-7b64-5931-9fbd-9d610a0b37b4,,,
0,白兰九,bilibili,3546568189806605,54930,4d658e61-91d4-58c0-9abc-a4799d1eb013,,,
0,路伊丝Louise,bilibili,1324211803,54840,c568db16-e1c3-56c0-a82b-7f792b59c4de,Providence,412f3e13-0742-53c3-80e4-a0ea111657d9,
0,派大露が,bilibili,43403127,54710,2ff9e911-d192-59be-ac52-e52e5fef3422,,,
0,YuNi,bilibili,325325965,54633,0d7d3df7-37d8-5dc2-b19f-d213c7980655,upd8,62b750ab-e71a-59cc-b6fe-71a2debb5598,youtube:UCHTnX0CSX_KObo5I9WuZ64g|twitter:yuni_vsinger|userlocal:10E0A22BFD47B979_880d33
0,咲花なる,bilibili,1354255177,54598,205168b1-fc4a-510b-a240-630cd5db6f15,,,
0,Reimu的地灵殿,bilibili,5308042,54583,4b1eb70d-2151-5845-b192-2abe30f52ebb,,,
0,日夜_offcial,bilibili,785741,54569,93356d5c-0d48-5576-b424-8e0c551fd356,,,
0,静凛字幕组,bilibili,323590528,54539,f1d2aaa4-397c-5074-ba7e-b5deff162922,,,
0,夏璐娅_Official,bilibili,3546711154756547,54535,9206f158-ecec-58db-b992-df400471fd81,,,
0,安歌儿Angel,bilibili,1441100481,54524,f292c914-ed3a-5f6a-b7ad-eb2d5e7ea167,,,
0,月兮Channel,bilibili,606293627,54371,a09a320d-d91e-5ef4-83dd-e183bc2c72c9,TheVirkyrie,d4d3135b-dd1c-57e2-9122-a249c97d40e7,
0,森中花咲,bilibili,436596836,54333,ab22a8a8-8ae7-5346-8bd2-b917bbfca2ad,NIJISANJI,5da64d9a-b5d2-5f3e-ae3c-35ec6aa42492,youtube:UCtpB6Bvhs1Um93ziEDACQ8g|twitter:KazakiMorinaka|userlocal:98AEAAC18AD51B8D_14cffb
0,最poi的Nia,bilibili,11041707,54175,8dc7c123-f938-5b79-aee4-b10cbf26ab05,,,
0,銘晴Halo,bilibili,1057152924,54094,a782b888-0811-55d4-ad9e-7327cd8438df,虚研学园,da7a049d-15cc-57f9-bb68-49af75ad7b52,
0,猫老大ouo,bilibili,1707683664,54002,a230358f-aae3-54e7-aedd-131381624255,,,
0,KisaragiKoyori,bilibili,524194761,53798,4b17d9ab-2d16-5d9a-8f3a-5fe4cee16809,神楽组,9709a2c5-843f-5615-aa16-a2e1d3cca78f,youtube:UCWmJy4zKFf9Y_UQdS5sWuUg|twitter:KisaragiKoyori
0,優奈Darlene,bilibili,3546704445967094,53744,cfaedece-480c-509a-bbf4-f97db945c4e3,,,
0,五仁Azuria-,bilibili,3146143,53736,257a4d30-b6c2-524e-8e68-a913077cfb1f,,,
0,星稚Sieny,bilibili,34304096,53701,9420d8ad-ac60-5ef6-8088-f8fca15eb74f,,,
0,桃井最中Monaka,bilibili,692437895,53698,3ce05797-8301-5252-9d99-aa3f85a8b35c,,,
0,第五灌灌,bilibili,3493119043570098,53673,638f2b77-52f8-5100-a511-d5c0a0b5fcfb,天枢project,7126d95d-9311-5691-a2de-88d978486297,
0,Kumo观音山,bilibili,512505308,53633,0f8f28d9-950f-5fb3-a2b5-7617088fb74d,,,
0,白无义,bilibili,3493116942224133,53591,9bfa68a2-05c3-53d7-b14d-7075c24b498a,问尘仙会,5f2eac9f-dc17-577f-a22a-19003e81fcdf,
0,耗油HYoo,bilibili,10632947,53554,c4ee4f46-8e00-5c33-b921-638fad2ec1dd,,,
0,木乃伊子,bilibili,690230154,53479,263906e1-fea5-5120-bddf-3637cd60b467,,,twitter:mmu_uko
0,言玉楼,bilibili,3493090323073043,53299,236b6c9f-7881-5725-9abe-99c5285be725,C-Live_Project,54f12813-1527-5f52-b566-3b36f51d676b,
0,连理今天也好可爱嗷,bilibili,1680646141,53198,c25be74d-d79f-5a65-a233-276de6d48442,,,
0,茶乃間未来,bilibili,3546394178619505,53077,c9730eef-bacd-5ba0-992d-75b785e53c6f,,,youtubeat:MiRaiCha|twitter:Sakura_MiRai62
0,Elira_Official,bilibili,1958912868,53072,45331fb3-f9d3-597f-8e43-1a3240cbf591,NIJISANJI EN,745fdb2e-e624-5852-804f-7493f9b4f56b,
0,一只菠之萝,bilibili,5832770,52930,e8b1b1c9-24d8-591c-b4df-9799732e545f,,,
0,瑠璃川こはく,bilibili,12823143,52927,79539c77-b8da-5e5f-a818-15fcd84cd321,,,
0,江惠惠,bilibili,422501642,52905,e6728214-9df2-5f56-822d-95783e3a6b58,MZ次元,8d3239cd-4811-570e-a968-7c582e46ead0,
0,雀雀Official,bilibili,206983318,52861,5220fcda-e42b-5fd4-9c42-89c7cfb03239,云光计划,f96c12b2-b935-5c29-9a31-46c97eca9c4c,
0,千璃Chili,bilibili,1497089648,52810,5ea44981-683e-5a8f-a968-ea0904b128c4,,,
0,库伽Hakuja,bilibili,690608695,52810,99527031-3ac0-5483-a4e7-5a68628f34a1,VirtuaReal,6a8d2bed-dc2e-5ce1-a3bd-e31317aa4e23,
0,深水怠Darara,bilibili,630000721,52743,8fa48aa4-7d2a-54b9-83d5-eda3b33b048b,,,
0,苏米米w,bilibili,3546976100550858,52733,2837b59e-49a9-5297-9517-fd3b9f6e1ecb,,,
0,浅野天琪_TANCHJIM,bilibili,390647282,52704,5048aa97-5d0c-5a73-8189-c5abb4ea818a,,,
0,童田明治,bilibili,458154140,52701,4dad81d0-7fb4-56dd-ac9c-dc7373f738ee,NIJISANJI,5da64d9a-b5d2-5f3e-ae3c-35ec6aa42492,youtube:UCveZ9Ic1VtcXbsyaBgxPMvg|twitter:warabeda_meiji|userlocal:4584C4980A15B70B_637e05
0,叶河黎,bilibili,3461578781362279,52635,62424d8e-b2b4-5895-b616-02584ac54e13,,,
0,妮莉安Lily,bilibili,3493271057730096,52620,cbbde341-465e-593f-aa6b-eb0fbd3b6d39,,,
0,兔兔牙萝北,bilibili,22253179,52557,45ef857d-e09f-5c77-9c5b-f35c31e97bd0,,,
0,御子柴泉,bilibili,3546801657350960,52552,edf7872e-15f3-5ed5-af9f-da78c27ea3bf,,,
0,泛晓akarui,bilibili,25691069,52524,27c3312d-b597-528a-acaf-7b60958d94dd,猫邮社,fb7977c3-8198-5021-a136-3c8de14290f7,
0,见月伊子,bilibili,675538,52520,b1497760-af05-54d8-9ce3-449b6efcfa05,,,
0,尼奥,bilibili,12120515,52451,d052840d-24d2-56db-86b5-365f06c5a73c,,,
0,瀞酒其姝,bilibili,56546937,52246,06500573-8e0c-52bf-9709-0dcb760b4338,,,
0,清水呱子,bilibili,13724010,52155,33c0caf2-d5c1-54c6-94ca-2dc4be51ba25,,,
0,泠雨Youmi,bilibili,1298650059,52108,be178496-2345-56fd-b0fe-9f7b107d7f9e,,,
0,樱井林official,bilibili,10713043,52034,0e683a13-702c-5ba3-b158-880c4bf57db7,,,
0,夏小芫Official,bilibili,3262991,51919,c64152e0-32aa-5d58-a6ac-f79d6678bd12,,,
0,莓野麻团,bilibili,1097083213,51803,db4fc45b-8fe4-5616-aa17-9fd03dcb02d3,,,
0,晓欸,bilibili,3493120578685839,51762,21139131-4e34-59f2-a3b6-a7805f508695,,,
0,青叶映桃眠Echo,bilibili,3493117363751402,51628,8c0e2230-ede2-5006-9180-81082018dd8a,猫铃社,6eec14e5-38cd-504f-a995-b7bd15b4c51f,
0,太白堂,bilibili,2878823,51565,8bf14fcc-c39e-5744-b51a-c6a648dc2b99,,,
0,罚站AI,bilibili,430774867,51491,0dd0862a-4c5f-5207-9eeb-d2fa4610fae7,,,
0,温妮娅Wenina,bilibili,2095436931,51406,ad8216c2-1da2-5bea-af41-47c5688f285a,,,
0,桐原梓梦,bilibili,9982433,51372,79dba2b2-5cba-5bac-afd7-86930a3f15a7,,,
0,芽衣子owo,bilibili,1222755399,51266,a3ee4e1e-a513-51be-876b-47023e7d824f,,,
0,散華藍SankaAI,bilibili,1993395129,51251,e6fb26ff-c7ae-5ea0-8b61-09f032a79259,hOuOu_Project,3056975b-305b-54cd-b28c-0e005b612a5a,
0,立花结那Channel,bilibili,524303239,51156,a991220e-9822-53bb-8722-c73a43a45271,,,
0,琉璃酱,bilibili,11203281,51148,027966a9-3c64-551b-815a-3d10d15bf224,,,
0,rinu_stpr,bilibili,545495970,51111,4497c9bc-0b31-5122-9180-6dd60eaf157d,草莓王子,d5b4bb11-0b31-5e96-a0e5-5ca27dfebc98,
0,白银莉莉,bilibili,494850406,51105,a9cd06bf-03c4-5dfe-b5c2-868df1dc73c7,,,
0,量子少年-慕宇,bilibili,1230039261,50991,ec826ff0-8f5d-51bb-bbea-d94baa7b421e,量子少年Official,47ca08ba-9ebb-5ac9-bae9-b0f3b802e97f,
0,茉莉奶芙Molly,bilibili,8491226,50916,cf7b7c6f-30df-5ec7-a155-d3f8b090be9e,,,
0,煎饼Lucky,bilibili,3493077312342702,50854,4745eb67-2afd-5f57-a3de-ac5a83c2c9bd,,,
0,肉丸,bilibili,3546562676394230,50835,a503da74-9bca-57a3-ba6a-007fe9798267,,,
0,神狐Kana_official,bilibili,515419672,50822,917fef54-070e-5a43-a19d-99b57d223d8e,,,
0,耳可Milo,bilibili,34423885,50789,b120488f-1bf2-5313-b0d1-f872552878f6,,,
0,雾屿Yugi,bilibili,2750975,50718,4e9ef37f-7be4-543c-a4c6-9a24c9d8e1df,,,
0,Ayamy,bilibili,521070071,50692,d5d68505-17d3-57aa-aac4-31193375fbc2,,,
0,克蕾雅家后院的狸猫窝,bilibili,362420674,50615,e0d2e79d-dc7f-5ba5-bb50-f862581c4bc5,,,
0,AZKi,bilibili,389056211,50607,7426bf1b-d783-5ba1-bf03-cddef8643877,,,youtube:UC0TXe_LYZ4scaW2XMyi5_kw|twitter:AZKi_VDiVA|userlocal:A26E0A67F0DDDA63_021612
0,猫羽おかゆ,bilibili,3706969395300793,50600,2e66cbe2-783e-5d90-9c58-90b96e28a7d8,,,
0,眠眠official,bilibili,1780255602,50497,0a8b7b0a-3b3b-5ee8-92bc-7098bc5620d2,,,
0,阿买official,bilibili,1428441528,50492,3ab0f746-057a-57fc-a51f-d57111b48ad1,,,
0,九奈猹猹,bilibili,11416708,50480,69550d01-a8e2-53d4-8df5-143c7af2d7a2,极光社,9548b50d-dbb9-5b8e-9a4f-a86239ac14ca,
0,星海聆音,bilibili,1652111117,50468,d9bc3870-8277-5bbd-be1f-e265e2135336,,,
0,音俣るか,bilibili,406548031,50464,7debd93c-9244-5820-813a-5c0baeb093a9,,,youtube:UCNSr_pgMH3in2d0RGtcdEEg|twitter:oto_ruka|userlocal:DCE9362F5DE4E749_8928ac
0,星-冰河,bilibili,39660085,50449,34c58bc5-f927-58f3-9dc4-673401104626,,,
0,库拉里罗滋-官方WACTOR,bilibili,1994541396,50423,a83e78cb-4721-56e9-ab05-16c253939f60,WACTOR,682089de-7fe5-5303-8939-37eeab633407,
0,伊兹_Iz,bilibili,2110900767,50389,08773e11-e297-50dc-a730-191392b4c53a,—MSD一,4119dbf4-9390-5a1e-8b90-6734005c8b85,
0,Hikaru_official,bilibili,1068807301,50359,fa06abab-d7c0-53f6-878b-3b15c0d33ea5,,,
0,祪EII,bilibili,3493295227406633,50342,d8ccac0d-3303-5f5f-bda1-365725436e2b,,,
0,蝶蝶狐_Chouko,bilibili,744031,50323,b28ceecb-bf7b-58df-9d0c-6f7df52a1a73,,,
0,艾姬薇宝,bilibili,3494373840914777,50281,9053ecfe-bdfb-5103-9e02-3fb2470c2de8,,,
0,八木迪之,bilibili,480675481,50268,d73a4d2d-7230-5496-aa4e-ec3029b2c8e3,VirtuaReal,6a8d2bed-dc2e-5ce1-a3bd-e31317aa4e23,
0,雪仙喵,bilibili,3493104965388919,50255,115d941d-a0c0-505d-b4da-321fabb3dd16,,,
0,色太,bilibili,554883,50254,1f95e206-a5d4-57cd-9f2f-1bb5fbe05a05,,,weibo:1621532613
0,Shirayuki Tomoe,bilibili,484764631,50246,fcf7cf53-5f9a-54a9-a008-5151202c4ed7,NIJISANJI,5da64d9a-b5d2-5f3e-ae3c-35ec6aa42492,youtube:UCuvk5PilcvDECU7dDZhQiEw|twitter:Tomoe_Shirayuki
0,毬亚Maria,bilibili,576858552,50221,bb097c0c-e7b2-5df7-a139-15c499bfacef,Providence,412f3e13-0742-53c3-80e4-a0ea111657d9,
0,黑岛麻由,bilibili,394593891,50218,34e5716e-0a6e-5560-84e6-9a653350a814,,,
0,恋诗夜Koxia,bilibili,690608690,50209,35e0a83c-5085-59f5-86a5-be71115852d2,VirtuaReal,6a8d2bed-dc2e-5ce1-a3bd-e31317aa4e23,
0,莉夏Lecia,bilibili,11771366,50136,536c69c5-a364-5064-a0cf-b415284364dc,Providence,412f3e13-0742-53c3-80e4-a0ea111657d9,
0,艾什_Ash_Halibel,bilibili,1372675026,49994,4a7022fa-e9a3-5648-a107-72b970bec504,,,
0,鸽姬言知,bilibili,35478071,49970,337f3432-c898-5d38-9386-e3306e9b8642,,,
0,小夏夏儿,bilibili,25852539,49889,1b9f0c9b-e6e6-57d7-b24c-3db971ca1a9e,,,
0,小荧Lumos,bilibili,76080175,49860,958bc9b5-9aee-5af3-a185-8754a0068fca,虚研社,d7af6703-ed00-53bf-aa46-0d5cf679925b,
0,三云,bilibili,4870889,49810,cb0ae042-c532-5d44-b81f-1275107fe787,,,163music:344308259
0,桃泽美羽,bilibili,4298023,49692,64c33aad-53f1-5d68-8b22-9678d2162f3b,StarDust星云社,aaaa38ee-9cea-51f5-a5fe-795fbb0259ce,
0,啵奇,bilibili,1544974963,49611,dd268159-a17b-5556-b78e-afba4c1573c7,,,
0,七个喵Nana,bilibili,503026492,49461,4537f173-cb3a-58d5-95f8-0112ba389e0c,,,
0,诺洛Noro,bilibili,1680099254,49320,8fe04f7e-c4eb-59f7-a23a-55dc72da98c0,NOA Talent,20a14bd8-50b1-5613-96c9-191eef51b689,tiktok:nor02d|twitter:noro2d
0,黛灰字幕组,bilibili,471227123,49293,f30de538-26cb-5317-a81e-9bb113866b8a,,,
0,麦可可提不起劲,bilibili,301760,49233,a9020d5c-fd0e-55a0-812f-d15b2f2fb2e2,,,
0,蝉堇,bilibili,8531826,49164,774ae900-98ba-5dbd-80a6-c93d50fde7ba,,,
0,盐无shio,bilibili,1372156475,49162,bc8e4b1f-bb31-5e01-b687-7874ed37563c,八木百货,f65ba9d4-5a1e-5cc1-af48-276466f4c978,
0,白桃味の蛋挞,bilibili,610581421,49144,a92798c2-e1da-5f7a-b731-531b89fce585,,,
0,夏米范,bilibili,3546560390499047,49092,804d03a7-5259-5cf7-aac0-0289bab4ed6b,,,
0,居居喵丶,bilibili,8018712,49057,b911df5f-bda6-5133-a5a8-8acc660c19b7,,,
0,酥妲莱维Starlight,bilibili,1261808199,49040,c8697cce-d3c8-56a8-849b-01a728d53156,,,
0,铃果,bilibili,416203727,48930,863f9750-fa8d-5a96-83c9-274a237354fa,,,
0,顾稚笙,bilibili,7158877,48856,12a9b1d2-8988-5cb0-aa3f-c2214adf3dc3,,,
0,星川遥是个小兔球,bilibili,40758847,48840,3333579d-40ec-51d2-8bfe-a081399b21bd,,,
0,小毛拔了个火罐,bilibili,4071581,48760,acae9495-02f7-5dde-8ced-88ab21b8bb40,,,
0,伊斯卡Iscar,bilibili,1294856852,48720,3c19c2b3-33c3-5bdb-8d51-39531b9eb60c,,,
0,森野莓洛,bilibili,1084357932,48714,6b641b44-6884-52f6-9520-a32f993825cf,,,twitter:MerunMorino
0,茶奶星玖HoshiKu,bilibili,109125615,48711,4e6b6aa2-beaf-5c1d-acc2-9e784396cd8c,,,
0,洛弗洛萨,bilibili,391127091,48667,43031345-e79d-51af-80be-894bb9eabb5e,,,
0,野比小融official,bilibili,629601798,48660,d03884fd-4ef5-5cdb-8ff5-4161a46a03c2,,,
0,白切鸰Official,bilibili,1188721336,48494,2db2efa2-958a-593d-a85f-1cd9db5ac521,,,youtubeat:engene_shirakirirei
0,バクの良Official,bilibili,550611,48424,dcdff615-e6a3-5365-9efd-76e3c06b1a9f,,,
0,Zeal_G_Official,bilibili,1947753519,48419,8f51b3cd-c67d-5eed-848f-9f8f34955540,NIJISANJI EN,745fdb2e-e624-5852-804f-7493f9b4f56b,
0,多拉,bilibili,595407555,48328,71ab3c75-271d-56fe-96e8-87355588e300,NIJISANJI,5da64d9a-b5d2-5f3e-ae3c-35ec6aa42492,youtube:UC53UDnhAAYwvNO7j_2Ju1cQ|twitter:___Dola|userlocal:9B941219548225FE_b68092
0,米团团Miho,bilibili,1363457,48314,bad21d78-5bed-589d-9309-450abba3234a,,,
0,joeiwanko,bilibili,1447459498,48224,e0adf216-c5d6-52ab-a58d-848f374e3c71,,,twitch:joeiwanko
0,尤菲黎娅_Eupheria,bilibili,504062903,48095,916d05db-e0a3-55d7-b1a5-b9cdd46a7720,幻想社Fantas1A,5074200f-7ef8-5480-920e-6c21f74cedd6,
0,Finana的珊瑚礁海,bilibili,1292051980,48019,5f5295f0-c83d-53f9-a1a8-ccc4cd92900a,,,
0,咏枂Yuer,bilibili,1223484261,47946,066ef306-9e98-5a66-a9cb-739f2a81c1cc,多维变奏MDV,507b983e-c810-542e-b686-87f514722181,
0,慕鸣泽,bilibili,1028217151,47923,6d0dfe84-2279-5662-a34f-462f5ab78f55,,,
0,乔薇学姐,bilibili,22782703,47887,d635a7f9-3488-5e20-b21a-5a8abf9d5891,,,
0,四时小路Komichi,bilibili,1512246445,47880,766485bb-91a7-540b-8c65-d5871673e3ab,VirtuaReal,6a8d2bed-dc2e-5ce1-a3bd-e31317aa4e23,
0,一只豆婲,bilibili,382696576,47738,c99d24a5-87b1-549b-b698-6424a55f4cea,,,
0,白乃菟Nettie,bilibili,19446443,47723,21f2166e-881f-5099-ab49-240e1ac07227,,,
0,小盐棒冰kino,bilibili,3546739967527097,47635,87f43917-b85a-5656-9cf8-c25c1fe333ae,,,
0,棠玖Kumi,bilibili,3494365378906868,47575,f3aa76b7-9925-5717-8f77-a978a554e6b8,,,
0,奶玉兔兔,bilibili,3546652373682235,47536,04dc13d2-be9b-55e0-92c1-92d21af455d3,,,
0,雪烛,bilibili,2039332008,47536,52f7d803-2f73-5dc1-877c-634b4492480a,VirtuaReal,6a8d2bed-dc2e-5ce1-a3bd-e31317aa4e23,
0,川岛雾纱_kiri,bilibili,3537109067500098,47455,52d61b46-609b-5674-921b-4fcd7e155af0,,,
0,鹿呦yoyo,bilibili,1063100626,47448,b0eba9ec-a391-5968-93b4-b45d7d9d312b,,,
0,溪璐Shiro,bilibili,3546655741708943,47446,853cb74d-0846-572b-9c1f-8c72a5113879,多维变奏MDV,507b983e-c810-542e-b686-87f514722181,
0,季毅,bilibili,359081808,47340,3391033e-22ba-5583-8f45-87a777d88c38,winks,73f553fe-bc06-5b12-be20-44b1190b6237,
0,井野川歌鈴,bilibili,692611676,47299,ce2b77b0-c0c6-5bed-802a-006470b0483b,,,
0,彩璃_Ayari,bilibili,343243574,47158,b972aaf8-93c7-5a38-944c-171b764dab83,极光社,9548b50d-dbb9-5b8e-9a4f-a86239ac14ca,
0,栗牧Muri,bilibili,48217254,47119,03aba6a6-3be2-57f1-bf2c-026e6b839a11,,,
0,Twinkle_凰裳,bilibili,4727663,47094,6461fcd9-c358-5686-a42b-1300108a866b,,,
0,白眠缚,bilibili,3632319810243496,47061,3c6d56f7-98de-501a-bbd0-60e8b170457d,,,
0,神乐Mea同好会,bilibili,479729029,47030,580677c7-f7cf-54d1-b4f0-13a0e85ac059,,,
0,Yuri幽里_official,bilibili,1815643596,46974,60028956-7878-5059-b5ae-a14a61e82fec,,,
0,缡迟Lichi,bilibili,549484731,46960,cb1c9103-4c7e-5839-a303-6f465d407543,,,
0,莜娜,bilibili,3546626599684797,46846,4be11303-a0b7-50b2-add7-d71b6df0bf26,,,
0,やみん_Yaming,bilibili,2103339232,46808,0519a566-40b3-5791-a7d1-96a747829bd4,,,
0,子或,bilibili,35749736,46735,ff00e0ae-4a4a-54b5-95e0-f73e0ea68ea0,,,
0,弥月Mizuki,bilibili,1789460279,46726,e2b1b1d3-585a-5204-975e-7fad4a80b697,VirtuaReal,6a8d2bed-dc2e-5ce1-a3bd-e31317aa4e23,
0,秋淩,bilibili,286914392,46679,9dd66035-f33c-5cce-aaad-3ea2c1c2cdd6,,,
0,量子少年-楚枫,bilibili,1757836012,46657,fef0b7d2-eec4-50e7-82dc-7e088b25945d,量子少年Official,47ca08ba-9ebb-5ac9-bae9-b0f3b802e97f,
0,绿川莳糸,bilibili,155872585,46653,bf5c91f9-cc96-520e-a94e-332874eb24fe,,,
0,竹花诺特,bilibili,612560157,46646,0edae6e7-6588-51f3-b847-f3e28d57a3f7,,,youtube:UCuPrcSmgo6twlAQzwYPlSkQ|twitter:nano_phan|userlocal:F876812927A55460_68bf8c
0,金克茜Jinxy,bilibili,628292885,46602,06c868e7-5eca-5e24-a833-1c7fb9d6a882,VirtuaReal,6a8d2bed-dc2e-5ce1-a3bd-e31317aa4e23,
0,草木青w,bilibili,3461579070769690,46513,c76c6c0f-f38a-54a4-9613-5e2634dee9b5,,,
0,羊娘咩咩-ASMR,bilibili,3706940087601786,46499,ea09bcf1-5e6a-5f14-9720-27c05501ee4e,,,
0,慕斯,bilibili,474593911,46488,bff0a962-dcdd-520b-91fb-33adfc868231,,,
0,咿喔很哇呜,bilibili,1223229089,46479,78eaada7-8ea9-5f74-bd55-1dbdd6cec45e,,,
0,枝念杳杳,bilibili,3546907779533502,46323,2c712147-df56-5bf9-92c2-ca6bde499cd8,,,
0,椎名青空,bilibili,3051369,46323,d04a508b-41bf-5a50-8cd5-95b3b4d30b53,,,
0,姆可berry,bilibili,3493092927736560,46186,32c6d514-e85f-50de-a36b-8117c3b306dc,,,
0,鹿森Lucsen,bilibili,72996695,46186,f56df5c2-b77b-5906-8cc7-8ce5f7c42e77,,,
0,咦我的头发呢,bilibili,17511965,46165,3e175b8a-f2af-5bf2-b7d8-c2c8de701f52,,,
0,姉崎雪美Official,bilibili,1160110127,46157,25c538e7-a123-5491-8d6f-5147b18f7ab4,,,
0,RiiKami,bilibili,1460400193,46073,ac8417c5-0b08-51a9-9cb7-3090cf974ea1,,,youtubeat:RiiKamiVT|youtubeat:RiiKamiASMR|twitch:riikamivt|twitter:RiiKami|tiktok:riikami|instagram:riikamivt
0,YESTON樱瞳,bilibili,443735407,46038,5280b301-0300-5d11-a4dc-479183202f77,,,
0,KMNHZ-China,bilibili,2149710,46007,fefc56cc-941f-5e2d-bad3-7ce9ca65803a,WFIE,e9965fab-5b00-5636-bc6c-31bee0a537af,
0,卢塔斐雅Lutafia,bilibili,1071969272,45915,d2f3df83-0c4e-5524-8ebd-7ec7e1fd887b,,,
0,CyYu_塞尤,bilibili,3546715057556155,45857,26ffb9ee-f1aa-5183-9b5c-3cae7e4f292f,,,
0,Aiwee贝拉,bilibili,3546582465121051,45841,75b0fa4d-bb39-508d-b522-b645b0ed3bd2,,,
0,桃代Momoka,bilibili,2040984069,45824,6f7c484b-2c74-567e-8fcc-bb7567fdd7ff,VirtuaReal,6a8d2bed-dc2e-5ce1-a3bd-e31317aa4e23,
0,汐尔Sier,bilibili,498188835,45823,659826d9-c787-59a0-818b-5c33862fa297,,,
0,莱卡_Leica,bilibili,3546858800548524,45790,e0d9986a-7e62-58d9-a302-b3468b0062df,,,
0,加賀美隼人非公式搬运,bilibili,3612946,45679,5427632c-86dc-52dc-bc4b-1f771f300bf2,,,
0,九十九Tsukumo,bilibili,690608702,45636,ec981127-f95e-5aa0-9b44-161807fdc388,VirtuaReal,6a8d2bed-dc2e-5ce1-a3bd-e31317aa4e23,
0,梱枝莉子,bilibili,519186734,45621,0e8b3264-a4d4-5210-a981-a5953418fc8a,,,
0,大舌头Annica,bilibili,1517067289,45595,3e9aa964-ff8f-5210-ab70-8a55d313ca31,,,
0,露馅er,bilibili,2072052979,45550,95715ddd-e4e2-5224-9162-13d36951dc4d,,,
0,一芽大,bilibili,517060084,45511,5c3b9783-efa8-5324-818e-47dcce833c13,LBG,db0ee4df-8826-507c-8cd4-dbe478f0c0a8,
0,夏卜卜,bilibili,2049968320,45499,c763a8d7-140c-5255-be3d-e522854c4e56,,,
0,ok酱,bilibili,1764912,45476,0780441c-1e44-5656-8574-0444d71e1fe5,风云社,66ab2857-8a5f-5768-a532-f9a05a6d7572,
0,沙夜,bilibili,490331391,45430,dfef716e-43c7-5fa6-a148-73a9505aefd6,VirtuaReal,6a8d2bed-dc2e-5ce1-a3bd-e31317aa4e23,marshmallow:saya030
0,纱纹_Rhodonite,bilibili,2091023367,45414,7fa4bd36-35f1-5067-84ae-f2b87cc29dc2,星云社_CosmicNebula,f8f7fa68-d6d4-594c-9c15-1741944d304d,
0,米小兔_mitwo,bilibili,94363275,45411,2ad66079-66c3-549e-8576-780811b7e3c5,,,
0,戈洛,bilibili,47868246,45382,03bafb01-f551-5157-b469-2a0e4ff6f087,Croven教团,af7d8e20-2164-5373-a4b1-9a31c085fb7b,
0,天死Naomin,bilibili,3546610095098464,45372,e78e2be9-7252-567c-95a4-632bca72bc3f,,,youtubeat:Naomin7777|twitter:naomin29
0,星井爱梦_Aimu,bilibili,1435605202,45361,b7000b12-071c-5e9f-a5fb-2074814a7b3f,,,
0,在下梦想君,bilibili,3075260,45259,5300118b-8e93-54ef-9c25-5e1a02d8d284,,,
0,梦月萝娅,bilibili,477780499,45233,e85adf7d-72f1-5dab-b677-9d0602dbba4b,NIJISANJI,5da64d9a-b5d2-5f3e-ae3c-35ec6aa42492,youtube:UCCVwhI5trmaSxfcze_Ovzfw|twitter:yuzuki_roa|userlocal:194B51B5C3ADFAE9_bcaeec
0,我妻雪橙,bilibili,2472951,45231,fc2e49dd-5afd-54ae-bac7-6145d412dc83,,,
0,綾Lune,bilibili,3546954281782140,45201,09ad06ad-8952-51a4-b381-b31b86ae93d3,,,
0,骨魅むくろOfficial,bilibili,1344579539,45091,f4154214-ba72-531b-83d1-dfa002aaf29e,,,
0,妮特_Nito,bilibili,839059,45069,10266374-2142-5e1f-a02f-e38a245b15be,,,
0,草莓奶兔才不是兔崽子,bilibili,4980406,45002,c9bcc894-7925-508f-bea9-fc6816e7c40c,,,
0,小羊宝宝ovO,bilibili,16081433,44982,be1dd783-d467-5641-a90f-301782921cc9,,,
0,螃蟹那由,bilibili,378606811,44945,23fae82c-6d18-5f3b-8255-4bd946173116,,,
0,维斯卡Visca,bilibili,4943067,44919,3ee4c534-72ca-5792-9a31-9d48cbe44367,,,
0,莱娅Leia,bilibili,441416698,44877,d4ebea0f-8759-5e2c-aff7-0df66694bbe8,,,
0,秋一Aki,bilibili,2025823232,44861,d2b1f94a-8655-5a4a-bd98-d182ea8584a1,,,
0,清良Kiyora,bilibili,558070436,44749,a0281057-9152-5a21-b1c1-ad8f02c39cc1,VirtuaReal,6a8d2bed-dc2e-5ce1-a3bd-e31317aa4e23,
0,沧瀛Aish,bilibili,3546684332181720,44747,c41d8a1f-4f01-563b-8bdc-5c90658c8a40,,,
0,白粥崽崽,bilibili,3546588504918025,44740,2940db0f-febd-5bd8-a727-9ed35d272978,,,
0,通行Azlier,bilibili,11187227,44694,8d8c75a5-6d32-541c-a744-daac3f5b2416,,,twitter:GZH_OAO
0,花芽姐妹,bilibili,264319276,44666,3eb51463-29de-5927-b446-2d39eafaffba,LupinusVG公式,42dffa71-00ea-5f6b-8c4f-5f78134ed38e,youtube:UCiMG6VdScBabPhJ1ZtaVmbw|twitter:nazuna_kaga|userlocal:A188EF0A146921F1_63d581
0,花御Hanami,bilibili,3546716814969414,44650,bcfa1ded-aac0-5d48-943d-f4c368be73a4,,,
0,茉离Official,bilibili,648809981,44585,06f9f324-2ad5-5c3a-bbd4-fef82ba39e67,MZ次元,8d3239cd-4811-570e-a968-7c582e46ead0,
0,奏手一弦,bilibili,456232604,44422,51af7628-5eee-58ee-be95-a890be15d6bc,holostars,9c1b1391-c421-5f8d-ad1d-90eefee8d3e1,youtube:UCZgOv3YDEs-ZnZWDYVwJdmA|twitter:kanadeizuru|peing:kanadeizuru
0,桃酥,bilibili,1819548520,44418,8269a255-255d-590e-b3dc-0e5a080a178b,,,
0,永远长不大的晓雨,bilibili,3742241,44390,de55939f-6756-59be-b55c-a29f54ac37db,,,
0,伊莎贝拉,bilibili,666726803,44381,2bebea56-bc54-59c5-8dc4-c798bee3d708,VirtuaReal,6a8d2bed-dc2e-5ce1-a3bd-e31317aa4e23,
0,以太,bilibili,88358,44355,39181eed-2d47-56b1-9b4d-c7391f7c8c80,,,
0,琉夏来了,bilibili,474566624,44330,1ddd3da6-41bd-5d53-9072-af664aef88ef,,,
0,鬼花まりす,bilibili,3706967484795570,44327,143be8a5-9df0-5fb8-956f-3878c07883e5,,,youtubeat:Malicech.鬼花まりすASMR|twitter:malice_kibana
0,子弥MiFaFa,bilibili,1246521110,44282,cc53bd22-962f-564b-afa5-064853e1f57d,,,
0,阿想nia,bilibili,1652248534,44147,6a3d6f0e-4d5b-5aba-a3d2-b31a3011c867,,,
0,真白的灵异事件簿,bilibili,112469835,43944,41f9451f-42a7-55a3-9b96-8d7122a0bc01,NIJISANJI,5da64d9a-b5d2-5f3e-ae3c-35ec6aa42492,
0,奥克塔维娅Channel,bilibili,403880852,43939,1c0fada7-16fa-5948-95c1-e4e12ae025f9,,,
0,纸木铗Official,bilibili,1827106,43913,97a0cdbd-04ed-5a23-8eb9-1babbb48bf1e,,,
0,姬野青,bilibili,2240157,43865,fafcb471-b670-5d9c-a5a7-9e8237d5865e,,,
0,小毒阿巫,bilibili,371796890,43838,cdfb5f11-73bb-52da-892b-0bef87527277,,,
0,夜明魔寻_Offical,bilibili,3546555835485150,43818,bb3afece-28bb-52e3-8a5d-c520ab655ef9,,,
0,辛西娅_Cynthiaa,bilibili,15225468,43673,00cc1f96-1769-5a03-b3ee-62191f38c03d,,,
0,白鸟chihiro,bilibili,3546883874097311,43670,17920422-c502-5205-8a0f-c9b2248ea88a,,,
0,星野綾乃Ayanya,bilibili,4098782,43610,bfb68c40-22bb-56fd-9388-8d46d2aeda90,,,
0,绮里宵koyoi,bilibili,1401112858,43590,5513cfe6-16ce-5e48-a08e-7178549c7793,,,
0,黛兔呆呆,bilibili,1888960985,43511,d3329307-f6d3-59ac-8a64-883bc641a561,,,
0,知暖_Official,bilibili,628822817,43395,a9931df5-6892-53a9-a7e0-13a865b12d7f,,,
0,尤狸Yuriri,bilibili,230927369,43327,a9c7a179-6ff0-5052-8b8f-3909159c2af6,猫邮社,fb7977c3-8198-5021-a136-3c8de14290f7,
0,甜闲nyaa,bilibili,1199424704,43237,ff5fb560-0fb0-5122-a578-d3402ceddbf0,,,
0,最萌的磊,bilibili,2867683,43129,fe75f250-2095-5229-ba81-df81cd3571c4,,,
0,白礼Bailii,bilibili,26652645,42982,d75e9669-ce7c-5ae5-bc05-038a5aacb826,,,
0,結城藍-Larimar,bilibili,29659011,42885,4b8b2ea1-b001-51e7-8c67-8e8356ab2de7,,,
0,雨宿玲音,bilibili,1175808195,42834,332ee64b-fe16-5cd9-84ec-7a1230ec1742,,,
0,青璃,bilibili,14405936,42825,fafcc721-b986-5ee8-8022-f0f863469abd,,,163music:365091097|weibo:3953654494|other:http://m.kugou.com/singer/5288366|other:https://c.y.qq.com/base/fcgi-bin/u?__=RVVaFFm
0,言熙熙GenKi,bilibili,4272126,42784,9b95da2a-9010-566c-9e2f-31649cb65db2,,,
0,兰铃木吉,bilibili,26190044,42779,d4453dc8-bb7e-5af1-8367-232446193e98,,,
0,夜宮Yomiya,bilibili,690608689,42776,0c409ac5-af97-51aa-9eaa-99acbd0403d5,VirtuaReal,6a8d2bed-dc2e-5ce1-a3bd-e31317aa4e23,
0,片桐秋,bilibili,37265298,42770,2b9308a5-5d3f-5927-bde2-b64e74a5fb37,,,
0,三角sumire,bilibili,3494371070576692,42738,8dcba9de-1866-59d0-8d0e-a2584a56de7a,,,
0,喵九不是猫九,bilibili,8224283,42646,dc9cf00f-f913-5332-a3fe-ce99aa0b8414,,,
0,闪光Pika,bilibili,652240042,42603,609db099-37aa-5a02-bf6f-c08d4211fc97,Vnicorn,33d285f2-b9a8-595d-a282-4a341ab9d020,
0,一伊那尓栖,bilibili,674600647,42570,e089d047-a2ae-5fb8-a7fa-c11ca6065616,Hololive EN,d406e5da-ef7d-5e0f-9439-264188944758,youtube:UCMwGHR0BTZuLsmjY_NT5Pwg|twitter:ninomaeinanis
0,小僵虱虱子,bilibili,313524680,42567,7ea34054-2d89-5378-a39e-12128295db29,,,
0,实验员NuNu,bilibili,2065161860,42509,3d8da53b-3339-5af4-a740-2c5cbede07cc,,,
0,尾痕,bilibili,410992755,42495,ebd7d3ed-2b83-54a3-848c-a6a5ecd9c36f,,,
0,綾音Aya,bilibili,731556,42463,c09416a0-3be8-5cd3-ab38-22262d1ae4f6,冬日之家Ultra（北立交桥）,748b837a-0f27-55d8-aae1-695e4cb77aff,
0,栗子酱RIKO,bilibili,535102427,42439,f389fab7-0251-5083-9f94-e5d33be19291,哎咿多工作室,7d17a9d4-bbba-5a8b-b76a-5262cda7d3ae,
0,凛喵喵_official,bilibili,36450968,42390,8091c34b-db4c-591b-be45-caea3d2805ba,,,
0,米娅在地下室,bilibili,1845920872,42374,37106204-9bd0-517a-ba5c-512e6079e790,,,
0,铃壶儿Bellpot,bilibili,3493141021722807,42332,3600ed4a-302a-572b-9396-db16607334da,,,
0,眠眠绒球,bilibili,3546861908527796,42192,c1a6bde4-72ee-5839-83ed-b753d2aaad72,,,
0,缪希Miucy,bilibili,1556629067,42187,2fb58743-1199-59ae-92d0-4fd88405dce4,,,
0,Petra的极地考察队,bilibili,190514,42178,ce7ad909-0fdb-5e09-a7e3-a9650164c4a0,,,
0,洛伊克,bilibili,560619209,42167,330117aa-db33-5961-a9fa-78e15a5e87b2,,,
0,零诺Reino,bilibili,504674421,42079,44841278-f57d-50d9-9ca2-d271099f445b,,,
0,雷岁_Raisai,bilibili,602724685,42068,96d8feb3-3a32-585a-8eca-1f47a2b13940,哔哩哔哩电竞,7ac99c40-0768-5b6b-a402-86a8517197f3,
0,社筑单推组,bilibili,414127280,42050,20d07438-3656-57ac-939b-80962169a7ab,,,
0,辣条怪物,bilibili,39746831,41931,9f4c5843-e6ed-5ef0-8f08-1523eccfd373,,,
0,歌白Shiro喵,bilibili,3493291389618301,41912,db39425e-b99f-5bb8-957e-1e6a244fd429,,,
0,草履虫Para,bilibili,934940,41907,7812f645-e4fe-51d1-9f5e-885e787d4a6d,,,
0,漪月灵,bilibili,1825301994,41906,794f41a8-51e3-506d-be26-64d96336892b,,,youtube:UCGkBaeuL9-PBNfsk6hyalfw|twitter:AT_Crescentia|twitter:i/user/1136426470174101504|niconico:89617251
0,安娜斯塔Official,bilibili,3493134575077620,41808,d1a87bf8-bf51-5ae2-9dca-e56147771f2f,,,
0,椎名唯華字幕组,bilibili,390800017,41794,436257a7-fec2-5a07-8fd6-add2fd2af7b2,,,
0,残剑_Truekep,bilibili,1685444437,41765,415556da-7627-5618-86c5-8e2f9361c543,,,
0,郝球球不熬夜,bilibili,3494380734253869,41693,f39a45b8-bd83-59ba-a934-fef36172eb3b,,,
0,哲十八Sigma诶,bilibili,11707013,41664,e010f2e6-8483-5dda-b62b-ba9dc2b648cc,,,
0,柯罗诺斯Chronus,bilibili,324897535,41660,84f321bf-8504-5bba-a5a0-c49ad3906e4c,光年神话,0cd8f345-3228-52ae-bf9e-d2aae75d7846,
0,凡节Fanjie,bilibili,1329702678,41623,3c4d1cc1-caa9-53a7-b93c-eff17e303cc8,,,
0,狩砂Karisa,bilibili,690608714,41606,7759b159-8744-5b3a-b2be-a191136858de,VirtuaReal,6a8d2bed-dc2e-5ce1-a3bd-e31317aa4e23,
0,倪希雅Nyxia,bilibili,3546636613585704,41573,f0ee278c-c625-5aa3-a9e4-22d8ca3bca60,,,
0,ai蓓塔,bilibili,13465,41535,eb2da206-a3d2-5a9d-9806-a833f4c76996,,,
0,小松绿Viridis,bilibili,1891335475,41501,6e251773-02e0-5bd0-899c-443e5a10b328,VirtuaReal,6a8d2bed-dc2e-5ce1-a3bd-e31317aa4e23,
0,狩野色,bilibili,3493286566169496,41461,ad9da2e8-eab4-5df7-94b2-325e36a7a94f,,,
0,谢林的侦探事务所,bilibili,7179227,41452,19d9e241-9cf4-5fcd-9412-435b01b0b501,,,
0,魔界ノりりむ,bilibili,4092,41452,ca721449-319d-5bcd-83b1-aa118675b6e6,NIJISANJI,5da64d9a-b5d2-5f3e-ae3c-35ec6aa42492,youtube:UC9EjSJ8pvxtvPdxLOElv73w|twitter:makaino_ririmu|userlocal:3BFAFAA5F5B073B4_16cc5b
0,艾路丝_ELS,bilibili,3493267352062545,41430,1a79bccd-f22e-544a-8af2-c113bea9cac0,,,
0,ゲーム部プロジェクト,bilibili,252599,41417,5d29f2f8-27d3-5e25-bcb5-e2d3ea3ca7c0,Unlimited,70a4cc30-079d-5e45-9d46-84c6194eb0c6,youtube:UC2ZVDmnoZAOdLt7kI7Uaqog|twitter:Kaede_gamebu|userlocal:547E1BBCDF322065_442e07
0,范塞尼尔,bilibili,2042629175,41335,1f3ebe28-1076-5fc3-83c3-2929e32df5b4,,,
0,绮良,bilibili,482911295,41261,dea5ec5f-a3cb-5269-9844-7f769999da74,超次元学院,cc64b75a-f000-5b4a-bef3-bc727dab00a2,
0,眠一nemui,bilibili,26284092,41204,ffd10796-9a0d-5422-8312-8fce2df8c695,,,
0,猫猫,bilibili,497430637,41176,d18434d8-8ae4-55e3-943c-ff529b96f301,MarbleCreators,e7c5c642-480d-5f15-81a4-66cefd3975e0,
0,茜茜甜兮兮,bilibili,649833,41126,1a619de0-d106-5a3a-9ce1-32ef4c753df6,,,
0,盲盲Memo,bilibili,438848253,41119,839cda77-8c97-54ac-886c-4f7082f9aa10,P-SP,f076e35d-500d-57ba-9149-6caed8275768,
0,栀小朵,bilibili,57871034,41099,ddcb8d59-cac4-50cc-ac89-719042c6fac5,,,
0,隐神木荫,bilibili,488983671,41075,792f15fe-9822-50a5-8dbb-978dc3b43cae,ENTUM,5e4172d0-2dbe-5744-aa12-aeaee8c0b3d6,
0,亚历特特_ALEX,bilibili,1932290283,41039,354fc912-023c-5964-b6ee-7062cb223001,,,
0,竹月芽Meiya,bilibili,1489377760,41009,cb53d26a-5f69-5589-b329-d35585760aa0,猫邮社,fb7977c3-8198-5021-a136-3c8de14290f7,
0,姜宁Shouga,bilibili,1982692958,40971,8ba12ce2-77f7-5263-bba0-88703dd03472,,,
0,千代澪Channel,bilibili,6841063,40944,8c55c509-d066-5f55-b216-78efce0c0a44,,,
0,若芖,bilibili,363398777,40929,a38574bb-5de7-51f5-8432-d89e2276cb13,,,
0,-小钻石Kirakira,bilibili,5467364,40876,ed4831db-18c6-52fd-b9f3-2a823562136a,,,
0,氪萝蒂亚,bilibili,21013884,40861,3e2cc582-b22d-5952-9886-0f9198952b6c,,,
0,阿璃_Ali,bilibili,11012265,40814,583f6def-07dc-53a3-b0f1-ec6852843114,,,
0,森羽mori,bilibili,1634413860,40759,485535f4-5d04-56c6-b04e-36adabacbc44,Facemoe官方,621939ef-f164-5a7c-bd19-aadbe9679b01,
0,夜见蕾娜Official,bilibili,628292890,40730,a7e1e495-b517-510a-8c0c-6e3661120710,NIJISANJI,5da64d9a-b5d2-5f3e-ae3c-35ec6aa42492,
0,小豆沢あずき,bilibili,249243,40722,f0c66b00-db5c-5837-9f14-1f259a1ce48b,,,
0,KKKelly,bilibili,62411789,40712,346a1f1a-126a-5dde-bddf-3f9d3e2de62f,,,
0,猫白ShiroNeko,bilibili,689274741,40667,cf479c3f-2211-5436-a7b2-7417046c4fbe,,,
0,阿德涅adeni,bilibili,145613005,40627,7e985d2c-e315-5b5d-b049-6c24a5480030,,,
0,涅芙,bilibili,3493094557222916,40622,55b26d05-3106-5108-8aa2-cceb1da67209,,,
0,私Official,bilibili,1661076923,40619,eea5bf37-9b3b-5f46-ab9d-2bc8b783e11b,,,
0,莱卡恩托Lycagntho,bilibili,91241920,40604,69bc9216-8015-5298-9c75-650ced5bd1d0,,,
0,汐汐Ame,bilibili,12476124,40582,4ded17da-6062-5c84-b124-a7157a9282fb,,,
0,希维Sybil,bilibili,1405589619,40500,36e150b9-4954-5963-86bf-8fe87ca00752,VirtuaReal,6a8d2bed-dc2e-5ce1-a3bd-e31317aa4e23,
0,明明真,bilibili,51260551,40481,052af153-340b-5d65-a9ea-98b7216a72ca,,,
0,魔法少女荷桃,bilibili,17061058,40459,e48bfe89-34ef-51bd-b31e-7b2c6f0aed05,,,
0,AI琉璃_,bilibili,3814460,40438,0758df65-cdca-5865-9e92-b8d7ae67ddc4,,,
0,沐小雪_Official,bilibili,27322128,40351,23c8af25-32d5-504f-8a2f-1733afcfeaa3,,,
0,尤旎蒂_Yunity,bilibili,13856460,40325,aa5abdea-bb99-5e2b-a344-fca8daae9c6f,,,
0,清宵Koyoi,bilibili,14895420,40268,18ae3f8c-0fa8-5a6d-a54b-1f132010ad74,,,
0,尤弥儿_Ymir,bilibili,2073801595,40202,2fec2c48-8f12-5094-8514-b05663091a21,,,
0,子凌弈秋,bilibili,32410214,40147,118b8b1b-4c06-59c8-9a11-7b0b274bfdc7,,,
0,未知夜Michiya,bilibili,1296515170,40112,89ecda70-56dd-51fe-b416-efe2b65b43a9,VirtuaReal,6a8d2bed-dc2e-5ce1-a3bd-e31317aa4e23,
0,礼拜六Liu,bilibili,661965883,40039,bc941d3b-ca9f-5d2b-9b0b-c548488b7fa1,,,
0,花守海露希,bilibili,476542825,40039,b7e78858-c04d-550e-b8f3-365cd1835ae5,,,twitter:hana_healthy|youtube:UCSH4t_nhsNIoxPza4ooYqaA
0,回收娘Official,bilibili,14675261,40019,cc3a276b-14c5-51f4-871c-1bff7e0e45a3,,,
0,付暔暔,bilibili,3493277349186168,39977,81e36de2-2177-5c5e-a5f3-246fbf9715fb,,,
0,恐啡肽芋头_Official,bilibili,569714662,39940,e4a999d6-ab61-5ee8-8029-a95d178bb07a,,,
0,Mia米娅,bilibili,780791,39880,e282fe2d-3eab-54f7-959b-e9f0c390f405,,,
0,五更妖音,bilibili,145901490,39819,d266f703-3941-5006-b0a1-fa0fed1c7d4b,,,
0,新恒纪芸,bilibili,1569337486,39785,64af3a72-141b-5008-ba41-bed7863fa67b,,,
0,思廿Mlnia,bilibili,261700038,39737,eb18c47d-4a19-5950-b357-79edcf536f9a,,,
0,花云凛,bilibili,1340967709,39704,5180089e-2364-5e77-9081-d4c4a512ca01,propro production,6bb97c04-f7a2-5d92-8ec3-bb97262dbe47,twitter:hanakumo_rin|youtube:UCPdKdMpXlmwcGdfiUTNusfg|userlocal:5ADF71CB910CB046_e54ef8
0,艾丝塔尔Ester,bilibili,3717173,39689,1032bc6f-4b58-59c5-bdfc-fbeb92ba4f9d,淬蜂计划（北立交桥）,b30df939-d5cd-5c9d-a6a1-ec905b14e77d,
0,遊流_yuru,bilibili,1172602599,39671,6af31a18-eb87-5b42-88e9-a5842384b657,,,
0,星越Koshi,bilibili,1743015,39642,19ea7624-891c-52ff-b188-da8635cda57c,,,
0,纱箬sariel,bilibili,1543083238,39619,71204c43-e46b-5d77-8035-fc3f96a0c652,,,
0,Fafnir_法芙娜,bilibili,1619072996,39593,3baab5cb-4cb6-5196-b0c2-592fc61be742,猫铃社,6eec14e5-38cd-504f-a995-b7bd15b4c51f,
0,律可,bilibili,350631685,39556,11a219db-b2d9-5418-9d16-3913b4486d29,holostars,9c1b1391-c421-5f8d-ad1d-90eefee8d3e1,youtube:UC9mf_ZVpouoILRY9NUIaK-w|twitter:rikkaroid
0,木喆s,bilibili,2092996652,39504,d60cba91-3dab-5d9b-b321-bfce8b38bed0,,,
0,废魂儿,bilibili,6141432,39461,542cf78b-fa94-5825-ac97-cac6a601f2cd,,,
0,伊深Imi,bilibili,690608694,39435,812e00db-2735-5a21-ba91-ef3979c9a757,VirtuaReal,6a8d2bed-dc2e-5ce1-a3bd-e31317aa4e23,
0,软白呼呼,bilibili,3493278013982909,39308,beb7c498-a539-53c8-bcb8-ea7eec00eb55,,,
0,十六夜Esme,bilibili,478344578,39202,dbf42e9c-35b4-59f3-8d38-0cd665d29877,,,
0,亚可Ako,bilibili,601481495,39169,7ca86065-7130-55d1-a9d4-be8ba84e5b13,,,
0,困困喵nya,bilibili,3546833590684546,39158,8c6ff54d-7f76-5c1f-bdbd-cc9eb13aa205,,,
0,吉吉,bilibili,690608688,39146,6e98faab-cdc5-539b-91cc-eb46e5c65894,VirtuaReal,6a8d2bed-dc2e-5ce1-a3bd-e31317aa4e23,
0,金飞龙Kiya,bilibili,1753389255,39107,f1826146-83e3-5575-b260-b83f41f6f06f,,,
0,五丸_Gomaru,bilibili,1086330105,39098,50d031f0-98ee-564d-95cc-bfb4cafbf943,,,
0,小鸟游琪亚拉,bilibili,674600646,39078,f97f8b4a-86cb-5f23-9ce5-738a119ddee7,Hololive EN,d406e5da-ef7d-5e0f-9439-264188944758,youtube:UCHsx4Hqa-1ORjQTh9TYDhww|twitter:takanashikiara
0,白幼甜儿,bilibili,34086425,39057,d288f58f-edfc-56b0-9ec5-5a369cb95fbc,,,
0,万灼,bilibili,1121411561,39004,aa4611fe-7ede-5515-b21f-e994faa6289f,,,
0,星由莉Hoshiyuri星ゆり,bilibili,484759992,38946,be83dad8-d382-5911-b9cb-70371ec21ed2,,,
0,咩噗绒绒,bilibili,1394998893,38887,0114c4fb-86c0-50dc-a78c-2826e3924ca2,极光社,9548b50d-dbb9-5b8e-9a4f-a86239ac14ca,
0,天曰ひよ,bilibili,27403816,38823,470ef32d-4c64-50b6-9696-a82e78eb904b,,,twitter:amaihiyo|youtube:UC04QM30wwa0qMs101Mwz29w|marshmallow:amaihiyo|pixiv:41757762
0,星ノ宮春鈴_Official,bilibili,1705007318,38759,b14abcc3-abdd-5644-9c06-33ae8fbe3fa2,,,
0,三森愛乃official,bilibili,3546706689919353,38746,99e5ab4f-e1ea-55fb-b430-85b06e61b066,,,
0,卡卡Kaslia,bilibili,499350426,38704,c2d7181a-d8aa-56af-81ea-327e228a8c64,,,
0,MOUMOU,bilibili,352396621,38694,9e84397b-a0d3-52ed-9673-f47ed1ef115e,,,weibo:6589826077
0,沐毛Meme,bilibili,1848752274,38644,3ad41902-e270-5bae-9fa2-aaa69b1058e6,VirtuaReal,6a8d2bed-dc2e-5ce1-a3bd-e31317aa4e23,
0,江苹果Ringo,bilibili,99407665,38634,b1f29865-6d26-5934-9d0d-2f0aafaeb165,,,
0,花见深雪_Miyuki,bilibili,3493090912373030,38593,cf502eef-4398-559a-b3b6-45f57482012b,,,
0,单单Official,bilibili,1958934,38493,2cb026c2-d4e9-5403-859c-0d0334d7b765,,,
0,莱薇-Revy,bilibili,727716,38477,ac5d023e-d406-5a74-86bf-dde56526a9d7,,,
0,月逍天,bilibili,3493277630204304,38416,bae9233e-1554-5fa8-97fe-8a392536f032,,,
0,汐音_Shine,bilibili,192938202,38362,0997a308-5f66-5937-90e2-3076fbf6605b,,,
0,能美枫铃だよ,bilibili,2945435,38358,9d23d4cd-b085-5cef-9000-6d6d4f113e94,,,
0,池乐还是有点饿,bilibili,3494358269561570,38189,24865b42-c910-5f4e-9b97-08d974c8598f,Hanabi_live,06620aad-1e28-5c4e-995d-cf7c03d43f15,
0,九应元雷声普化天尊,bilibili,2161293,38163,ed8fd31b-8437-5d49-811c-046194364f53,,,
0,软绵绵official,bilibili,255168680,38159,6be20950-b3a9-59d2-8771-411f89f8359b,,,
0,凯凯KaKai,bilibili,195469924,38130,59bddfa1-3af3-52f2-999c-3e221867a3c2,,,
0,左岚是山风哥,bilibili,82343185,38109,7ccd08da-1e26-5f5e-96e0-9098027b2db3,,,
0,季瑶铃,bilibili,3546906485590570,38094,7589be97-0928-5987-8745-d95835f1052d,问尘仙会,5f2eac9f-dc17-577f-a22a-19003e81fcdf,
0,传奇仙女龙dd,bilibili,382109768,38092,5f1f64fe-c4eb-5ee0-bf43-3a803bddbc73,,,
0,Ike的随笔札记,bilibili,1763663258,38083,6f642528-aa87-5935-885b-d35ba8b278be,NIJISANJI EN,745fdb2e-e624-5852-804f-7493f9b4f56b,
0,壹Ace,bilibili,11031040,38052,9aa92c2e-f682-5ff1-804b-1c6c8830d9f5,,,
0,赤坂红音,bilibili,58018357,38029,8142656c-f3fa-5aaf-95a4-e793334a821b,,,
0,夏牧缘MAKI,bilibili,3493087074585126,38013,0c3f0490-6e00-5032-b3b2-ecb3b8937be6,,,
0,斯诺丽嘉_Snow,bilibili,3461571086911776,37965,8da1dda2-1afc-5f2d-97cf-70b978ecaf8a,幻想社Fantas1A,5074200f-7ef8-5480-920e-6c21f74cedd6,
0,银银子deisu,bilibili,4832930,37946,d11ce1f0-6bc7-58d0-ba33-ac2ffbe221fa,,,
0,米蕾優,bilibili,476676325,37932,77b19c83-7c03-5045-a1e3-3d88ee8c5a70,ChaosLiveSprout,e67fb222-1c4e-5f19-84da-9e8beba2c365,
0,完美潇洒路哥哥,bilibili,10068170,37870,c5fc9ba3-e8b9-5d24-93fd-ab94ea1c4503,,,
0,瑜瑜驯养手册,bilibili,362788146,37863,b52374d3-d340-5302-a254-5c24efccf2cb,,,
0,图波列夫的设计图,bilibili,29145262,37853,3a406560-d164-57a9-b16e-fe6b76277da1,幻home,61722433-dfba-5899-a5bb-fc9229f1f62f,
0,潘潘酱Pancake,bilibili,10726207,37837,80c2c024-94a5-51de-beb4-6594ddceca0c,,,
0,伊卜拉新Official,bilibili,690608708,37776,f766eb74-1934-5df2-afa3-3ddbae6c589e,NIJISANJI,5da64d9a-b5d2-5f3e-ae3c-35ec6aa42492,
0,舞元启介,bilibili,477780497,37773,f85771ea-db39-51a6-bffa-246b8cbdce17,NIJISANJI,5da64d9a-b5d2-5f3e-ae3c-35ec6aa42492,youtube:UCJubINhCcFXlsBwnHp0wl_g|twitter:maimoto_k|userlocal:FCE771EB6139A786_36898b
0,奈伊Lareina,bilibili,1430207441,37762,d9fe1b5b-e6a2-5b20-ba64-aabe5061ee44,,,
0,-菫時-,bilibili,796556,37748,c65e91e3-1539-5b8c-8420-992f038e98f9,,,
0,谛听Hell,bilibili,3493074502158436,37736,0553d347-be1e-588c-be67-b1fc7fc3f65e,,,
0,弥雾meow,bilibili,3546581515111228,37669,8a6de3fc-d4db-5e80-8e12-9c09f515f553,,,
0,罗兹Blazing,bilibili,1315573139,37602,b6e5006e-349d-58d8-877f-a10c499c388a,,,
0,井伊木木,bilibili,150557181,37591,726acaf3-09c1-5fdc-871a-ebddfdde47ff,GravityS Project,3dfee54e-d852-5781-b361-5b71c3d16b84,
0,花梨kariny,bilibili,3546556143766348,37550,e591e963-e4a7-5e5f-a0f8-69fe239f24a0,,,
0,戌亥の造梦坊,bilibili,4903038,37535,5647dbc3-755e-52d7-b1dd-79a1ffbec320,,,
0,卯月_official,bilibili,2718136,37522,ade13bd4-a41f-53ba-acf7-29137b41b4a4,,,
0,弦羽Hane,bilibili,1863644136,37516,12cf836a-1d60-5a52-9a25-b6d8558dcaad,,,
0,阿卡娜,bilibili,1408868907,37510,ba29088d-0bbd-5d9a-99f6-5b513b760424,Orig1n,6acf34a1-2562-5fe3-a5e4-a4863861daa7,
0,御坂声声,bilibili,8491553,37489,967bc995-a454-5df8-b507-4e9fe6e25094,,,
0,这是亦枝YY,bilibili,147471,37485,aa435e98-e3ec-5989-936d-2bbf1c189d93,P-SP,f076e35d-500d-57ba-9149-6caed8275768,
0,春鹿村村,bilibili,680846,37475,05b3fc29-64cd-5655-9b45-3700d4af8ad0,,,
0,桃莓眠眠Nemurin,bilibili,3493104006989892,37449,4ac1f7ed-75c0-5e87-9c7b-4c5352572f20,,,
0,凰荧荧,bilibili,17793729,37425,936062d6-70bc-564c-a6ce-94cc9ee3e8eb,,,
0,四季凪的菠萝阅览室,bilibili,1531092980,37395,6487885f-fdf7-523e-ac64-36161949529d,NIJISANJI,5da64d9a-b5d2-5f3e-ae3c-35ec6aa42492,
0,YuNi_Official,bilibili,1308924026,37393,8a32f3fe-baf4-5cc0-920b-9101f156ba0f,,,
0,御坂伊里奇_Official,bilibili,6514909,37320,1bbcd31b-d87c-50e2-b42c-be3ee6d43fad,,,
0,利香Rica_Official,bilibili,3546692961962357,37290,9e3f1592-400e-5fcf-9d53-0602816f43bc,,,
0,大神いつ_,bilibili,10880609,37216,5c254133-a79a-51c1-9c4f-9af9c97b1bac,,,
0,小葵_aoi,bilibili,3461564369733705,37178,13a0bd57-cfbc-58bb-8fb0-f5431139f5d4,,,
0,萱玥儿,bilibili,319620913,37129,b7ac4918-1410-5f26-91c3-0792da8557ef,,,
0,久遠千歳,bilibili,257492,37098,ebf0f3ac-e6e6-5436-a0b8-d8a05a8be73d,,,youtube:UCP2o-o6u4uX3uq1hXspl0rg|twitter:kudou_chitose|userlocal:6C672208A4BDCC02_dbfe34
0,伊希斯_Eses,bilibili,1218961111,37084,d0041f76-50e4-56c1-b0eb-f8f4c18dd449,,,
0,卡欧斯_Chaos,bilibili,628292881,37065,92a6d57d-e90f-5a02-9fb8-139c754f822a,VirtuaReal,6a8d2bed-dc2e-5ce1-a3bd-e31317aa4e23,
0,栖苑太困辽,bilibili,303246676,37059,6be99fe5-2c58-5d2c-b0e5-6a431ab7ba6f,,,
0,冷璇ICE,bilibili,3546393694177401,37054,54dc0e0a-3d8d-55b5-b9a2-4edbb0738d4a,,,
0,尼禄穿梭之火,bilibili,1399393991,37031,dbbf55c1-9329-5569-9d34-af16ea1a1338,,,
0,笔子Penz,bilibili,3546572398791328,37017,d5800576-c7a3-5173-8f48-4a189823da1a,幻想社Fantas1A,5074200f-7ef8-5480-920e-6c21f74cedd6,
0,许小蛋哇哦,bilibili,1323728634,36929,f848a797-c094-5b18-b5e1-bd00edf59942,,,
0,沧海月萌,bilibili,1939568047,36909,5b6a37f4-fec4-5259-be40-67e62e855c9f,星云社_CosmicNebula,f8f7fa68-d6d4-594c-9c15-1741944d304d,
0,小米童鞋噢OOo,bilibili,471688299,36886,c1c19485-21ae-5326-8c70-8bd55cd064ba,,,
0,德音-Deyin,bilibili,3494365760588589,36861,5f6da62d-1480-541f-b01e-d18eb63a43bc,,,
0,小音在发呆,bilibili,1113108521,36852,833ffae0-75d9-5b39-a39d-f6671b13f0b4,,,
0,黎之恒,bilibili,13810867,36786,10f18718-5d9b-5ab9-992c-1b63dc0a673e,,,
0,寝间Nemuya,bilibili,7380376,36784,4969466d-8113-51d9-8f4b-87a22a7e85f8,,,
0,桃桃奶兮,bilibili,3087010,36770,763803b4-d920-5984-aa74-3b164e96eddb,,,
0,ice,bilibili,411861391,36769,2d906ab8-d130-5243-bc56-d9bece1ac1b4,,,
0,犬塚いちご,bilibili,406996041,36651,adb5c2fc-00c5-508b-b3a3-447ffb5a3f1e,,,
0,黑川薰Kurokawa,bilibili,9890905,36633,6a60de3b-09d2-5d52-9cbb-a75dcd214670,,,
0,鹿栀一,bilibili,515587396,36624,2c0aecc2-01c3-5923-979b-f4d3dd692c9d,,,
0,ななひら同好会,bilibili,498898366,36618,ef6d20d7-9984-587e-bc94-0d6a472266ca,,,
0,水月雨-友希yuki,bilibili,1261835179,36590,09ea2639-0533-577e-9623-b7a0b2a7c8cb,,,
0,道明寺ここあ,bilibili,381951501,36585,d940c818-a2c2-51ff-b16a-34530c0fb1c1,Unlimited,70a4cc30-079d-5e45-9d46-84c6194eb0c6,youtube:UCCebk1_w5oiMUTRxdNJq0sA|twitter:kokoa_domyoji|userlocal:D758763519B04FA6_f83eb3
0,爱露灯凛,bilibili,3546696833305381,36535,1bad2149-65f4-5306-9ebf-6a3ec4954916,,,
0,赛希芙璃Cecifly,bilibili,3546638935132603,36528,4b4ffaa5-e2c5-5e5f-84c0-28890d38d1f1,,,
0,纱鱼sayu,bilibili,1927037753,36523,19abd6fa-fa6d-5e17-921c-41eebb4fb5b4,ColorLink,909b9dfc-3691-5887-8f38-40d8287fceb0,
0,茶茶太困了Q,bilibili,2065480445,36499,c24e844b-2e6b-58e1-a3c1-ec7673e0262e,,,
0,柚木燕巢,bilibili,33192653,36460,42f57635-571a-597f-87b6-64234d2afd8a,,,
0,七禾いえ,bilibili,1802654492,36449,430ce05a-7c63-56de-92b8-21944fa2531e,,,
0,皮球piko,bilibili,488747573,36349,523e2fde-2d3f-53ac-9410-1e20819154fa,,,
0,鵊鸣,bilibili,11655582,36308,2a98f18b-bd8c-507d-9aff-29ee591328c3,,,
0,皇みかどvtuber,bilibili,410267272,36270,b6954b50-cd1c-56f3-859a-af661973bdff,,,
0,霄奈子nako,bilibili,3546585455659322,36266,fba1a8fb-ee6e-5b79-97b7-ad9aa5a76741,淬蜂计划（北立交桥）,b30df939-d5cd-5c9d-a6a1-ec905b14e77d,
0,朝日南茜Official,bilibili,690608703,36263,a3a8d9cb-389a-54ea-837d-fa64c4e2a88f,NIJISANJI,5da64d9a-b5d2-5f3e-ae3c-35ec6aa42492,
0,苏西今天也好困,bilibili,32454688,36240,8e1530df-9c8d-529a-ba5c-a32fb9701055,,,
0,酒菜禾子呀,bilibili,1734677911,36240,47f5160f-2a35-5c90-9dce-f65af7f1299c,,,
0,-籽三-,bilibili,178464220,36217,69bbeb3d-516c-546c-b2ce-d45484a6483a,,,
0,神塚KAMI,bilibili,3178516,36158,163377a4-c8c6-5940-8ed3-0edd1fa5813a,,,
0,枫铃Erable,bilibili,3690994147002654,36111,bf380018-f07a-52ca-be40-c9e7a9c7dc12,,,
0,村上咕咕,bilibili,3493132517772024,36076,caf47931-c854-5245-acf1-2810dcdb2212,,,
0,明日堇sumire,bilibili,13271481,36033,1bea8e14-3620-5a91-b582-04caaa9d5655,,,
0,阿鲁阿鲁aLu,bilibili,1497555,35955,6f736101-d3da-527c-a681-bcb1e90e9c93,,,
0,狗灰Omochi,bilibili,1196221938,35954,c66d97bc-d109-5c94-b2e3-f18cf7689cc4,,,
0,白羽瀬夢流,bilibili,3546746235914440,35919,d93717d3-e118-51a6-b1a3-239503a4f5ed,,,
0,夏夏每天睡不饱,bilibili,1787270572,35841,a5086d5a-5f24-5ad2-bb1d-8cc9c6d6541e,,,
0,Snozaki筱崎,bilibili,22470348,35823,6945a848-a312-59c2-b3db-6a883b75e04e,,,
0,Rogetsu_露月,bilibili,443760543,35814,0c0979e0-26a4-5ffb-b9e9-701e8e2a3bdc,,,
0,星宇-Ucyuu-代号26,bilibili,1591015548,35809,fa595479-1089-55a9-a35f-a1e1f2987613,ChaosLiveSprout,e67fb222-1c4e-5f19-84da-9e8beba2c365,
0,霜露ShuangLu,bilibili,49643407,35767,8f3001c0-be41-536d-a6e8-af528af8cea6,梦镜茶会（北立交桥）,20336e78-cc7b-5d9f-80d3-7664dbaf550c,
0,棠棠-Guoer,bilibili,3632315773225645,35739,89b84b5f-ab4f-5953-8728-dbb9f45f5b2c,,,
0,西野鸣,bilibili,3494370454014536,35729,a0ad0818-45d9-59e6-b714-52355b10ae11,问尘仙会,5f2eac9f-dc17-577f-a22a-19003e81fcdf,
0,音音继nene,bilibili,439071630,35719,d4e8ac1f-e537-51c7-be80-e8a756131643,,,youtube:UCd6_vOp6VmWVuUipxdj2tbQ|showroom:nenenenetsugu
0,天元言墨,bilibili,8646873,35715,a86eb2ab-9155-5334-ac1a-8a06093a5871,,,
0,财年年,bilibili,3546586980288705,35706,74dfbc9b-9b12-571f-afb7-24b45d64b10e,,,
0,Ver,bilibili,1954549770,35705,c7759322-b679-5d69-8b36-4d84139e355f,NIJISANJI EN,745fdb2e-e624-5852-804f-7493f9b4f56b,
0,冉尘瑶,bilibili,488082206,35695,4e44eb67-7dc2-5932-b11f-8b837557df33,,,
0,音炽,bilibili,3546657123731964,35695,622379eb-e316-5fd4-a2d1-c973253bbee3,,,
0,柯可儿ker,bilibili,380132653,35679,42ee6d17-a7c9-527c-b9d7-acb2d61ba8a0,,,
0,机动型青空,bilibili,3303103,35603,eb78c84d-dcec-57ac-9af4-68afbd8bfa16,,,
0,有加,bilibili,472845978,35593,af0eca37-1e9f-578f-bcd6-dc775299a62b,VirtuaReal,6a8d2bed-dc2e-5ce1-a3bd-e31317aa4e23,peing:virtuarealplus
0,AI主播艾灵,bilibili,510100897,35500,6ad0e80b-f91c-5a5f-8d74-5eb010c37f77,,,
0,鼠柚子Aura,bilibili,387727505,35487,cffca1b2-88f6-5481-8a48-11fb108ce11f,,,
0,白小雪Official,bilibili,458202227,35484,4f82cf75-747e-56ce-8af5-6f3e0270c542,雨林社,0c0c81b5-fc69-5ee9-a2cb-f77fb303b682,
0,月兔华,bilibili,486618657,35401,6d2522ca-8c13-561a-8734-868d38e692f8,WACTOR,682089de-7fe5-5303-8939-37eeab633407,youtube:UCMUmvaIF0-fBHzxt1PLOq3A|twitter:Tsukito_Hana
0,怜音Ren,bilibili,3493076226018127,35326,efe24961-baa0-5c15-ab12-27bbf746410f,,,
0,司Asu,bilibili,1378053841,35258,d3c2cebc-e5d7-5f7c-b47d-23be9ffffbff,,,
0,贝伦修坦因_official,bilibili,94928549,35196,283cff25-2b43-5b1b-883f-82202ed143db,,,
0,利维·艾莉法,bilibili,595407556,35191,a31f56f4-815f-55d3-a515-169286afa23b,NIJISANJI,5da64d9a-b5d2-5f3e-ae3c-35ec6aa42492,youtube:UCtnO2N4kPTXmyvedjGWdx3Q|twitter:Levi_E_2434
0,希欧_Theo,bilibili,1024165874,35143,9ab9ae22-cd41-510b-830e-1180a313bcde,幻想社Fantas1A,5074200f-7ef8-5480-920e-6c21f74cedd6,
0,桃村concon,bilibili,3546889578351044,35097,a03c6899-1441-5814-ab17-3fdd0c788cf1,,,
0,kinoko杂菌,bilibili,351007,35087,37c14bf0-5b8a-5168-aa3d-564c046b6b25,,,
0,困困鸭-,bilibili,335916773,35082,fb92ab6e-3ecf-5611-bd74-e6db6e35141c,,,
0,karory,bilibili,674228183,35028,8d0fe182-fa02-5dd5-b76d-16fef85f8706,,,
0,初濑Hatsuse,bilibili,1711724633,35007,53de7bb1-e4eb-5f09-8143-cc9b88307874,VirtuaReal,6a8d2bed-dc2e-5ce1-a3bd-e31317aa4e23,
0,花烬,bilibili,349218897,34895,26507ec8-576a-5b67-a826-ad58335fbecd,,,
0,忘忧翎Luyori,bilibili,16994082,34873,9dba0825-c2d8-586e-abae-f6a639636682,,,
0,嗷嗷,bilibili,1598199,34825,ad698504-3686-584c-8aa7-f85271efca28,,,
0,天川花乃official,bilibili,482515510,34817,f48de414-c5ec-5763-a0f4-f5a74721a141,ReAcT,6696f9f6-e159-5fa0-882a-1b1213a68556,youtube:UCxJ9SJLG7dA00M7VoEe4ltw|twitter:sb_hano_
0,希尔维娅-Sylvia,bilibili,752015,34751,badad2f2-15a4-5d34-9c38-e3d99ed4993e,hOuOu_Project,3056975b-305b-54cd-b28c-0e005b612a5a,
0,亿亿娘娘koi,bilibili,27096412,34738,0bf9da25-d711-5450-9461-9f975df45e88,,,
0,夏澄要努力变强,bilibili,13980476,34725,b3c9682e-8b07-5850-9efd-bd1ec0b786be,,,
0,Millie的地狱搏击馆,bilibili,1841441900,34696,0e9a34e0-f43f-5a48-8e5b-947336e303c6,,,
0,蒂莉雅回家家,bilibili,2126507529,34627,e2161646-6ad6-57a9-b1e5-f00ec19c36e9,,,
0,李锦鲤lili,bilibili,3546380966562309,34614,0d13df43-55e1-5ad1-bf2d-d6c1f7025e98,妖精管理局（北立交桥）,c8d7d021-ce8c-56f6-90a2-ab8758b3ac8a,
0,知予樱stars,bilibili,3493271944825817,34607,613f947b-9c97-52b5-9f10-c984a8c9ff02,,,
0,木暮,bilibili,486618658,34572,3b29a276-d025-5f4e-8d15-329cf1bc16b2,WACTOR,682089de-7fe5-5303-8939-37eeab633407,youtube:UC_s4osux7nPvJnISWjpJpTg|youtube:UC9PGxFdFkAge6TK8oPJJmQQ|twitter:KogurePiyoko
0,白音雪,bilibili,612524985,34568,76ab6850-a0b2-59b8-9840-6f237ed821a3,ReAcT,6696f9f6-e159-5fa0-882a-1b1213a68556,youtube:UCcD_EdnJcOjJMohDn435D3w|twitter:Shirane_Yuki
0,卡福Cafu,bilibili,37852472,34539,27a93a1c-8964-5f8c-a7a8-078617d3d893,,,
0,SoulliesOfficial,bilibili,418116005,34498,6f46c262-9842-5601-bdb6-f75d5791eeb9,,,
0,皆守ひいろ,bilibili,395814787,34449,7647bda0-43e0-5ea8-bd89-67331d15827b,ENTUM,5e4172d0-2dbe-5744-aa12-aeaee8c0b3d6,youtube:UCuGMkxJA_icuiF01u8f3Y2Q|twitter:HeroMinamori|userlocal:3FC08179412F440A_a5add5
0,鸩予,bilibili,41461068,34394,71a032f4-9896-5195-a915-c04fd8ff7cc7,,,
0,纱月奈奈_NaNa,bilibili,595542571,34359,915bff33-3e17-5aa8-b3d1-acc349318b3b,,,
0,赵狮虎,bilibili,3546392410721100,34337,774833c4-0c1e-5af9-bde0-a5cccedad87e,明月生肖（北立交桥）,98f46aef-0df4-5088-8fcf-3f5a6479029d,
0,师音Sin,bilibili,2565338,34328,4185f799-eeb5-55d6-bf6d-0b18c8f9e4fd,,,
0,三宝iu,bilibili,176528442,34290,e79a9a21-dfdf-5894-848c-5234956bd437,,,
0,弥绘mio,bilibili,3493081957534067,34273,6b15067e-fb46-5119-87d0-1958d7879077,,,
0,金城院花恋Official,bilibili,1252264991,34238,949b2f02-4c66-59cd-a058-23184aa8795c,,,
0,琉芸Miruku,bilibili,212886684,34197,6e6e5d0a-5de3-5d31-a7fa-4b05b5652849,,,
0,霂沐,bilibili,1471298380,34157,e11dc32a-2ba9-5215-abef-36ac3880307f,Neo Hertz,81d136a4-1fc0-590e-a041-fe5afffc7873,
0,灯夜tomoya,bilibili,1854400894,34141,9a78735c-7b03-50df-b2bc-d1a881bc5a3b,猫邮社,fb7977c3-8198-5021-a136-3c8de14290f7,
0,怡妹喝可乐,bilibili,495142225,34127,42b17ff0-74b4-5f3a-bf34-262a2a5984f2,,,
0,冯喵酱ソース,bilibili,1752319365,34097,9fd7da77-9b81-5c0c-8feb-4c54a608cb26,,,
0,林檎酱ringo,bilibili,54264888,34056,636468a5-e366-5532-81c7-7343b8dea390,,,
0,keii萤,bilibili,437786939,34027,17d65e9c-6726-5a58-abab-e6587a430ab6,,,
0,Vespero,bilibili,391753,34020,c592d427-6380-5fb8-b048-a3e36217e9fb,幻想社Fantas1A,5074200f-7ef8-5480-920e-6c21f74cedd6,
0,白夜 Tira,bilibili,3234445,34020,1f51b9de-04d9-586b-b826-51ec902664c2,,,
0,Scarle的绯红权杖,bilibili,409631607,34011,5b370d90-6c58-5e68-89b2-16bc3a89ae4c,NIJISANJI,5da64d9a-b5d2-5f3e-ae3c-35ec6aa42492,
0,春小花sama,bilibili,598716541,34005,d9aaa7ec-679e-51a2-89ab-cb6a19372bad,,,
0,神代澄音,bilibili,3493082133694836,33982,3b611a25-0660-505f-a6f9-0ff2f60be1fa,,,
0,白祉_official,bilibili,696961866,33972,402dbaeb-6d4c-559b-b63d-138f0b44aee7,Facemoe官方,621939ef-f164-5a7c-bd19-aadbe9679b01,
0,葉加瀬冬雪,bilibili,628292889,33946,46a654ff-837b-5e6a-941c-e102350f1cfe,NIJISANJI,5da64d9a-b5d2-5f3e-ae3c-35ec6aa42492,youtube:UCGYAYLDE7TZiiC8U6teciDQ|twitter:hakase_fuyuki
0,芙芙hana,bilibili,43596222,33942,ed8d4812-a4b0-5368-ad33-505f0aae38ab,,,
0,娜露Neru_Official,bilibili,432194062,33926,733ada49-634a-5c13-8627-bddfcfdd1eb5,,,
0,白梅子しらうめこ,bilibili,1117407845,33910,d1605440-a0e6-5327-9503-32db667fece2,,,
0,鸠的一声,bilibili,25616288,33907,73094f9e-9da6-5384-87f7-de7cec967f0c,,,
0,星熊uru,bilibili,3493105972021270,33904,a2093069-b6a2-53a3-9f8d-ac3e6a0e8c3f,,,
0,糖西Tansy,bilibili,1439135088,33903,51f42d5f-09a0-5e93-b1f8-54678f4b6fa5,,,
0,顾疚疚,bilibili,13630808,33874,29992a8f-3819-5353-aee3-9274c5cbe482,多维变奏MDV,507b983e-c810-542e-b686-87f514722181,
0,Valentina蒂娜,bilibili,1802937912,33866,09290c33-d1b8-5974-8baf-060bbf49bb5c,,,
0,栗川堇Sumire,bilibili,3494364242249735,33834,18b13866-2fef-5d9a-a23c-65e5a6cb1acf,,,
0,柚子咪Miyuki,bilibili,673716936,33816,9d16f47c-76e5-5066-88e1-0f65eedf0e96,,,
0,小春雫Haruru,bilibili,3546748574239385,33805,522ba6f6-a616-5dad-89b4-28b6cfe3d94d,,,
0,白瀬葵,bilibili,1508519945,33787,b3b3947c-deda-5687-bd95-0efb571effa8,propro production,6bb97c04-f7a2-5d92-8ec3-bb97262dbe47,
0,岁礼hana,bilibili,481632693,33712,e733835e-32e4-5c3d-9749-f5e076b74da5,多维变奏MDV,507b983e-c810-542e-b686-87f514722181,
0,Suzume酱,bilibili,6610851,33701,bd71e373-e8e5-5e9e-baa4-dad665dbc02c,,,
0,信使AKANE,bilibili,738406,33684,dfa2728e-78d5-5846-8253-e78d38095eae,超次元学院,cc64b75a-f000-5b4a-bef3-bc727dab00a2,
0,非与Feiy,bilibili,3546856804059245,33554,1c161157-a263-51d4-a457-9bab05a942c4,,,
0,Ike的鱼子酱批发商,bilibili,1730051024,33537,506b8a0e-6c61-53b6-8001-8700a9e6343c,NIJISANJI EN,745fdb2e-e624-5852-804f-7493f9b4f56b,
0,星野悦,bilibili,540033444,33516,a8ba14f4-8eb4-51da-bbb9-2331dccb3216,,,
0,喵月,bilibili,472821519,33474,bb1521c3-27b3-5a9d-a428-0a36b6d48f75,VirtuaReal,6a8d2bed-dc2e-5ce1-a3bd-e31317aa4e23,
0,芮伊奈奈,bilibili,3494373937383474,33469,a365d528-e76b-525a-85ba-a8e560f2a0e4,,,
0,夜岚,bilibili,1523623,33466,78df8c3c-5a41-5e16-9df4-86ecbc26ab58,,,
0,阿卡狐狐Official,bilibili,879478,33456,f566ef72-c77d-5297-ae06-cc23f9d11c53,ChaosLiveSprout,e67fb222-1c4e-5f19-84da-9e8beba2c365,
0,么鱼,bilibili,781606,33446,96ff977c-7aad-5714-bb21-b8041defcc04,,,
0,达莲Darlen,bilibili,2067739276,33442,2799f8d7-25cf-5d39-9e3d-e6d0329a8da8,,,youtube:UCoLHE6uhg5lNqTM4q8l4bqw
0,莓可Miki,bilibili,3493258504178542,33425,9703a560-9d59-5c3c-8acf-8db184bd0e49,,,
0,天羽优优Yuu,bilibili,3546576018475844,33359,5e6f6969-edd9-5aee-99d9-a0d55018b4bb,猫猫祟祟（北立交桥）,0224316a-592e-547c-89b6-9f4f4e425779,
0,许念之Zaria,bilibili,9556654,33351,1f595d69-0b41-5ed9-8b78-fccd6537274c,,,
0,红伊Hoi,bilibili,12461558,33344,772a39e8-289f-513c-b082-662c3b913ce4,妖精管理局（北立交桥）,c8d7d021-ce8c-56f6-90a2-ab8758b3ac8a,
0,空镜KAGAMI,bilibili,385016070,33327,71c0fe6d-a1fe-5f97-9afe-3d9ad8738c35,,,
0,鹤羽Official,bilibili,12862137,33298,b6ba5053-91a1-52b8-9f66-c85acfbdb1db,,,
0,速冻猫犊子,bilibili,545511,33292,16b531a8-4b06-53ba-8ad1-14c1f1d86c43,,,
0,艾Professor,bilibili,1689938861,33289,9a153494-da83-55d7-86fc-8e73989dc504,,,
0,小狼雨筠,bilibili,630854020,33268,9cb065a2-cb2a-5c4c-af3c-eae4b41f21a9,,,
0,朵芊,bilibili,1783955,33244,abc8afb4-244d-57f0-8400-0928f9a2a9b7,,,weibo:619961110
0,天使猫Parfaitty,bilibili,1404424740,33223,3773fa88-e2a6-5eb4-a4f6-0399873d66ab,,,
0,绮锂,bilibili,114576718,33179,fe18c32f-8331-5dcc-8303-73dfab79194e,,,
0,小星眠雾Starmist,bilibili,3546791853165530,33097,0d8864dc-44e8-5cf0-9ba2-7f829dbf9543,,,
0,莉娅Eliana,bilibili,873389,33057,a3c318e9-0d48-5ec3-935e-4e93c7038bcf,,,
0,甜茶_ct,bilibili,407033224,33017,3a37f21d-133f-5f0d-bf2e-a4c203d05c4b,,,
0,欣然大小姐驾到,bilibili,373059940,32990,5e026d0f-a1aa-5855-8bd5-852ec309d776,,,
0,白川Yuriko,bilibili,687730248,32958,33253386-73e6-57d3-8363-1779eeed6a10,,,
0,屁屁桃も,bilibili,431817165,32953,ef8b0298-5b35-584c-81a2-ac3d021eab53,,,
0,みるきぃ,bilibili,410741448,32875,b0ff6866-c978-5db1-90d2-8e6718199f88,,,youtube:UCBJPNd_nAzGkXdL4Wy87ADg|twitter:mirukyichubu
0,伽蓝KING是平的,bilibili,1654338713,32869,fef58c9b-1a3a-58f5-9261-e98aa8aa8606,,,
0,小猪anna,bilibili,501066866,32843,3b06bc67-61d6-593e-87f6-1908fb60ad9e,,,
0,蓝句Lenny,bilibili,1826309835,32843,65ddbf44-ca72-5322-9d19-7bfed471c97a,,,
0,库娜_Laronia,bilibili,3493132473731856,32824,b34df11c-4d1b-5198-bbd4-3ac5bac1a57f,,,
0,木易,bilibili,82255852,32815,10cd2946-0b56-501d-b60a-64ef0d7cb273,,,
0,夏野铃铃,bilibili,1354106821,32807,9df0b67f-6319-5dc4-a264-5a1c893564cd,,,
0,猫川多多道,bilibili,1926687,32802,7a4dea2e-c1f8-5583-a6d4-e8e837190e0d,,,
0,冬福子,bilibili,3493113773427538,32793,e6a588b8-6c8b-5b01-8b4d-438ef98f7321,,,
0,暮雨_Rainie,bilibili,472227710,32768,de4453ae-56a1-5505-8d46-82abe410bbb1,,,
0,向千澄Sumi,bilibili,1247824636,32712,6786fba0-1155-5246-8405-759c848e29e6,,,
0,辞镜Tsuki,bilibili,1596550204,32712,d97394a5-0115-5e23-b3af-745f09867ac1,,,
0,木木子Official,bilibili,114156522,32660,45f3768e-4dae-5f8a-bf2e-e13b3904b4f9,木南工坊,63c9e72d-0157-5c80-9f27-0977653100be,
0,飕鹿法_SO,bilibili,2615352,32629,ccf670e2-816f-5389-b8dd-124fba8c9efa,风云社,66ab2857-8a5f-5768-a532-f9a05a6d7572,
0,大钉子欸嘿嘿,bilibili,19659802,32610,18942c1a-6723-51d1-ac38-3a1ac91ffda3,,,
0,虎太Kotarou,bilibili,1511803448,32605,c8cc2191-bf0d-5f41-9ceb-9d4ca9d2bc39,,,
0,天雨Rainfall,bilibili,863287,32590,2fc1b6bc-df51-5430-9a99-3b16389de98f,,,
0,肉包子,bilibili,630942745,32585,e3b16e98-bf1e-525e-a5df-85aa00c2860d,,,
0,兰笛saku,bilibili,381439252,32583,5e3c0521-c471-5e33-99cd-dfd3ae25c443,,,youtube:UCybUlvX1pLcwwHD8ZtJWzOw
0,羽可小奈,bilibili,3493104116041739,32537,3bbd3b6e-9860-5afb-b936-94de01aed541,,,
0,叶娴好耶,bilibili,3493262186776769,32531,a3afa984-f8e0-5860-ad07-52962e7a02a8,问尘仙会,5f2eac9f-dc17-577f-a22a-19003e81fcdf,
0,叁仟院可奈,bilibili,3188835,32526,0bf8ec57-8de2-5342-b574-5938d3d9fe4b,,,
0,侏罗德-T-雷克斯福特_EN,bilibili,3546684042774691,32510,d6f38393-71f4-59de-a1c8-5caa3fb91015,HOLOSTARS_EN,bc439477-942b-5df6-91b4-19c7c3dae6bd,
0,悠米Umii,bilibili,172427807,32494,a939649c-790e-59ab-9c44-adf235d09f76,StarDust星云社,aaaa38ee-9cea-51f5-a5fe-795fbb0259ce,
0,纽伊Official,bilibili,690608697,32493,58c57fc9-007c-53ab-9270-ac2d4214fdef,NIJISANJI,5da64d9a-b5d2-5f3e-ae3c-35ec6aa42492,
0,阿哇Akai_awa,bilibili,3493276590017291,32468,5c05a19a-e20d-5ec9-a4a2-2bf19eddb65b,幻想社Fantas1A,5074200f-7ef8-5480-920e-6c21f74cedd6,
0,欧欧堆l_l,bilibili,84520595,32440,abf207ad-3b00-5339-bb06-365248365e9a,,,
0,友夏Uka,bilibili,690608712,32423,9dfea21c-6c2f-5e3c-937e-b0f919b7ddbb,VirtuaReal,6a8d2bed-dc2e-5ce1-a3bd-e31317aa4e23,
0,艾克斯,bilibili,477780498,32416,6d66bae4-b11f-57f2-be09-db73cf223b6b,NIJISANJI,5da64d9a-b5d2-5f3e-ae3c-35ec6aa42492,youtube:UCIytNcoz4pWzXfLda0DoULQ|twitter:Ex_Albio
0,芝口,bilibili,3493126238898344,32412,9a977391-093d-5760-bbc2-aeb675a4d2ac,,,
0,樱吹雪_Yuki,bilibili,501218873,32381,5690c851-b2d2-54fe-ab08-5f0456c6a48f,StarDust星云社,aaaa38ee-9cea-51f5-a5fe-795fbb0259ce,
0,一只仙咕,bilibili,319509473,32374,c6f7589d-be18-5051-8c79-19750719d923,,,
0,雪城真寻,bilibili,586880204,32322,fbfe747f-b8df-5ddf-bbc9-599cfb3ab828,NIJISANJI,5da64d9a-b5d2-5f3e-ae3c-35ec6aa42492,youtube:UCHX7YpFG8rVwhsHCx34xt7w|twitter:mahiroyukishiro|userlocal:F7AC065463773052_0468d5
0,九尾狐,bilibili,2091622893,32261,80899236-d947-5fa3-b9dd-031270d9b860,,,
0,奈丽莎卡里乌斯Channel,bilibili,13226045,32245,9a994ed0-9e3c-5f3e-99bb-b17ed84cb055,,,
0,布偶弟弟,bilibili,9883409,32206,377f9865-dc02-5ab5-bc1d-13344b5cf54f,,,
0,姬咲柚流,bilibili,493724848,32195,0b049375-922e-5f1f-80c5-0f51b8b6f7fb,NoriPro,5ca43bb4-d060-578e-a040-2d924bab8fb1,youtube:UCle1cz6rcyH0a-xoMYwLlAg|twitter:Himesaki_yuzuru|pixiv:122478
0,野生西瓜,bilibili,294709,32179,79309970-2d5d-526e-aea1-26c383731eed,,,
0,恶鬼roro,bilibili,3546671629732103,32171,f6b3ae66-279d-5a61-a7ef-398ec14f1e88,,,
0,随一Suiii,bilibili,1355412269,32164,49782705-933f-5569-9e28-c528c4e4879a,,,
0,诺娅Sukie,bilibili,1512788587,32136,d2df2852-da96-5722-9b4f-995d2b9560eb,,,
0,悦悦Yolo,bilibili,3493279521835091,32125,e44f99dd-f2d8-5be1-9000-68becb06491f,,,
0,长月春雪,bilibili,1242456361,32041,7678dda7-6d74-58fd-9332-baff8673a4fb,,,
0,菲菲公主喵,bilibili,1813207326,32040,677e2f65-fbd7-55d3-8335-ee394e0f8fce,,,
0,科科,bilibili,36795838,32026,315ba2fc-4688-511c-8dec-e2a84594ccf1,VirtuaReal,6a8d2bed-dc2e-5ce1-a3bd-e31317aa4e23,peing:q42336565
0,量子少年-祥太,bilibili,1461176910,32019,f69a6948-02a5-5876-8ce4-61672a1aa3a1,量子少年Official,47ca08ba-9ebb-5ac9-bae9-b0f3b802e97f,
0,朝比奈_Hina,bilibili,663596160,31978,99828659-9fc9-5374-9f9a-741b640d8d92,,,
0,人形冬萌_Tomo,bilibili,1048861669,31962,e8638b1d-e5c2-5657-84fc-4cc37b91885b,—MSD一,4119dbf4-9390-5a1e-8b90-6734005c8b85,
0,米可多Micdo,bilibili,5205337,31954,cf2f3e82-c918-585b-89b9-934387d1fcec,魅魔补习班（北立交桥）,e846092f-c516-571d-b6f6-ceab250a352d,
0,栗可莉丝Le,bilibili,3546832756017576,31952,31dada09-ebb8-57ad-be1c-061bba7a5f82,,,
0,默咕咕_Morh,bilibili,50003660,31917,ccab4402-823e-52de-8c46-6e52a606cc00,,,
0,墨雨Spring,bilibili,233984924,31905,7a31c089-968b-5e53-a0ef-eb1708a6560d,,,
0,帕可,bilibili,1978590132,31847,f01b9e6a-d0a8-5f59-b74a-2db9d8e1126b,VirtuaReal,6a8d2bed-dc2e-5ce1-a3bd-e31317aa4e23,
0,珂菈_Konrada,bilibili,3493104562735987,31830,5a69a49f-3823-51b3-bfc4-d8ef6110e483,星云社_CosmicNebula,f8f7fa68-d6d4-594c-9c15-1741944d304d,
0,薇菈Veela,bilibili,3493086627891923,31792,302a3844-36b1-5e00-aa96-3c9974e68c59,,,
0,库沃帕Kwopa,bilibili,1662679564,31601,1f5265c3-7aa9-5117-ad77-c349e7b2671d,,,
0,濑川绪良Official,bilibili,387103852,31590,36d691d2-15df-5c2d-9392-38a74c836373,,,
0,NAKUwac,bilibili,32155552,31574,17f028e8-bb58-5d58-9a21-0acfdebaa7ea,,,
0,幻幽酱,bilibili,2115139772,31525,417afe98-e7a5-5372-aa37-0058006def23,,,
0,青烟儿-,bilibili,3493284764715993,31525,7bedf4c8-87b7-5592-8a74-b7c9087a076e,,,
0,竹菇笙,bilibili,3375371,31515,c50fba62-cf4a-59e9-ae51-603853a71353,Vi-D,faf257d3-81df-564d-b5ae-2d9fd694675c,
0,兔籽鲸,bilibili,1356781652,31441,9388c4a5-0289-5de6-a305-2ad284c6b9f9,,,
0,魔乃阿萝耶,bilibili,624252711,31385,97338598-0299-5636-b87f-5383d280a69c,Hololive,40e82f4e-40d8-539c-87c8-ed17c6ea519f,youtube:UCgZuwn-O7Szh9cAgHqJ6vjw|twitter:manoaloe
0,温九_S御,bilibili,3493275610646926,31348,3893f9b4-1df0-560a-8f9a-55906417240f,,,
0,露露娜Ruruna,bilibili,558070434,31347,b387b388-9d6a-590c-bec0-dd955df5d498,VirtuaReal,6a8d2bed-dc2e-5ce1-a3bd-e31317aa4e23,
0,纸代棗,bilibili,480179246,31324,fda765ed-927e-5714-bb8e-afaf3e649914,,,youtube:UCftJR3Qm0LyEuEQue1QYytA|twitter:kmsr_natsume
0,秋钥盈,bilibili,1880355910,31296,c2368b30-6eca-53b1-8194-e99d3243bad8,,,
0,小针彩,bilibili,3546695948306751,31276,fa3fc106-4271-59bc-a8c8-0c8210934e77,卟啵电竞,d21eef30-ea61-5631-95ac-db4992368013,
0,明璃彩Alisa,bilibili,3546773505182653,31248,e2e029cd-09ad-527a-9f48-cc0833528167,,,
0,星乃めあ,bilibili,5730,31223,ffec77db-17ec-5e10-a809-68bc4d3f7a78,ALIVE MUSIX,9d2dee5d-4e1d-5faa-8398-7e769bb0a7cc,youtube:UCsiKFVHkQSMlSe0vaCG0anw|twitter:MaiR_Hoshino|userlocal:D300537D3D568E70_c161d1
0,铁口直断韦一尘,bilibili,1518090904,31126,3672f680-4828-5261-a65b-ad5077e77672,,,
0,懮雫_Yuna,bilibili,57664,31044,3bc48e06-d474-5769-be15-17a2ec195a38,,,
0,小天柴_あましば,bilibili,1986925924,31018,c4ad8aeb-86c4-5d8b-b875-5ba286cd87b3,,,
0,DELUTAYA,bilibili,3493284850699037,31014,5348793d-1a19-50ca-b581-29f89c01680d,,,
0,月食mooneat,bilibili,1692720413,30984,32c1a468-095f-50d0-b3bf-c68e1a3301b7,Orig1n,6acf34a1-2562-5fe3-a5e4-a4863861daa7,
0,花禧Rosa,bilibili,3494361989908754,30984,be19c3c8-d36a-5a2e-a6d6-a0ec5a142773,,,
0,词水,bilibili,1173016746,30965,c7423356-9b9d-57eb-a705-b75fe6f9b628,,,
0,犬绒Mofu,bilibili,1125641408,30947,9787b131-ed58-5751-9ba4-90a83315beaf,VirtuaReal,6a8d2bed-dc2e-5ce1-a3bd-e31317aa4e23,
0,东云惠,bilibili,308751411,30887,625195dc-d360-5a1c-b864-5ddbaa1702bc,,,youtube:UCNA0XC_zxS63d4Q-JMIMyug|twitter:megu_shinonome
0,星宫颜Channel,bilibili,3209150,30881,4b0cf4ee-2fcf-5542-a8b0-c57cb237603c,Providence,412f3e13-0742-53c3-80e4-a0ea111657d9,
0,半糖果茶_official,bilibili,24626465,30850,ae801afe-c19b-558c-aba9-ebc905c33e5d,,,
0,Okome_VTuber,bilibili,345648420,30836,434fecda-bf7d-5b29-a38a-e9eec3954ba2,,,
0,绘啾echu,bilibili,2097293503,30830,e9d5cd2d-b55b-5b90-b4f2-0fc1a6e528b3,,,
0,雾穗Kyrio,bilibili,3546645675379227,30791,8406f6dd-d262-5642-b4cb-074547fc4305,GravityS Project,3dfee54e-d852-5781-b361-5b71c3d16b84,
0,黑桃Spetto,bilibili,3493277990914430,30791,2a1c4136-9411-51de-a9b9-1e42b4de0dcb,,,
0,三千院果,bilibili,32207738,30790,a60bd54c-90e2-542b-9c41-5d76e499ece5,,,
0,犬生凉太,bilibili,1022470358,30759,c04d1120-06ff-547d-97ae-9159fab69e05,,,
0,绮葵kiko,bilibili,3493115843315726,30730,8d35231c-79ce-57ae-a9e2-407e7088cbba,,,
0,妮可米露-Licomilu,bilibili,3493272408295798,30719,17cf6a44-d5a1-5277-8d89-c9f8b05081a4,,,
0,风野慵,bilibili,20873473,30711,6d7f6154-cc0e-5b2b-81ca-1b4e57a94201,,,
0,暴食Hunger,bilibili,690608710,30666,7666a10c-b134-57b4-8d4c-9b6e24082567,VirtuaReal,6a8d2bed-dc2e-5ce1-a3bd-e31317aa4e23,
0,沃森·艾米莉亚,bilibili,674600649,30657,761f6d35-f64d-5b82-b81b-7b9d9d538c91,Hololive EN,d406e5da-ef7d-5e0f-9439-264188944758,youtube:UCyl1z3jo3XHR1riLFKG5UAg|twitter:watsonameliaen
0,洛梨Rori,bilibili,3493078096677390,30657,f997cbd3-03d7-5a77-9f81-2b79db4dd082,,,
0,叶绘花莲_Karen,bilibili,3546650289113250,30645,bb9f94b3-4668-5a26-ab6c-15d79eb08a05,,,
0,萤-HOTARU-,bilibili,174589427,30642,20b5a8d3-008f-5dee-b124-98e1f7dfee49,,,
0,软软Rakki子,bilibili,625978,30605,d6e9de36-c184-5006-a597-09abf8833613,,,
0,鬼畜千寻炎哈,bilibili,3726678,30605,14bfdb96-5f86-544c-b677-c07705600385,,,
0,熊野Mina,bilibili,3546746342869881,30603,7aca29bc-13ac-5810-84e1-217ef8c8eff1,,,
0,双月,bilibili,62359,30570,48999b96-04a0-51f0-b303-bda89edf849d,P-SP,f076e35d-500d-57ba-9149-6caed8275768,twitter:soutsukiyunaria|youtube:UCpqw54aSbBJw8WbL-PV6wfQ|peing:soutsukiyunaria
0,正直的盾爷,bilibili,121212,30552,90997875-8214-587f-8b42-e8de5d802cbc,,,
0,栗妮亚_nini,bilibili,3537105286334825,30522,18274429-5617-5a31-8439-ac2a2e1952d7,,,
0,帕妮punny,bilibili,1788955114,30448,02480195-aa1c-5668-8bc4-03531d93cd5c,,,
0,诺克丝,bilibili,23228347,30432,be90fa7c-942f-5699-8459-7cdefaed1053,问尘仙会,5f2eac9f-dc17-577f-a22a-19003e81fcdf,
0,HEX,bilibili,1795172933,30396,ac79712f-3b3a-52d3-a522-38be82bda0c3,NIJISANJI EN,745fdb2e-e624-5852-804f-7493f9b4f56b,
0,由菜Yuna,bilibili,3494364181432853,30371,539677da-2ce8-534e-8b70-75cb1a08c850,P-SP,f076e35d-500d-57ba-9149-6caed8275768,
0,灰爪GrayPaw,bilibili,9574203,30357,576a5204-9f0f-5fa2-b832-a0707c1d2aa9,,,
0,百夜りんや,bilibili,3060972,30347,fdbdeae2-9f6e-5882-80dd-9a5cf6dce77e,V_G研究所,30f0a6c7-e49d-56b9-8dd9-60bf6539212b,
0,塔蒂娜Tattina,bilibili,398431,30323,43bca9fb-185f-5946-8f28-4d2aea57a57c,,,
0,阿露丝•阿尔玛,bilibili,452100632,30318,bed86660-0178-522f-9776-65df29e8f2bd,NIJISANJI,5da64d9a-b5d2-5f3e-ae3c-35ec6aa42492,youtube:UCdpUojq0KWZCN9bxXnZwz5w|twitter:ars_almal
0,量子少年-泽一,bilibili,1535525542,30313,5012da3d-337f-5a02-95df-4b9a498321b1,量子少年Official,47ca08ba-9ebb-5ac9-bae9-b0f3b802e97f,
0,巫菜乃,bilibili,1874711872,30300,2fff5059-6424-55a9-8fa8-0c263627a547,,,
0,喵酱nya,bilibili,3493080636328319,30294,fba3440f-5afe-589c-b00b-3f99363c0490,,,
0,嫣汐,bilibili,411812743,30281,97336fc7-5a43-5523-9705-bcb423b81366,,,
0,黒羽桜鵺SakuYa,bilibili,2606266,30225,f1417693-340c-5d08-9970-5118bdd69693,,,
0,夜雪千沫Channel,bilibili,177356192,30213,41a92cb1-8136-559b-a7da-e7c59c1c4d6f,,,
0,神納セイガ_KanoSeiga,bilibili,3493285255449554,30161,78adc243-faee-5d03-9596-3f6d70249f20,,,
0,橘绘理,bilibili,278296,30115,d0b06acf-4d70-5a3d-949a-36b586fa3317,,,
0,CIEL_VanillaSky,bilibili,2066920860,30078,0713d714-6555-5b66-bd39-3d49091b08b5,神椿工作室,8e11a33b-c9e1-574f-8300-c8e5aa050010,
0,锦年Genie,bilibili,1137238341,30072,f78a9cfa-7295-5a46-8c96-ccb07da66df4,,,
0,塔西Tassie,bilibili,3494362447087956,30071,0277b4a8-464b-5421-936a-97c71ab47fa8,,,
0,贝萨Bessa,bilibili,592726738,30058,45a263e0-a04e-5735-879c-bd3fe812510b,Orig1n,6acf34a1-2562-5fe3-a5e4-a4863861daa7,
0,千夜涟len,bilibili,1019704303,30008,985f578a-0f95-5914-9475-c3c579f65c12,,,
0,柠柠乐er,bilibili,3493135101463395,30002,6a73fedc-9d05-5461-9a03-61368779210f,,,
0,百花院椿,bilibili,7445513,29929,7dbd4517-5f4c-52c6-9915-3f7cfd8a3968,,,
0,圆滚滚的垚垚,bilibili,5762940,29921,d97ef9ef-8288-574c-9784-156a0122bc75,,,
0,欧卡OKA,bilibili,96230607,29864,2f356155-e0c5-5096-ba4d-aaced61f7544,,,
0,阿银starry,bilibili,37676790,29830,902c0abc-779a-52b7-b056-9cb0edff1431,,,
0,yy没有_Official,bilibili,342260186,29819,e8c5dbe2-6a72-5fb2-99b5-6784f3d47c60,,,
0,普普有精神,bilibili,1792034157,29756,3efadfa3-f4f5-599e-adb9-fbc9f0f84bd8,,,
0,奇迹Kiseki,bilibili,676656809,29727,cfb793bc-4c6c-57f8-8afe-bd16b8037e5b,,,
0,兔幼Tuyo,bilibili,3546651998292556,29654,53e991cd-dc35-5879-9a8b-15ef94012ac6,,,
0,森瀬Tsugumi,bilibili,1853473750,29652,7be4cdf4-0570-5edd-a5d6-e27db321a218,,,twitter:morisetsugumi
0,天羽天那_Official,bilibili,661560428,29635,6ee2491c-a000-5d73-8fb3-7aaa604d67da,,,
0,紫陌清幽,bilibili,5182754,29603,e615cefd-3747-5f3a-9565-a9137206bc65,,,
0,希奥瑟_SeaOcean,bilibili,45469162,29587,ca86ffff-aa09-5cac-996d-f55186105a01,,,
0,洛茜Rosie,bilibili,205389243,29575,a7188329-eade-5eb0-83b1-7ed4893da4ea,,,
0,小红豆露露,bilibili,480437746,29556,2f02b756-7f49-5f2c-9ea7-2096909fb9a3,,,
0,安文Annwn,bilibili,3546645763459898,29545,c440b6e4-0836-5001-9f6e-240523010c03,,,
0,尾音猫,bilibili,3934727,29540,99d46ae8-d3ae-559e-8939-887317ef8a18,,,
0,达妮娅,bilibili,1962374457,29526,0828cb99-11f6-5c00-9e70-1e207f4a66c7,,,
0,Nico_StarLight,bilibili,1797902,29522,13831c0c-9ce1-5237-816e-3078c671053a,,,
0,幽米Nana在吃饭,bilibili,3537121451182661,29452,b3b05aeb-9946-56ac-838e-197df7b812f9,,,
0,伊蕾雅Ereya,bilibili,298217,29445,0de22ea4-4d8c-5572-8fb2-a6c97d5462ac,,,
0,吉鲤yuriri,bilibili,6716902,29431,7bd8a758-8c03-5d72-b9d0-c40e586a42c2,,,
0,千月Chizuki,bilibili,1464029182,29420,dc06887b-c844-5732-972e-922bc6e580d9,,,
0,赫拉Kris,bilibili,47791562,29391,411fa2fb-1a3b-53bd-b545-40d519233737,Croven教团,af7d8e20-2164-5373-a4b1-9a31c085fb7b,
0,黧温婉,bilibili,3546677879244804,29338,ddd7e7cf-0fe5-5e28-bd83-25c91dc618f9,,,
0,悠悠子yoyoko,bilibili,8093066,29334,8cd4b2b2-de91-5b2a-b19f-5ac151b6a2a3,,,
0,赤琥Akakora,bilibili,480820393,29274,0c063584-fc4e-5246-88d5-cffc0b990380,狄灵计划,811ad373-4359-562c-add8-3c2492dc209b,
0,夜空爱瑠,bilibili,1144478480,29243,2bf52b2d-1039-50bc-9916-45933790227d,,,
0,花洛栗栗子,bilibili,640283,29215,200fea75-365c-5c69-b580-dfd014c3a4eb,,,
0,乌兰娜仁,bilibili,8978401,29213,cfa4f80a-d388-5f44-8117-9c841ee4e1c2,,,
0,团生儿,bilibili,1533204549,29209,3df9eafb-750a-5a70-aa11-45352b1e39ab,,,
0,柯罗诺斯Z,bilibili,628278970,29208,621b3c83-a3be-5a96-801d-2c836e0106f2,,,
0,ShizuVtuber,bilibili,3493276315290467,29177,fed0bdb6-908d-55e2-8010-778e20ff99e7,,,
0,星宸Sirius,bilibili,666726800,29154,04bcaa60-1b16-50d2-9a6d-700b04d19fd5,VirtuaReal,6a8d2bed-dc2e-5ce1-a3bd-e31317aa4e23,
0,瑞芙,bilibili,666726802,29111,d4dd97e0-0a15-573b-a182-b212f9844793,VirtuaReal,6a8d2bed-dc2e-5ce1-a3bd-e31317aa4e23,
0,lvlv,bilibili,147688,29105,f5f2e974-bf3b-55a3-b3fb-800dd91b54af,,,
0,寇蔻,bilibili,493549454,29092,e2652a99-a1b7-55fc-8f18-a62de3ae3b6f,,,
0,仔阳sunny,bilibili,3494357669776121,29049,bcdc7ecd-de2f-5661-87c0-593eae89d841,,,
0,五十铃0-0,bilibili,396466366,28995,0e52dd69-d255-5048-b3e3-ce7161ae220e,,,
0,果奈suki,bilibili,1216158888,28995,a6e12146-9a8f-54f7-b077-cef5b058ab68,,,
0,芙莲Official,bilibili,690608705,28994,ee93704d-aba7-5bf2-9f5d-829f16fc98b6,NIJISANJI,5da64d9a-b5d2-5f3e-ae3c-35ec6aa42492,
0,山田心心zZ,bilibili,3546603944151354,28975,fed8fcdd-1804-5504-a301-def87f64c958,,,
0,弥生Miku,bilibili,90424564,28972,65ee022a-ed19-563e-8b1d-2049f2df98aa,,,
0,团妈Nikudango,bilibili,1762258446,28964,8660f1d2-7824-5c3a-ad95-849696c6c3ae,,,
0,莱斯_momo,bilibili,3493290691267121,28930,76b48b94-91a8-5c45-92a3-4f3a2632143c,,,
0,昊月,bilibili,17479767,28914,4a40ea6a-a854-5ba4-aa64-6e3388f3b7b9,狄灵计划,811ad373-4359-562c-add8-3c2492dc209b,
0,猇犽,bilibili,1931030982,28885,2dd4c197-d641-5933-a4de-63f526b00979,狄灵计划,811ad373-4359-562c-add8-3c2492dc209b,
0,天辻悠,bilibili,1615598941,28845,3f0bdd82-090c-50c1-9a7e-fe642af31070,,,
0,米狗狗Official,bilibili,542498,28844,10c71178-83b8-55c4-876d-4f2debe35a22,,,
0,永夜雨眠,bilibili,3546379932665888,28801,535eb35b-c7bc-5394-a389-940be4cf88cc,,,
0,千籁Senrai,bilibili,3546902467446882,28785,e21af748-231c-52d2-bfbe-811d5641c35e,,,
0,晏靑,bilibili,277937815,28743,e29401c0-3ae2-5197-a944-646fc852eda1,,,
0,倾澜vegetable,bilibili,31909735,28732,1b541100-dfde-5db8-aa11-81069da5b9e4,Providence,412f3e13-0742-53c3-80e4-a0ea111657d9,
0,神宫咲Saki,bilibili,341688520,28693,05c66d64-1d70-5632-b08c-6cd14188ef20,,,
0,芙奈Funa,bilibili,694269763,28664,fa953e8a-ae9b-5e99-8109-0d095787635b,,,
0,空澈妖灵,bilibili,7699390,28660,6b3e87da-5e89-5fb8-bc69-8f6cf005b781,,,
0,鱼鸽鸽,bilibili,4718716,28658,9c0840fb-91c2-5724-b489-795a20aac1e2,,,
0,卿雪团子,bilibili,3493259955407264,28643,2cd758e1-2738-5a81-ba6b-6a7a7933806a,,,
0,向葵Official,bilibili,1417202064,28643,7948bf60-24ed-52ad-8366-ec3f392ffcbf,,,youtube:aoichannel|twitter:v_Aoii
0,濑比Rebi,bilibili,3546860757191149,28641,eb48a125-49d5-50e5-b265-b2311c02facd,,,
0,一止小太,bilibili,437959238,28639,77947332-d12a-52d9-ac86-bef7add3e291,,,
0,神乐唯,bilibili,38631,28585,c03fcf28-edea-5215-9e9d-dfba98799304,,,pixiv:4118735|marshmallow:kagurayui_0w0
0,猫崎星衣藍_channel,bilibili,397146,28566,b7b3181e-525d-53a9-9349-93f8fd1a7cec,,,
0,月铃姬乃,bilibili,3546746888129032,28543,216afd63-9b0e-5363-9d7e-e069d6fe4fe1,,,
0,竹缘雪Yukine,bilibili,3493298677221768,28507,7f43c5f0-b719-551e-919e-8f62c62cc86a,,,
0,千夏夏灬,bilibili,1581915789,28480,ab1654d3-d905-5245-a386-f7a25e196cc6,,,
0,幻梦喵,bilibili,400141456,28456,b2994906-281a-53b5-9be6-5f569fd3ee37,超次元学院,cc64b75a-f000-5b4a-bef3-bc727dab00a2,
0,一澄_Izumi,bilibili,2075874,28453,e748560e-a71f-5286-9e4e-8818f033d904,,,
0,麻辣突兔,bilibili,3493104606775735,28441,b5027fc4-36cd-55fe-8547-559d724f0369,,,
0,轰京子,bilibili,586880203,28431,e478e889-ddc7-5dcb-915f-8c321a484d11,NIJISANJI,5da64d9a-b5d2-5f3e-ae3c-35ec6aa42492,youtube:UCRV9d6YCYIMUszK-83TwxVA|twitter:kt_seeds
0,妥芮朵_Toreador,bilibili,3493288646544112,28425,f93afb1b-cb43-528f-a8cd-5f4ff0d7fc96,,,
0,奈安Naion,bilibili,632028,28416,81c8c3be-e71f-5103-9b8c-e99a283f020b,,,
0,野猫奶冻,bilibili,521626041,28414,9e764be6-e9ef-54a2-8ed9-0c259888b821,,,
0,安蒂维娜·克莱因,bilibili,2119815078,28336,d3bdcd8a-5f7b-5bd4-847c-7016c9da7100,,,
0,嗷呜aou酱,bilibili,1970832280,28331,a7e42f6b-c870-575d-a609-cedbfe7a5858,,,
0,犬神犬汰,bilibili,1795978925,28323,2c650585-9c1e-5881-a794-db531ad2a00b,,,
0,克罗雅Kloa,bilibili,2091418780,28318,214bbcbe-d8d2-5621-9a45-b3cccac7c37c,VirtuaReal,6a8d2bed-dc2e-5ce1-a3bd-e31317aa4e23,
0,十七为何那样,bilibili,8713705,28317,69d813ca-fa50-57d6-b8cb-2f2bae55d056,,,
0,奶团fufu是钢板,bilibili,3546375935494445,28274,ac82127d-90b3-56ac-937f-3d6494bb66fc,,,
0,玖鱼鱼yuuun,bilibili,3546560447122205,28203,b0d2e3a8-5068-5d2f-9fa2-186a820586f8,,,
0,摆万,bilibili,101707327,28200,2c17cda0-95ad-5895-8563-626104ee4e55,,,
0,水水超水嗷呜,bilibili,24003005,28175,a4a03dba-4ea6-599e-868d-f61e467ec800,,,
0,晓曦Asahino,bilibili,2294686,28147,10f29352-5f4e-55c1-8267-9ec3e3f3c39a,,,
0,YUZUYA_Official,bilibili,1139993620,28136,bd95b555-2f38-57a1-9dd4-ef441f048e64,,,
0,数字云糕Official,bilibili,3391089,28118,b8ab7fa8-0099-5a7c-be41-29cfd77cf232,,,
0,矢川梦芽Yume,bilibili,1522046925,28114,1ccaabd8-316d-5e10-a819-b109b50a3dee,,,
0,珈诺Kano,bilibili,1713770620,28093,7c7b79c1-e54b-539e-9438-06a6f44d9813,,,
0,憨宝不憨か,bilibili,650444528,28086,bcd922d9-2caa-5c0c-beba-8fe7527011cb,,,
0,狮子神蕾欧娜_official,bilibili,474593913,28067,00287b52-ec0d-51a5-83c2-792a383d180f,ReAcT,6696f9f6-e159-5fa0-882a-1b1213a68556,
0,萱萱卡娅kaya,bilibili,3493126803032322,28014,1fd7d958-5e8a-5fbf-958d-b799d0b6f4f2,P-SP,f076e35d-500d-57ba-9149-6caed8275768,
0,卯卯maoku,bilibili,3546851041085772,28001,1b4ba5bf-ae75-518c-8cc0-67a585fef856,幻想社Fantas1A,5074200f-7ef8-5480-920e-6c21f74cedd6,
0,特莉丝忒,bilibili,651649,27983,7bd1a281-2a65-5460-bb5f-35e52bcd6f78,,,
0,朵拉Dooora,bilibili,587226178,27948,273a047d-e602-5280-b882-1bb36d0a5222,,,
0,端木铃荷,bilibili,14540552,27933,eacf1796-9bb6-548a-964d-50444d9a7098,,,
0,Baabel_ARP,bilibili,3493281231014411,27925,9e8d1834-8934-5835-bf36-a9b86fc4d6da,ARP,678fbb40-4a86-5d77-b5c6-1d655c897518,
0,HeWu狐,bilibili,1051654586,27904,99d7fe5e-26df-5259-8596-0253e116d389,,,
0,七咔拉CHikalar,bilibili,484660274,27831,5fbe5023-9a16-5eaf-bda3-715daef12d1e,,,
0,软桃桃_Official,bilibili,1964786482,27821,a29afd98-b64c-5c76-9986-12bb4cee1647,,,
0,赤紗_Akasa,bilibili,3494379891198905,27803,18794a80-5385-579e-8311-38baf1d6d1a0,,,
0,皓际,bilibili,4482037,27776,174f6cad-46a0-5414-8f28-dd0f77b85448,,,
0,加维斯贝特尔_EN,bilibili,3546907997637317,27763,c5524080-2925-5f54-982b-bb5b037f99e7,HOLOSTARS_EN,bc439477-942b-5df6-91b4-19c7c3dae6bd,
0,犬蛾灯里KengaAkari,bilibili,1123156073,27759,a85054c0-aa47-599b-8e08-a2355d4dddb6,hOuOu_Project,3056975b-305b-54cd-b28c-0e005b612a5a,
0,桃沢爱Ayi,bilibili,3493263455554149,27732,b5bae995-2213-50ac-bdcf-ba49b7bf0a0e,,,
0,霧切礼弥,bilibili,484451346,27704,8e808fbc-be6e-52da-af11-392743092b8e,,,
0,怂怂才不是萨摩耶,bilibili,10064811,27680,6d2d743a-d413-57fb-89f6-225a3bf527c0,,,
0,月咏坂栗kuriko,bilibili,3546689059162898,27673,398c9276-db6e-5627-88b5-f64665cf3887,,,
0,寒霜棱,bilibili,4797281,27661,253aeeb2-c409-50d6-9eef-e34a5da6f97c,,,
0,爱莓梨にゃ,bilibili,8952097,27659,75142157-8751-5ddb-ba64-5b0b2b49245c,,,
0,恩微,bilibili,105167515,27628,b5b8b8d6-b967-56c0-8bf5-154199728036,,,
0,艾依Aii,bilibili,2129926005,27628,18324900-6a46-5d2a-9fa1-ce6d759d16ab,,,
0,白璃,bilibili,13178002,27565,42a0273c-0047-529b-90fc-750eac0c73f6,P.K.S,9fbdaca0-7e23-551b-83ce-22c60b226c51,
0,宫园凛,bilibili,12485637,27546,fc549c74-5c77-5777-b06d-6d3fc2e375e9,VirtuaReal,6a8d2bed-dc2e-5ce1-a3bd-e31317aa4e23,peing:handking10
0,应悔_Official,bilibili,1842598376,27487,dd7bdf9d-ed7f-581a-b8c4-2138ba35f7c7,,,
0,乌月uzuki,bilibili,3493266536270555,27482,2e72ed41-a1f2-543b-961a-56245e165513,,,
0,元气少年洛鸢,bilibili,173435110,27468,abe839f0-3dcd-5639-b2f1-de05ffcbf92a,,,
0,潮留芥末,bilibili,34785075,27460,67c1149e-5057-5c81-abc0-d99961c29544,,,
0,-流仙-,bilibili,11181582,27447,45b68102-0a28-5147-a8f1-ef0a947bf6d1,,,
0,柚夏yuka,bilibili,1890662098,27441,f3e0aa9a-34cb-59a6-a116-f16566916379,,,
0,班羚Nemus,bilibili,1821077358,27409,0d0d6b0e-6a06-5f4a-af38-8963db0e9986,多维变奏MDV,507b983e-c810-542e-b686-87f514722181,
0,萝卜蘸酱_机萪Official,bilibili,479965355,27409,448f7e1c-bb8f-57a8-ad91-d9de40b04c66,新科动漫,b25b6594-eaa6-5b16-a112-c81a853f4815,
0,海盐奶糖白露,bilibili,1755400,27396,2ea4b3b9-8f92-5f3a-b154-a60fad76d0ec,,,
0,落空影ly,bilibili,3494360832280598,27389,4022dcc3-8a14-5e36-8d2f-2c325b3aacb1,,,
0,庄大律师,bilibili,1503520038,27382,2858ed02-80d1-592a-9528-a6fdde27cad3,,,
0,努力开朗的NN呀,bilibili,16626960,27341,7a4b9373-b061-5cf5-b663-338c04e6b827,,,
0,胜意uncle,bilibili,350754158,27341,56c3f88c-4e69-596b-a8b9-e5663c1e533a,极光社,9548b50d-dbb9-5b8e-9a4f-a86239ac14ca,
0,未未音_Mimine,bilibili,3546785129695357,27329,2a748900-3a09-5dae-bc80-3d66284fe5da,,,
0,玛安娜Myanna,bilibili,567234492,27322,55545dba-1205-5401-9276-88431a998ec5,Providence,412f3e13-0742-53c3-80e4-a0ea111657d9,
0,克蕾西・奥莉,bilibili,3546711085550450,27308,15ba3695-fcea-58f4-bd59-64dd7de43a09,Hololive ID (印尼分部),0c089df5-5af9-50fd-94ea-b469b6847d0f,
0,白鹭镜,bilibili,69229475,27298,39928e18-2890-5178-b887-922225929452,,,peing:silver15|weibo:3265749932|pixiv:192782
0,星光Kirarin,bilibili,3546653883632229,27295,e77735af-ff34-56e3-aab0-ea8bab587e87,三光五色（北立交桥）,70f1bfa7-4270-5eac-89ef-a52c777a6ff7,
0,阿黛不太呆,bilibili,410124536,27290,2fb44a10-1a8d-5c4d-acb6-328424a8c440,,,
0,紫音Official,bilibili,17364887,27275,7faf854f-d62b-5d97-8e5a-cb5fed96c02a,,,
0,真咲樱,bilibili,363395719,27274,214d81a2-e760-59ba-b68b-8470b1fdfd3a,,,
0,蜜瓜Melo_Channel,bilibili,1267348553,27267,f3e73102-9be9-54a8-9d3a-928bef77757b,hOuOu_Project,3056975b-305b-54cd-b28c-0e005b612a5a,
0,月见络,bilibili,20312979,27244,5d8b1ea2-f8b2-5b99-b3d2-ff4f454f7810,,,
0,柚雨Kioi,bilibili,1096820127,27232,e631b881-9e43-5196-963b-a20144cfe350,VirtuaReal,6a8d2bed-dc2e-5ce1-a3bd-e31317aa4e23,
0,熊野ぽえみOfficial,bilibili,690147772,27228,851d1eba-6cd8-590f-9b75-847e83507e55,ZEROproject,5b24d707-9143-5dbe-8e3c-c38405545e77,youtube:UCB0k5ikJSPMXhMgYnRh1Ujg|twitter:pompompoemi|showroom:ZEROPRO93
0,打酱油的魔神_Channel,bilibili,11082943,27218,c316ca45-284f-58f0-a8d2-bec83f5f2241,,,
0,椋笙栗,bilibili,515053790,27197,13181cf4-d375-5a40-9069-6c457a6558f8,ChaosLiveSprout,e67fb222-1c4e-5f19-84da-9e8beba2c365,
0,离火hotaru,bilibili,8702159,27153,c414f02b-3f0c-5a8d-813f-2ad06b65a9ff,,,
0,虎丸幼一Official,bilibili,205083578,27150,c4fd4b86-936e-5bc1-8b63-4bbc7fce27a6,,,
0,歌莉丝official,bilibili,642391225,27138,483a3d74-2a40-52b7-b99b-43be3b83f896,MZ次元,8d3239cd-4811-570e-a968-7c582e46ead0,
0,爱尔薇特Elverte,bilibili,2066486696,27137,8f980124-3a5b-5ffb-9126-a11d7b7e9c81,,,
0,洛川霁月,bilibili,3546581315881030,27135,ea1646f2-902d-5e9e-9bc2-5f6c687f282a,,,
0,碳鸽,bilibili,5482095,27094,d81a4f36-a8d1-56f9-abf5-9fde1a4690c2,,,
0,猫音铃,bilibili,1468021108,27093,0f3cc241-c70b-569a-b43d-003dd1cdbbbe,,,
0,可可佩莉Koko,bilibili,1846244359,27068,d36b50fa-c466-5cfe-83ea-c52f09c65dad,,,
0,伊莱莎凯瑟琳Channel,bilibili,414116896,27053,04bd5c4e-f904-5705-9a34-73bcc77a9888,,,
0,梦咲有绪,bilibili,1637486568,27048,b9d64f2c-1f8c-5843-9ee0-6ccdfa5066bd,,,
0,天结阳彩_Hiiro,bilibili,3546923703208661,27045,76e45a0c-9f8e-5d18-a646-a13845a8a176,,,
0,霜月_SYue,bilibili,3546386807130885,26984,c0702dc6-16a9-57aa-8ec1-53f265e50d58,,,
0,月见枫Channel,bilibili,3045240,26983,62786491-4e6e-5855-ae57-f6f8753815e7,,,
0,夜原,bilibili,336442974,26980,72617c52-bf6b-5e1d-bb36-6a0bc1928d83,,,
0,铃依_Sumi,bilibili,44648672,26972,6ef39a1e-8e29-581e-ba61-aa75c36d2d30,,,
0,泪零Namida,bilibili,1113326069,26914,57de32da-5768-5ece-9dfb-bbf328268757,,,
0,冷幻C,bilibili,37170037,26883,6ec908db-d228-5f30-91b8-e21f0ceb5ee7,,,
0,诺可Noko,bilibili,393885664,26878,d59f9779-e2a8-5290-ab7b-f9e24efe6be0,Palette,d0827515-9a79-5e6a-b445-b1145bacfea4,
0,桧塔HATA,bilibili,24641923,26873,ee25ac52-eed1-50ae-a18b-50b2c0803b6b,,,
0,维娅,bilibili,24653361,26872,e45516ec-84a4-5e75-a610-bd9c1ac4d3a0,,,
0,北久Kyuu,bilibili,3546611875579929,26841,e31a3eed-0987-5b37-98c1-b111d2ff7941,幻想社Fantas1A,5074200f-7ef8-5480-920e-6c21f74cedd6,
0,花吟浅兮_LuLu,bilibili,3493117711878507,26804,c11737ad-42d0-5ed7-be28-0c86e3ce80d8,,,
0,猫小鹰Owl,bilibili,524279657,26783,ff4511e3-d794-57a7-ac63-9739c520c8ba,猫邮社,fb7977c3-8198-5021-a136-3c8de14290f7,
0,军姬诗嘉古尔,bilibili,16825646,26767,7a6f7250-4423-58cf-b5db-eec21e461988,,,
0,安德烈·赫岑朵夫,bilibili,33708487,26737,4bd947cf-4f40-54d4-bd84-2671ea5fed2c,,,
0,千鸟战队_艾白,bilibili,334537711,26732,3925a027-d42d-585c-81d0-3d916295781b,千鸟战队,0fd2499a-5caa-51d0-8946-7d61d5aba18b,
0,山有鹿汐,bilibili,9418083,26711,185b7f53-f8ad-5483-b827-73a01a03db2a,,,
0,芙雪Vixel,bilibili,3546903457302902,26696,125a2735-b5cd-5e5a-8ea4-2ca561a81328,,,
0,多间硝子_Official,bilibili,20621838,26692,94dfc8e1-4e00-5d9c-8ec6-d8b55191b832,,,twitter:Tamashoko_|youtube:UC3t52dJPuRdQwgAH4Bkyaxg
0,五音不全的晚辰,bilibili,1904835566,26651,2bddb64d-f8c9-55d5-94ff-c0ea5cd9f545,,,
0,曲奇Aria,bilibili,1968342232,26640,6af69826-005b-5328-bf4e-89b43e6a3097,Pursue-live,e73263e5-7914-5da0-a523-475213ae2d4e,
0,泉鹅Izumi,bilibili,593793031,26619,1fac360d-f550-5f29-8bbe-d8d51a641c86,,,
0,Jinlly多宇Official,bilibili,2008705943,26563,85965429-96ed-5f25-9f58-185f67538c5e,,,
0,Hozaki_Vivy,bilibili,3546631104366680,26562,566c1784-f3d3-558a-b2ea-979759f29921,,,
0,有理w_Yurii,bilibili,398302256,26561,00bef163-0c6c-584b-bafa-c603b73e0d77,猫邮社,fb7977c3-8198-5021-a136-3c8de14290f7,
0,神崎凉子,bilibili,6487721,26499,e5fd398f-86a2-5e03-8341-40bcd847f845,,,
0,木昭羽Official,bilibili,257589608,26491,9ecb6cc0-d574-51b4-8ffe-5d6fb4ac8fc4,木南工坊,63c9e72d-0157-5c80-9f27-0977653100be,
0,魂喵喵,bilibili,480536263,26454,ade3582a-f6ca-5986-a608-b28652fb6059,魂喵Official,0a2ecd85-eecd-5968-9d03-77649d1844a8,
0,尤利娅,bilibili,650573749,26427,a6c73fb7-26de-5407-b2a3-28152321eca6,,,
0,苏清海,bilibili,2268234,26413,dd8683cb-a099-5920-b56a-18a6f3ad3987,,,
0,小小怪only,bilibili,3546385039231736,26384,cd13e29f-5cff-5f2a-a084-ebbc272cc453,,,
0,黑原缚,bilibili,52719242,26374,2b1e59e8-a4ce-5156-bbca-f3f0ff3601f2,,,
0,花铗镜_official,bilibili,482515504,26370,fa7054bc-ba09-589f-8ef6-d2de31dcd574,ReAcT,6696f9f6-e159-5fa0-882a-1b1213a68556,
0,早季ちゃん,bilibili,30688252,26362,2ec65757-6e41-5e64-a5fd-a8f87c248bf3,,,
0,七帆梓NanahoAzusa,bilibili,21652031,26332,878489c7-a645-51cf-bcd1-d01e0ab16a2c,,,
0,西比尔,bilibili,1041786022,26277,13ca7744-33f9-5011-9472-c3df4fb20117,,,
0,小小只suki,bilibili,627306137,26263,39179ea6-0cdf-5671-b5d0-a0f30bd46c1a,,,
0,白七-Star,bilibili,349976867,26224,d230a837-79ba-50fe-a532-6215684ed746,,,
0,河伯-hebo,bilibili,7195666,26187,1a1696e3-206a-5f4c-a80d-25d65005c601,,,
0,知知Sister,bilibili,3493281652541540,26146,fe73fa5d-c9b0-5568-a552-ecb0cd21f26b,,,
0,濑月夢纪YUmeKI,bilibili,3026704,26145,cebcf795-4583-5ac2-9dd5-44eb33af979c,,,
0,不可怕的魔鬼桑,bilibili,1760361,26143,243b339d-d88d-57e0-85ca-7943d4fc8cc0,V_G研究所,30f0a6c7-e49d-56b9-8dd9-60bf6539212b,
0,Shana,bilibili,2034172427,26139,d93a7dc8-7d48-5797-8b7e-a935fe9d3d2f,,,
0,心缘恋,bilibili,3546760276347603,26092,7e0a362e-7037-5978-8f69-4ba18c187fb8,,,
0,-莉莉-Lily-,bilibili,1472362579,26069,4e674e8e-939d-5318-8d78-9c1a740db5ba,,,
0,希贝尔与蕾蒂Official,bilibili,430219038,26056,eda58a7a-2583-5b9c-88ad-f591f936a1e8,Facemoe官方,621939ef-f164-5a7c-bd19-aadbe9679b01,
0,梅丽莎・金莲花Official,bilibili,690608707,26043,d6eeaa00-3764-5ea4-812e-e9d9712588f9,NIJISANJI,5da64d9a-b5d2-5f3e-ae3c-35ec6aa42492,
0,萨麦尔_Samael,bilibili,370689210,26037,7591c3db-ebcc-5592-bad8-72a139d2a542,VirtuaReal,6a8d2bed-dc2e-5ce1-a3bd-e31317aa4e23,
0,库洛洛_Kuroro,bilibili,1424016425,25968,e251d0f2-6062-5147-9763-096399c964d1,,,
0,波音BOI,bilibili,376831143,25914,51561539-b0ae-5101-aa27-d03938262ff7,,,
0,白羊姐姐咩,bilibili,526466097,25914,53513f70-18f9-5edb-b7ea-fb4ddbe5f3f3,,,
0,血狼墨雯,bilibili,3034238,25912,ce52371a-9392-5e50-a44f-ab9a112ca067,,,
0,阿力克斯ALEX,bilibili,3493079956851091,25912,1f066b30-1851-570f-ae6b-7f98b0745e5a,,,
0,星河Divus,bilibili,255235231,25900,d47ff4e6-9f88-5985-b1d9-a5f7117872eb,,,
0,獅子姫萝蜜欧Official,bilibili,1356474660,25898,b082baf2-30df-58f0-9a11-3527e37ed22f,,,
0,落笙,bilibili,350414988,25894,72964538-9896-5a3f-8b45-76b22b8b6c93,,,
0,李发财Kaneko,bilibili,3655583,25880,0f709968-f6d9-596e-9918-f4815e46712f,,,
0,枝堇Sumire,bilibili,1150976664,25879,a784d3c3-82d1-59dc-b82b-fed674465d4c,VirtuaReal,6a8d2bed-dc2e-5ce1-a3bd-e31317aa4e23,
0,堕天稚悠爱Official,bilibili,411913934,25862,a460af86-2655-5850-ab5c-07ddd1b44813,,,
0,莉蔻Liko,bilibili,1536601294,25821,14c0c46f-31ed-5733-9e65-01bc8991499f,VirtuaReal,6a8d2bed-dc2e-5ce1-a3bd-e31317aa4e23,
0,星守莲花,bilibili,3546729811019868,25811,6e7d3ed8-3401-517a-8937-407c7ddbec6c,,,youtubeat:lotus_hoshimori
0,芝士饿晕了耶,bilibili,17992194,25739,d2eaa3bf-d81a-514f-b495-900b4ff9e344,,,
0,库宝,bilibili,3494361675336617,25666,04ddccda-8579-5aea-860a-083b1c754d8c,,,
0,Saba的远洋捕捞船,bilibili,3546834817518531,25652,9e8796c3-68db-53e7-b30d-f426ef7d9b5b,,,
0,天羽四叶,bilibili,383079163,25627,c82126c9-cb1e-5cf2-9093-7e4527bb909a,VGaming,f91c8cd6-c548-5ff2-a7de-e7d47d92c851,twitter:amahane428|youtube:UCO2bnzPlCau6YzLoSt8EDdA
0,凶狠的蛇,bilibili,396770426,25607,2165111e-c458-5be8-974b-05ec0a0bd1df,,,
0,芙蕾_Furei,bilibili,8156542,25601,b03b3221-be50-553c-8b76-d0c110e2dbdd,,,
0,稚九鸟Channel,bilibili,3107400,25596,a94c14ae-c99d-5cd2-a35a-058288986d03,,,
0,妙昭彩Miaoya,bilibili,3546377604827193,25522,622f428e-346e-521c-9305-e0e7963e759c,,,
0,伊贝可Ibek,bilibili,146977967,25513,3e62701b-3d86-5b83-b0f1-815a409c86c3,,,
0,星璃奈,bilibili,1466592156,25513,6e406dcb-689f-52f6-afe0-7ec137883322,,,
0,暖心冉姌,bilibili,670010917,25496,a15bb264-d1cb-5ae0-acf0-090ab12cca8d,,,
0,tanoki苒佚,bilibili,5398196,25485,212b7f70-d044-58fd-b0c3-70baba24314a,chaoslive,7d14580b-8154-5fdb-9777-b1032d302bfe,twitter:tanoki233|afdian:tanoki233
0,悠音Yune,bilibili,1996735754,25449,41e2d470-369f-57ec-8e6a-756db4bf1b78,,,
0,某柯,bilibili,2844993,25437,85ca57d7-f4a3-52c5-aba5-6b342e289231,,,
0,桃葉Momoha,bilibili,506171903,25411,41e1ac7b-e2f0-5768-90cc-c70eb9781b25,,,
0,椅子_Official,bilibili,2046120,25393,3c6bbc05-fdc6-5ec8-b7e2-989c64afc11a,,,
0,呼呼miku,bilibili,3546608794864225,25341,89dfa4e0-e07f-5d58-b8a2-992b8af3e9aa,冬日之家Ultra（北立交桥）,748b837a-0f27-55d8-aae1-695e4cb77aff,
0,六神花禄,bilibili,3546381516015974,25333,5c18d95c-286b-5b77-8db2-fc070029bddd,,,
0,一只锦婳er,bilibili,3493275063290088,25315,3a3fd9f6-9af3-537d-bef1-c7a96f42682d,,,
0,星ノ谷みや,bilibili,402105315,25280,d96420a8-2276-564b-b02d-7243347aa5a5,P-SP,f076e35d-500d-57ba-9149-6caed8275768,
0,粥千千,bilibili,3546392437984168,25272,b0c1a3d8-38fc-5557-987e-e7b0cd6bc046,,,
0,莫尔斯Morse,bilibili,3546896297626222,25269,98453cef-b3db-5e55-9a34-26b206e35d92,,,
0,绮莉_Cherry,bilibili,2047070594,25167,05972a15-a610-5dd2-84eb-77bd712b8e23,,,
0,万花知,bilibili,14415684,25164,87d75f53-aa08-5e31-8301-23fa3c61f78c,妖精管理局（北立交桥）,c8d7d021-ce8c-56f6-90a2-ab8758b3ac8a,
0,千夏official,bilibili,524787140,25160,45713fa3-e2d0-56f9-be10-dd6990dac173,,,
0,猫辞猫辞猫,bilibili,17794913,25153,2540b574-6a19-5718-b249-b93d6d20f22a,,,
0,宇诺Yuno,bilibili,34959022,25151,ace2976a-a1d5-5b80-8c35-c338d899869a,,,
0,绮楼,bilibili,690608696,25141,d25a6b23-740f-5802-a81c-ba4a8cda8375,VirtuaReal,6a8d2bed-dc2e-5ce1-a3bd-e31317aa4e23,
0,白桃bato,bilibili,3546383929838293,25139,7fe4d387-d468-57d9-9d8a-50ce4ae59be6,,,
0,夜祭_Official,bilibili,23120066,25121,8d6095d1-30c6-5c5b-ab36-5ca76540a905,雨林社,0c0c81b5-fc69-5ee9-a2cb-f77fb303b682,
0,矢神水心Channel,bilibili,13014543,25120,ed8947cf-287a-552a-a40d-6ee9b6581557,,,
0,Minto薄荷糖,bilibili,3727121,25108,08d453ea-500a-5f9c-9687-f58b9c82c888,,,
0,池恩Arch,bilibili,3546707734301114,25091,05bce017-66de-5563-ba4f-df4da8c087d8,,,
0,米娜,bilibili,7595,25089,0f20e75c-a01f-573f-b0b6-8988a1d0aa86,,,
0,冷暖自知,bilibili,15498290,25088,2d24aaf3-0e35-5d72-8f04-c0a5d172d649,,,
0,吉尔莉娅Gillia,bilibili,3494379819895348,25009,11a5e5c2-3df5-5183-9270-e9669dca5784,,,
0,餅餅結Official,bilibili,1721741513,25002,8008f2ef-aca1-52e3-bad3-a8df850c545c,,,
0,奶兮喵Miao,bilibili,370216798,24999,360b4bbf-b731-5f68-815f-d09730ffafab,,,
0,咕奈guna,bilibili,1483180353,24996,3a7c951f-5cf3-5a91-bdda-938cf4f04499,,,
0,泡沫メモリ_Official,bilibili,487551829,24989,5c9016cd-f46c-5c9a-bc4c-c6b84181826d,ViViD,e0c583c9-7625-53bd-84c1-5cca0c419a7b,
0,书沐言,bilibili,350286202,24979,facf221e-a980-5202-b245-bd5817f89b6e,,,
0,Mikado帝,bilibili,1480503142,24960,5393ac4b-e2fb-5b7e-a9cc-ef162c72c1c0,星巡学园,6506d485-2cbc-552f-9337-6d4fc2d9b7fd,youtube:UCO-FZDAG0mOvgu6jmGg1tiA|twitter:mikado_HS
0,MiKi岁岁,bilibili,3546871802890480,24953,a471df97-463a-50ae-b451-e4e39eea0383,猫铃社,6eec14e5-38cd-504f-a995-b7bd15b4c51f,
0,结,bilibili,477639461,24908,a9a6774f-8dc1-5d5e-b5aa-5c5b6d6eb22a,,,twitter:msbsqn
0,羽啾chu2u,bilibili,2138961136,24890,55dfac47-1a2c-513c-8eb4-65d4b8e3b12e,VirtuaReal,6a8d2bed-dc2e-5ce1-a3bd-e31317aa4e23,
0,茵瑶sama,bilibili,1381869824,24859,92e0d147-717e-55f1-91f6-4ee5b528b409,,,
0,机械小豹梦到电子毛球,bilibili,15011512,24839,ba10006d-6565-58ad-a2cb-3cc442b5bb59,,,
0,凜凜蝶凜,bilibili,1220317431,24829,ae559ed0-261c-5bc0-abb8-3eef366c5d2c,,,
0,七曜日-蓝风Channel,bilibili,10053157,24804,6d8acadf-6a68-596f-b50e-d3d9a13575b3,,,
0,铃和琴,bilibili,244213000,24794,23ab0fc3-c7a2-501c-b801-9b81186ca008,,,
0,纱奈_Sana,bilibili,3494368979716634,24793,1d276630-a135-59f8-83eb-36a4ebf9230b,Providence,412f3e13-0742-53c3-80e4-a0ea111657d9,
0,奈奈才不是地雷女,bilibili,3493125349706233,24783,af3d1b61-1cca-51e7-8e7d-472c2a06c699,,,
0,洛宝宝lover,bilibili,1468863621,24757,b4113a52-b52a-5685-adb6-ab5caa33aba5,,,
0,初鹿野乐,bilibili,485231759,24744,d658c6be-bffe-58e2-a7e7-624eacceaa6c,Croven教团,af7d8e20-2164-5373-a4b1-9a31c085fb7b,
0,林伊,bilibili,474593910,24736,f29b5cd9-28cf-5146-a0b5-914a279f76d0,,,
0,页页Neya,bilibili,13422201,24726,42397c3e-9dd1-52ed-8439-9358874398b8,,,
0,慕倾城鸾,bilibili,33419912,24725,e5a11826-26dc-51a3-894b-9160641174cf,,,
0,兔谷Ruabi,bilibili,3493118185834584,24721,de2d286d-f1eb-5ec6-8359-05bb3c734315,,,
0,花樽栗守,bilibili,1988157612,24717,7d03864e-cb0a-569b-8408-a13500570837,,,youtube:UC-Sx2HYqUS2U15LjWkh7t8w|twitter:@HanataruRishu
0,可雾_kiri,bilibili,6450976,24690,e0cf9883-fb18-58cb-8f62-565cd6d98e4f,,,
0,爱斯基摩羯座,bilibili,3537117997173280,24652,4475e2fe-0b17-5363-b4bb-4972472870b0,,,
0,稻荷槐,bilibili,1956770451,24642,dd2a9b54-7cae-568f-af2a-13091e58f165,,,
0,皮皮大兽兽,bilibili,174919184,24623,ef835224-371e-59cb-9483-862e36a9a466,狄灵计划,811ad373-4359-562c-add8-3c2492dc209b,
0,尾巴困困,bilibili,75094637,24605,2ae67796-be92-5001-8e34-858870226120,,,
0,十六萤Izayoi,bilibili,1149064559,24566,1ee60ffb-0849-5de1-ae8a-23c3fc82a2b5,VirtuaReal,6a8d2bed-dc2e-5ce1-a3bd-e31317aa4e23,
0,敖夜,bilibili,3493259154294924,24566,262a07d5-c7c3-5d7b-8aec-373b3cbd4258,星果屋,14af1184-c6c7-5526-b984-714023090937,
0,莉莉,bilibili,2230818,24547,0968f8ab-1931-5f87-9592-2c7e794e1f27,,,youtube:UC48jH1ul-6HOrcSSfoR02fQ|twitter:Yuuhi_Riri|userlocal:F88FA2AA92DFFCF5_0725b9
0,奶油萋萋子,bilibili,169710597,24522,67b945f2-b114-5314-a96d-bb6dfacc0674,,,
0,赤阳阳阳,bilibili,1948461821,24520,7dc06cc3-74ef-5fe6-9f9d-ccfda10dd66c,,,
0,SakunoMisaki,bilibili,248109460,24491,be00c8a0-7b62-5592-a824-2087161068b6,,,acfun:36900616|pixiv:14253915|fantia:127843
0,猫熊潞潞_Official,bilibili,1489184103,24485,d5704f56-e20d-5d04-8e7b-3d8bb09dba20,,,other:https://nekokumaruru.fanbox.cc/posts/4050525|youtube:UCR3Lx2M9KitLG-hKBhCoKZg
0,小凌云也很努力鸭,bilibili,3493105602923003,24448,9c30f80c-bcd6-5bf0-8da1-aa70df159d14,,,
0,夜想音息,bilibili,2025918003,24412,b247d1f5-3935-5cf1-a7d1-fd159cc3ee9f,,,twitter:@yaso_toiki
0,早月Moon,bilibili,13838369,24401,e623c2d6-5318-5041-a7af-d873376fc503,,,
0,浅蓝-血余_Official,bilibili,12348934,24398,17b5ec7d-2fdc-5cf7-a80b-4bead5bb4e76,Vi-D,faf257d3-81df-564d-b5ae-2d9fd694675c,
0,安娜斯塔希娅,bilibili,14269054,24395,91a98a6c-d475-5cc3-a11f-1ce4e76167b9,,,
0,舍生-x,bilibili,519711382,24395,b93512da-e338-55f6-a701-542d40cadd44,,,
0,Love丶伊卡洛斯,bilibili,3709626,24386,b3c5fedc-1a0a-5f62-b1e9-7b4f7060aece,,,
0,十依sama,bilibili,3546670467910061,24372,30281ea4-1a85-5166-a811-acaf943a8419,,,
0,赛拉,bilibili,15299208,24368,b3a139ac-7db8-5e33-8b3d-ef85ddf4d9b2,,,
0,相星澪_Channel,bilibili,3493144620435623,24364,e7a857c4-b25a-583d-b419-eda6f3f4df0e,,,
0,箱滨Bin,bilibili,18261554,24358,2d83d1b2-ad62-5a1c-bd51-111e0aefb536,淬蜂计划（北立交桥）,b30df939-d5cd-5c9d-a6a1-ec905b14e77d,
0,筠子多多胡,bilibili,3339943,24342,ad0ea3f0-4709-586f-a73b-c8f965bf2a76,,,
0,亓玖玖丶,bilibili,1277309396,24320,caa3735c-dd9a-5ac0-93ae-623a0fd7635c,,,
0,姫崎玖刀Official,bilibili,1943499143,24301,9f784bdb-a45f-5e43-ad3f-8d24b610bd7a,,,
0,橙络络2070,bilibili,1952914799,24295,f734b05b-a952-5d16-9397-f2f262c5131f,,,
0,红发的大魔女,bilibili,5089048,24289,047d25a5-0194-582f-9eda-e2eca1a9e9c7,,,
0,EdelEckerd,bilibili,1823708744,24267,5dd7daeb-5b8a-55b9-ad5c-58890e31e7cc,,,
0,杰池莉尔-Succubus,bilibili,9264492,24246,149635d0-fb53-5db8-8f03-b78c1f906588,,,
0,熊木兔KumakiUsag,bilibili,8435856,24246,a1d5a792-949c-532f-9acd-36013713858d,コーロンサス学園,a43eee3d-839d-54ff-90cb-d9045437de30,
0,啵尼可_Official,bilibili,3461577015561176,24237,78105556-3e4f-5502-a6f2-5b260bc917a8,,,
0,小糸_Official,bilibili,1115046085,24231,a4354aa4-b20c-5339-bfff-fd28551c291a,,,
0,AI泥泥,bilibili,3493144389749651,24206,c2d36d6a-6cc1-55b4-95bf-31c81aa19076,,,
0,小钢琴の梦,bilibili,39213329,24182,98d22cdb-e5cb-5a87-a34c-5a920c5fcda6,,,
0,宿宿Yado,bilibili,3537122942257617,24180,2eb1eef2-4ef4-5ce9-96b2-ed590bdb5280,,,
0,金羽璃_Pennache,bilibili,3493270451652964,24176,d170fd0d-e743-5db1-b2ef-3d6c5b9844fc,,,
0,十七音Sebun,bilibili,1100192137,24138,7fa78249-912b-5b5b-945b-8b15682c7350,,,
0,星野和和,bilibili,275277683,24138,f126746b-6247-51e1-a773-534a5b19e1b9,,,
0,泠白鸽鸽_HAKU,bilibili,399111081,24136,16327e32-5153-5883-a8cd-5ea10cd5d06a,,,
0,お子ASMR-OCO,bilibili,3706944067996142,24123,338ed8b2-3593-54e6-90d8-f7ef9d77837d,,,youtubeat:05_ok|twitter:05_oco
0,络宝,bilibili,3546646881241985,24118,4aa82a83-b7d8-538c-ab85-0bb677fefe7b,,,
0,青奈Cyana,bilibili,8369863,24110,a0075cca-e1aa-599d-b979-1aa4020c8b0b,,,
0,素星_Official,bilibili,640156170,24104,631d9637-52a6-5683-8959-3cd6cb6a1216,,,
0,瞳瞳要好好学炉石,bilibili,1030723991,24100,4af2ee8c-c953-57ee-8628-f96ff40d0117,,,
0,萝娜,bilibili,22385806,24072,4a369ee1-0362-53d4-a511-23ddba85dde2,,,
0,叶秋羽,bilibili,9667357,24069,da9883e0-bd3b-54f9-914b-72001633f57d,P-SP,f076e35d-500d-57ba-9149-6caed8275768,
0,猫柠morning_,bilibili,1394476714,24065,5f8feb84-257c-5a0c-89ab-e27ffad754ac,,,
0,Natsumesaki,bilibili,3430222,24064,1cbf2cd9-3576-5d78-ad0b-0d0cb176c917,薯条project,668fb094-6abc-5d42-affd-411bde41cbdd,
0,ケルベロ・メイフ,bilibili,3493084635597352,24050,e6dbdde3-0543-5e98-a2d3-05d519d6ca38,,,
0,柏崎千爱,bilibili,3546597220682398,24048,59b22a81-1c14-57c5-b151-ba6f588c4729,,,
0,柴犬枫荷,bilibili,1799474302,24014,0667792f-5d4e-53fd-828f-10b8304ec42c,,,
0,元晚成,bilibili,3493132249336126,24010,c6475410-9063-5e6a-8650-6ce3d296209d,,,
0,翎洛Likeu,bilibili,324607600,24009,b6c25bfa-e38b-5c2e-9513-71db6be47d51,,,
0,梅缇斯Metis,bilibili,3546765611502562,24005,628606bf-0ec4-5d0c-b088-c4c36136a47b,,,
0,一点甜233,bilibili,8628040,23996,a26ae776-a110-58c8-b313-ad18c87d9e45,,,
0,稚年SaRo,bilibili,267817122,23981,f12ed4dd-a308-5211-865f-00ae3391c296,,,
0,嶌永爱娜Official,bilibili,1563595452,23977,1e18165c-bd05-54c3-b5ce-1b9259705f71,,,
0,真铭_Zming,bilibili,3493093481384191,23964,34b1a99f-0557-5980-aa8c-2b80b5856d2d,,,
0,杏冰乐,bilibili,320937,23954,2d66fdb1-369c-5e38-a91f-90d653ed24da,,,
0,sekyota_落,bilibili,4882872,23926,4c2906cc-1718-5648-a1cb-f91d63ca424e,,,
0,饼叽,bilibili,20709396,23921,7a6c02ee-d96f-5f4b-880e-79375de2c3c7,MochiPro,9934d233-a130-5459-8554-ecc7234d2891,youtube:UCZ1WJDkMNiZ_QwHnNrVf7Pw|twitter:mochi8hiyoko|userlocal:137F5330C15E09A3_a04851
0,星辰Yawn,bilibili,3546686123150136,23897,faf45337-8377-5e4c-9651-467bf0729555,,,
0,楚小满,bilibili,251144,23864,39f7fde5-093b-5105-9521-5bfe5c6ee06e,,,
0,宫野栞,bilibili,1602423,23859,387e61e0-319d-5284-b006-1bac95ce8b9e,虚研社,d7af6703-ed00-53bf-aa46-0d5cf679925b,
0,呜哔,bilibili,107600,23842,3e09bdae-eb88-5a20-8dd5-28460a6a3348,,,
0,桃釉铃,bilibili,3690972735080847,23838,de9f5070-11da-52fa-8495-c08d5d7907e0,,,
0,藤原兔海゜,bilibili,54731382,23825,72672044-4dab-51e0-a567-20ff9eb88ba8,,,
0,不可食用面包君,bilibili,3242119,23824,d242cd79-9d11-5141-b418-08651d3675a3,,,
0,安晚aWa,bilibili,1377219279,23799,09047b2f-4de5-529c-a165-4ec1e435c115,P-SP,f076e35d-500d-57ba-9149-6caed8275768,
0,竹已Take,bilibili,669045252,23793,4aa5e003-24ff-521c-af87-c6baa9d1ca70,,,
0,哟蔻桃桃YOCO,bilibili,1834090921,23774,5dc8780c-afbb-541a-b05c-592ff8116952,新月社FCrescent,26092163-9c52-505b-bd98-2d5aa9060dfd,
0,弑色木真理,bilibili,352332,23645,d662cfb2-9f41-5b18-8fa7-393351a29d45,Providence,412f3e13-0742-53c3-80e4-a0ea111657d9,
0,鹿早嗑嗑,bilibili,3546755817802138,23641,748dae2f-d447-593c-935b-4f58642a2dbf,,,
0,栗雪,bilibili,2063365588,23633,125e7c72-48cf-561c-be67-f89af7d550c5,椛榊计划,aebb8a27-96ad-575f-99f7-485fb958d709,
0,路理Kuri,bilibili,646432928,23624,0c7d3a41-21ef-5d6e-ac1f-d4210049c3cd,雪风军团,231c831c-1e80-5a10-bb8c-b4fa15b861b7,
0,小奶糕ing,bilibili,89362643,23620,da74edfd-f081-5485-b050-46ab747f15dc,极光社,9548b50d-dbb9-5b8e-9a4f-a86239ac14ca,
0,黑泽莉乃,bilibili,84780271,23571,67227a12-8aef-57ba-89c3-886884790f57,,,
0,小狼崽芬里尔Official,bilibili,125964693,23500,d93ba4d1-0fb0-592a-906f-d420e23c86ea,ProjectViberglow,fdb3ee6d-3a2e-5bfb-b724-aeb9b223de69,
0,阿卡莉Akari,bilibili,1063087903,23487,b1d0830f-ab1b-5854-9ab1-c29e84ceef6b,,,
0,AO,bilibili,446536,23469,34ced28e-3c06-5559-8f56-b6183e14db86,,,pixiv:1248744|weibo:1954064545|twitter:aosuneo
0,桃丝缇娅,bilibili,6915333,23468,7a803ab3-7131-5fb7-8cbc-244120ebc544,,,
0,苡理Yili,bilibili,3546582096021875,23465,56b9e2fa-e7fd-5ba4-985e-7f916ebe7302,GravityS Project,3dfee54e-d852-5781-b361-5b71c3d16b84,
0,秋珀Kohagami,bilibili,1026591550,23454,a11ed0b3-65fb-5d5a-981e-25650b5b180f,,,
0,乔希Joshy,bilibili,3546781327559506,23443,9a5c1b2e-b20a-5fb5-9a0d-b8bff60ddf45,,,
0,Aia的天国忏悔室,bilibili,1128766424,23423,e06166ca-e39d-54fd-9da8-4aed958e902b,,,
0,蓠子liko,bilibili,12899439,23411,9414b8cf-9111-52f6-80df-7fca1248ca32,,,
0,顾晓Knight丶,bilibili,8558290,23411,cc700a97-1cf7-57be-8670-ae4834593004,,,
0,由乃爱莉,bilibili,39403524,23408,3636de17-d110-5c40-884a-9867df7ecec8,,,
0,夜熊柊乃,bilibili,2028715597,23401,03e800c7-03ac-55e0-8b0a-985d7b555b7a,,,
0,张禾尐-TUTU,bilibili,1508979,23401,88afd295-dc0b-5f8a-95fe-1b3f4f245b88,虚研学园,da7a049d-15cc-57f9-bb68-49af75ad7b52,
0,姬芽Tiya,bilibili,1821601441,23374,bd6d0b05-f776-5d7f-9c43-ec2b0e454142,极光社,9548b50d-dbb9-5b8e-9a4f-a86239ac14ca,
0,小鸟游千岁,bilibili,3461570239662267,23369,7af5bf51-14b5-517f-9b4c-5b32ef1edf87,StarDust星云社,aaaa38ee-9cea-51f5-a5fe-795fbb0259ce,
0,芝士_Power,bilibili,660405656,23368,72833f7c-7614-5eb5-8479-35ccdf38b088,,,
0,兰沅芽芽,bilibili,3494372232398862,23317,cf86432f-8257-5d98-ad81-d7344c1320bd,,,
0,姬夜Friyal,bilibili,390772810,23315,a50f4ffb-ad96-578c-98ed-1a587e017f3d,,,
0,次元酱,bilibili,2706257,23315,b6af0ec4-2c52-5336-b0c5-a3d33fd136c4,超次元学院,cc64b75a-f000-5b4a-bef3-bc727dab00a2,
0,樱樱火,bilibili,474113504,23310,4fe86e54-49e5-5188-9051-6ed36ed33873,VirtuaReal,6a8d2bed-dc2e-5ce1-a3bd-e31317aa4e23,
0,伊邪未名_official,bilibili,1771138364,23308,4245a419-341a-5a05-8971-a32e566df4de,,,
0,四宮胡桃,bilibili,1219505772,23308,d3fd12bc-5f6b-5b22-ba24-6219d549e103,,,twitch:shinomiyakurumi
0,月咏芽衣,bilibili,3546917069916190,23293,b1ebc016-20ac-536f-8a5b-437ad138e8e0,,,
0,米诺斯没有阿,bilibili,439265456,23252,aa36169b-2003-5597-a5bf-105a17b6656d,,,
0,紫盐酱Official,bilibili,34063004,23224,48cb876c-ed48-54ec-9677-9a1ba51ad133,,,
0,福宝,bilibili,3546584331585767,23215,56f1127a-41a7-5749-aa64-d0283e2cb9b7,,,
0,Schneider_ARP,bilibili,3493279458921203,23199,3c0da2ad-e2cf-5038-9345-cbe8db2c0323,ARP,678fbb40-4a86-5d77-b5c6-1d655c897518,
0,月绛八分甜,bilibili,3493088504842814,23164,096cd356-3e10-596a-aa9b-2d98c3c04a05,,,
0,懒Arashi,bilibili,87390389,23159,c2f3d2b0-fbb7-56c7-a3a0-1994d00f3b19,,,
0,羽毛和奥尔什方,bilibili,598061,23147,a89ca5ad-67ee-5a13-8a8c-5ceda4a52321,,,
0,もいぱす,bilibili,441606900,23145,c434e39a-b88f-5193-96a1-80d6e909c7c4,,,
0,笨狐狸,bilibili,8311201,23091,10c27b76-010f-5009-b61e-8dbed5b30126,,,
0,不祈十弦Official,bilibili,1566230,23090,4c65dff8-f1b5-51fb-9e53-ec346d917d49,,,
0,海月薰kaoru,bilibili,1687766935,23084,41941530-99d2-5c7f-944b-b6d76fbf534b,P-SP,f076e35d-500d-57ba-9149-6caed8275768,
0,米洛斯_萨菲尔,bilibili,50032994,23079,6401cc2e-6993-5252-b223-204e62f0488a,,,
0,孤独Kodoku,bilibili,3672017,23064,b9c5a596-d97f-519e-999a-65f7aa1fef8b,,,
0,露思lucy,bilibili,3493121941834617,23001,d58a8d29-3eec-5860-a862-15f9d52da550,,,
0,露莎尼尔,bilibili,3494353194453111,22989,cba8b854-3c20-57a4-b387-f8d8af758c31,,,
0,帆楼Official,bilibili,266874228,22978,4d6bccbe-2784-566c-beac-5671c86a6bc3,,,
0,SASA-兰纳特,bilibili,1685083300,22960,b3a37a87-710b-57a6-9e40-88792a6eb14a,,,
0,月见 NoNo,bilibili,241789873,22909,7e0948e3-7ffd-5b92-8bef-7d0a84d6612b,,,
0,翼火蛇Official,bilibili,492830462,22899,6b185ea2-c610-5a3d-b9ea-24300dab5f87,三垣四象project,a32f4ed5-ce5c-545f-bc6b-03fa2b3e6a9c,
0,华小科Official,bilibili,672455305,22874,f5f3983c-6212-594a-8325-4f2cc594f9a2,,,
0,无有白_,bilibili,249684302,22833,bebb7670-6c5a-5acc-a787-307d0fc358f0,chaoslive,7d14580b-8154-5fdb-9777-b1032d302bfe,
0,寿寿歌,bilibili,471308347,22823,1bfac292-171e-5342-9fd8-dc0df0d9ff2f,,,
0,乐喵,bilibili,483231,22821,5904e184-4270-56f9-82f5-6f11d7c2c43c,超次元学院,cc64b75a-f000-5b4a-bef3-bc727dab00a2,
0,米莉娅Miria,bilibili,3537120390023307,22804,6c346c39-8716-52a0-8b7f-01b36d762bee,,,
0,咪昔mimi,bilibili,3493267266078933,22797,83fe7fc0-6004-546d-960c-78f2e09eddf0,,,
0,雪绘莉莉奈,bilibili,1156637837,22742,08f83273-005d-56dd-9529-067284dd4e3e,,,
0,玉子菌tamako,bilibili,1706188548,22732,f014aee8-5d7f-5852-b566-d6ad3af70081,,,
0,Pomelo安妮,bilibili,4697767,22731,10712431-81df-567b-8495-5acb3af9550d,,,
0,绫千幸Official,bilibili,247586004,22704,b01bdb92-0465-53cb-9a17-9020b6590fff,童猫会,e9b10a64-feda-55fe-85d3-a1c5cb48c67d,
0,苏奈Mio,bilibili,1847005675,22701,f19cebc3-e43e-5959-89ba-01b7d6ef3e95,,,
0,小花居呀,bilibili,3494361943771236,22674,e03cdc6d-03af-5e01-92a3-47c66a6d0dba,,,
0,阿法欺,bilibili,3493089958168938,22670,ac3ff247-5a0e-5124-af5b-f4ede54f2985,,,
0,博衣小夜璃,bilibili,3691005232548344,22649,a5468a6c-cd37-5475-a5c5-8a895945cf72,Hololive,40e82f4e-40d8-539c-87c8-ed17c6ea519f,youtubeat:HakuiKoyori|userlocal:5D2BE4C87341D83F_e735fe|twitter:hakuikoyori|tiktok:hakuikoyori_hololive
0,汐华花音,bilibili,1035652768,22631,545861af-feb8-5c9c-a462-a04605a57b84,,,
0,CC98虚拟主播林雪樱,bilibili,222288454,22627,f5c22537-86ed-5867-ba78-a45fb079236c,,,
0,神奇脆球脆小狸,bilibili,17907167,22607,3005e4b1-b9a0-53f7-b359-9095ef0efc84,,,
0,Lora萝拉VTuber,bilibili,18898687,22601,bd588ef3-e534-5177-baa8-8f1e14ac7365,,,
0,千鸟战队_艾瑞思,bilibili,1090010845,22585,6e8206ad-c17f-5574-b46f-78b6e27e51a8,千鸟战队,0fd2499a-5caa-51d0-8946-7d61d5aba18b,
0,云家大家长水银,bilibili,7568338,22561,4570560d-6a8b-5ad6-8092-cd43d4dcc58a,,,
0,Project_V,bilibili,383012066,22553,8706ff91-3bd2-5fe8-b3c8-eb8509cb0e13,,,
0,鹹魚_saltfish,bilibili,9953050,22553,8a771280-6d9a-5ae6-8a30-6953151d7c96,,,
0,奶盖乌冬面,bilibili,1130430713,22549,b6ba914b-c9bf-5a0c-8344-4af4432c74bf,,,
0,小熊会吃饼干吗,bilibili,249148017,22545,72753fcc-3f5c-55c7-9697-6d696457964d,,,
0,妙妙Cocomi,bilibili,100381199,22536,aed9523b-e10f-52ab-ac87-1234a96d6799,,,
0,幻月爱丽丝Alice,bilibili,9075060,22525,6e98b239-5ecb-5415-8ace-87aff6a8a694,,,
0,ねっこねっこねー,bilibili,1688076885,22499,95c92b89-a4c8-569d-9673-bca547d2b409,,,
0,迷柚_mio,bilibili,551527845,22495,02328e84-26e4-5b8f-a62d-009a3441393b,,,
0,伊桃Tao,bilibili,431655435,22487,5190d4e1-5389-5aa7-8f49-b212860ff36a,,,
0,小柴起司,bilibili,608721429,22474,ce58d95f-47bb-5e99-9bb6-8ceb5d5ae24e,,,
0,梅奈子,bilibili,1736210,22462,1d41533f-2320-5e2a-9d4a-fba70cd637af,,,
0,鹿娘amelia,bilibili,403113524,22434,7ce9654f-a0a8-5362-afe3-fdec69ff048e,,,
0,山海之麓鹿Channel,bilibili,4013175,22425,b387b215-74a3-5de7-8b94-1b98a7b6d511,山海社,71567c9a-f24f-5829-877c-aad4d77ff08e,
0,奶芙,bilibili,529341976,22417,0e811974-2a79-5a61-9fc1-a911640f30fa,,,
0,白绮_Official,bilibili,251990176,22402,32bccf62-1821-58bc-b738-bb9aa5058cfa,,,
0,凤瑞-RuiOtori,bilibili,3493111995042019,22399,20ba3751-d024-5be7-8993-3e787ad1f5bf,,,
0,爱零食的小脑虎,bilibili,3493118999529865,22392,a79784f2-8d9e-5e55-81ce-11ed891adccb,,,
0,刘非玄,bilibili,51127532,22385,43159f97-08f1-5ff5-b564-b2c69bfb511d,,,
0,凉笙不打嗝,bilibili,3493130747775787,22384,1a0704ba-0b5f-56d7-9f15-b76cfbe25cd1,,,
0,唯茉瑠,bilibili,1231880683,22351,56b5d934-5f0d-5c0d-b428-4743f8431a52,,,twitter:yuimaru_1031|youtube:UCiw0IHf0T1XWNDgTOA57CbQ
0,森川雪yuki,bilibili,1181247064,22338,d8b6a695-98b0-59b0-bbf6-d8ad89f4bbff,Providence,412f3e13-0742-53c3-80e4-a0ea111657d9,
0,yzuii,bilibili,9820059,22312,6a88bf2f-cfbd-5bb7-9cdd-d640932dd3bd,,,
0,水树泽野,bilibili,22482401,22273,743b3677-4c0b-5432-a104-c2fabea39950,,,
0,以里illi,bilibili,3035038,22252,998b3c50-2884-5053-a60f-346c9f9975b3,,,
0,朽木素,bilibili,41160587,22244,eef6268d-4cde-5979-bbe0-112e6bfbe4be,,,
0,Skammy,bilibili,87655975,22241,ded378d7-eb94-52a1-9905-24f93a0a9926,,,
0,狸鲤理理,bilibili,3494370263173444,22193,247f516c-c57e-53f9-926f-b7420546b4ca,,,
0,微星命Listania,bilibili,3493125360192104,22184,3fa7511f-2b66-5a5c-907e-047b6789852e,,,
0,伊比_1B,bilibili,2135484,22180,5f7d5514-aa87-5a5d-b3e9-7b6fc5526267,,,
0,懒懒没睡醒呢,bilibili,397801895,22158,4cf6d083-c5d4-52d8-8b91-af07e00af778,,,
0,Cher雪小小,bilibili,673953420,22153,5a8bfbdd-a538-514a-b0ed-825161508480,猫铃社,6eec14e5-38cd-504f-a995-b7bd15b4c51f,
0,阿霖,bilibili,1154601644,22138,24be0ea3-a564-5801-893c-fdf531de99d9,,,
0,白糖是只懒猫,bilibili,1240845292,22128,8cc196c9-5bd7-5ab5-a1f4-1bfe3b28bf7e,,,
0,艾利欧斯-艾文,bilibili,20674351,22119,e4c9d5a6-22a7-593c-a754-bef043ebc9ee,,,
0,羽枝小梦Koyume,bilibili,433189681,22101,77544706-ed29-5e78-b7db-d4700e0aceba,,,
0,素和浅Official,bilibili,12411592,22095,aab79774-fa64-5859-bdb4-ae2f3ada0ff4,,,
0,苏小泡泡ovo,bilibili,3493092866919146,22089,f27c6b91-7fb5-52af-81c8-df452f3c4fe0,,,
0,星川杏_,bilibili,1384726,22082,31b16ac7-a726-5e4a-9f48-c093d0f623a0,,,
0,奥罗拉Aurora_,bilibili,1641170415,22055,017ee6ba-ffd1-575e-aaa6-7991024378f2,,,
0,兮瑶Hestia,bilibili,481786861,22042,1f56fbb4-8a02-5de0-92db-1de5619d38f8,,,
0,青早CAO,bilibili,1785513221,22040,9b39bd9f-6221-5730-8f4b-8db50398b8ad,,,
0,竹宝睡不饱,bilibili,37525337,22030,4e7cb041-5d75-5743-8d28-00c8d925d99b,,,
0,库若米Kuromi,bilibili,1306091103,22021,440646db-64ca-5934-9f2a-e82875b37a03,hOuOu_Project,3056975b-305b-54cd-b28c-0e005b612a5a,
0,酸素海豹,bilibili,275178888,22010,897e0fcf-2fc8-51b7-aedd-aaefdcd2bbbb,,,
0,月荧una,bilibili,329323412,21958,43aaa828-a6a5-5597-8bca-0db829f45910,,,
0,云祁呀,bilibili,12190364,21956,0f67ed6e-2d41-5538-b803-9e2eb9cd944d,,,
0,夜萤秋月,bilibili,9000964,21949,e87f3582-bb91-5f90-b975-6162c6a2d6a9,云光计划,f96c12b2-b935-5c29-9a31-46c97eca9c4c,
0,玖璐深雪-MiYuKi,bilibili,2918853,21949,70a811bc-9468-547b-8142-8357559567ed,,,
0,小夜子Sayoko_,bilibili,2004980155,21948,e508f543-7b0c-5b5d-be79-f2eb962ea1ee,,,
0,土豆熬夜不迷糊,bilibili,691412008,21933,7a71318b-d739-5669-a522-5adbebb2d13a,,,
0,丝塔莉,bilibili,1628333968,21930,edb4509f-bbdd-5a92-ba50-0a6458840505,,,
0,天才笨笨皮,bilibili,690035360,21905,c82a6042-6358-5e14-8632-8bc91d2e4cd4,,,
0,糯依Noi,bilibili,176836079,21879,e9fdd01c-d1c3-5752-9b74-f789fb7cc4de,VirtuaReal,6a8d2bed-dc2e-5ce1-a3bd-e31317aa4e23,
0,朝比奈蒼,bilibili,431971663,21878,1a7c7817-2fb1-56c5-a34c-8f093adbc4f5,,,youtube:UCwXub3WkpzfoilGS-r-EKsA|twitter:A_asahi9|pixiv:16590285
0,白砂瓷奈,bilibili,1874073616,21866,9da2cb2e-70a9-5f0c-9de4-e83aac67c0af,,,youtubeat:tsunach|twitter:shirasunatsuna
0,兔孜Tsuki,bilibili,3494357371980734,21864,31c026f6-35d5-5f1e-84a4-42d599bf4816,,,
0,千瑠火Ruka,bilibili,2066224812,21862,ecd65e41-e194-5768-ba02-6c33a70acd48,ChaosLiveSprout,e67fb222-1c4e-5f19-84da-9e8beba2c365,
0,泡泡_official,bilibili,486997652,21861,a6953fc4-784d-5834-8b17-1561deb2d99a,,,
0,忘川小夜_Meow,bilibili,3546634606610644,21859,af577dde-87ad-5ad4-93b7-b4d18df64972,,,
0,ふぇありす,bilibili,432762700,21856,fad35a04-c9df-505c-9019-e10e7baf46fc,,,youtube:UC2Rr7mILebYLTjd38DNNUTw|twitter:fairyschan|userlocal:B23B0E66706A7483_a49b2a
0,桃泽英梨梨channel,bilibili,1712293375,21840,6225806e-5624-55c3-add9-f0cb4f31db31,,,
0,笨笨鱼捏oi,bilibili,3546741114669488,21839,192b29d7-37d7-594d-8c83-5ffe6b583528,,,
0,吉尔Sophia,bilibili,5704592,21812,d5a034ee-a388-598d-8098-f68399876771,,,
0,-西拉Cyra-,bilibili,3546558771497423,21809,90f1fd10-da62-5389-b963-379541035f1c,,,
0,阿绾Aria,bilibili,3546774939634485,21767,bea61434-9462-5df8-b885-cb560a702846,,,
0,坷埋埋,bilibili,3546775765912341,21738,34b9a192-fab0-56df-85c5-18f4dc90afef,妖精管理局（北立交桥）,c8d7d021-ce8c-56f6-90a2-ab8758b3ac8a,
0,希娅辛丝Hyacinthu,bilibili,3493136949053562,21736,3a1b83bc-c8c3-5e21-b1e0-5fac19eb2b9a,,,
0,李青云LiQingyun,bilibili,34099792,21726,8cc309cd-5fbb-523b-a27f-af8510a9c22d,,,
0,fa漠,bilibili,529107543,21712,7b124459-b6db-58f6-a918-c6484dad9052,,,
0,新治咲黎,bilibili,3493297850943943,21687,e38c93d9-ba35-58d6-8ac4-f6b72007c27d,,,
0,晴步子,bilibili,1513469779,21686,814b4d4e-d448-5421-92ac-5a2bb109e8b1,,,youtube:UC94NiQXdPedmfOE_qlIBd7Q|twitter:_yurubafa_
0,挽歌歌_,bilibili,377042295,21682,16d60437-f631-5c5a-bb81-31bb4c3d606c,,,
0,湫月,bilibili,350687354,21681,2ecb4781-3f98-5ec4-bbac-1b93218a6a46,星果屋,14af1184-c6c7-5526-b984-714023090937,
0,淼袄miuyao,bilibili,680082822,21680,64d06716-22fd-513c-bf7c-1feaf5454c34,,,
0,爱莉爱莉爱,bilibili,169409674,21677,996825e2-07f4-5015-a7d0-12e0e48671d9,,,
0,羽蝶酥酥今天被吃了嘛,bilibili,39952788,21672,aaf587a1-09d6-55ab-8508-11dc92513854,,,
0,伊德琳Edelyn,bilibili,2144805585,21662,cb2a1af0-01bb-5e1c-bc15-5b6bf9f7c23b,极光社,9548b50d-dbb9-5b8e-9a4f-a86239ac14ca,
0,稀光不早睡,bilibili,247950681,21659,d228689f-0222-5765-bcd4-87adc606f1d6,,,
0,是悠姬Yuki,bilibili,96975902,21630,b56d9da9-3a48-565d-924c-9ddbcaa4787f,,,
0,Niya阿布,bilibili,188679,21625,14b76636-b5f2-58ce-8904-cb9b0faef8fe,,,
0,夏鲤鲤不是非酋,bilibili,3338927,21624,ba1566f0-b8b1-5ba5-bfea-db98cfea89e0,极光社,9548b50d-dbb9-5b8e-9a4f-a86239ac14ca,
0,泥泥丸子_Konnie,bilibili,2080041576,21595,89deb84d-8ba5-5a2e-ba70-ee49d228a43e,,,
0,梨涡酱酱Aein,bilibili,679688456,21584,2c60dc81-4647-5a90-bdc7-6d9907da0119,,,
0,零叁,bilibili,351856931,21556,42c15dc6-a241-522f-8b1a-fa2ea82c2fa0,,,
0,わかさーん,bilibili,519556514,21546,ebc4f15b-d431-572d-936d-b938abe50b46,,,
0,月纱_Lilith,bilibili,1598050030,21538,7db50b21-109e-5d52-8d4c-31a163285ce9,,,
0,月森透,bilibili,1395971192,21535,45757fab-74c7-514c-9c24-6acf7e4dd089,hOuOu_Project,3056975b-305b-54cd-b28c-0e005b612a5a,
0,伊蒙,bilibili,7652319,21514,798394e2-116b-5042-baf4-06a735d3121c,SparkQ电光社,7893a9ee-da88-54f3-8005-023fc8095d8a,
0,猫弥Mino,bilibili,2740798,21488,d43a45e7-5e5d-511d-a900-986ee1b67cd1,,,
0,霰月Arzki,bilibili,13101068,21404,719eb02a-34a7-5fff-b69a-a0c09987cf81,,,
0,星空凛脂,bilibili,2781618,21391,c0fd631d-841a-539e-a7cd-df829574cfe9,,,
0,玫菈,bilibili,1600260795,21382,f231989b-67d6-594b-8b34-e8cad46c557a,,,twitter:tensai_mera
0,海露美Helmi,bilibili,3546837457832805,21374,02c0ec51-a129-5442-bbfe-daedb5cc8bb2,,,
0,佐倉杏Channel,bilibili,263179215,21363,70a7f990-327b-55d5-a56b-eda0b0f88c40,,,
0,矢吹四葉,bilibili,813857,21323,568441ab-4686-5b58-98e0-5faa3512fb58,,,
0,王小舞lisa,bilibili,4011478,21321,361958c3-462f-5732-9f6c-88ab20f93393,,,
0,聆秋official,bilibili,1894981662,21321,60fbefd1-aeba-51dd-8835-388a3ecde723,,,
0,摩伊拉,bilibili,595407554,21316,506f9384-e48f-5308-948a-e9e4c118163e,NIJISANJI,5da64d9a-b5d2-5f3e-ae3c-35ec6aa42492,youtube:UCvmppcdYf4HOv-tFQhHHJMA|twitter:Moiramoimoimoi|userlocal:271874340BD8D1A5_6d4ac7
0,糖泽希希,bilibili,1410055126,21310,069a17aa-ec64-50de-a526-26c3e23b2b0a,,,
0,天才女仆春日宴,bilibili,486364707,21292,8f7ff180-bc14-576f-a41f-d171c2430354,,,
0,羽音,bilibili,455965041,21279,9f72c224-1419-57af-8d4e-f605fbfcc80b,VirtuaReal,6a8d2bed-dc2e-5ce1-a3bd-e31317aa4e23,
0,一只雾桃,bilibili,2059243146,21267,773f845d-44f8-5a87-b845-f7ecc38786bb,,,
0,小超人先生,bilibili,56287758,21259,f06960a3-44d0-5aea-ad64-19f4bdacdc2c,,,
0,kiichan,bilibili,1885060547,21252,36fa7fba-1bdd-5611-8148-af5b5420de26,,,youtubeat:KitsuiAkira|twitter:KitsuiAkira|twitch:kiichan|tiktok:xkiichan|instagram:kitsuiakira|other:https://open.spotify.com/artist/6BvTqC4B6wOX1RiUuY1vnG
0,软软酱,bilibili,3493138580638300,21242,2d9111fa-5983-56cc-b96f-43b8a9a74226,,,
0,徒花院红Beni,bilibili,1886584783,21235,8cbd7b94-0edf-5f29-83fb-9abeccd0da2c,Providence,412f3e13-0742-53c3-80e4-a0ea111657d9,
0,剪钱sensen,bilibili,3494355566332841,21183,7d51ef83-64a8-5608-b958-fe9b945bf3ff,,,
0,mikkkorinn,bilibili,441437005,21178,f622f184-6765-5919-86c9-9e0bee0bb038,,,twitter:mikkkorinn|youtube:UCCgFhIDFXr9KEPrww2akODQ
0,Mie喵月,bilibili,546992218,21166,c033b104-311d-5558-af29-929087a490d9,,,
0,星奈喵_hoshinya,bilibili,524873424,21158,a0232951-d5d7-5d9f-bb2d-748014250777,,,
0,小桃芝Momo,bilibili,3546916751149481,21155,34f6899c-c973-5f46-bc36-a9309ca3db2e,,,
0,米豆山,bilibili,49510709,21135,5ac5806a-012b-5909-ae67-f87ed15529f6,,,
0,阳夏诺诺,bilibili,456749835,21134,1f2b0982-c2d3-55b3-9f37-29b73f4fdb0c,LiveCartoon,f2fd7bb2-a25a-597e-bf64-9bb35241fccb,twitter:HinatsuNono|youtube:UCPeF0V8dzSUYHwgLjvC86PQ
0,黛洛丝Eros,bilibili,3546739510348536,21128,510b55e2-2f98-5261-b957-7fdefd883666,,,
0,阿尔瓦Alvar,bilibili,6118206,21087,ca535c18-d1bb-506a-8142-beb3fde3cbe3,,,
0,筱诺_Titmy,bilibili,1901567364,21059,cfbb4371-790f-5575-acf6-d796809c7fce,,,
0,七葉琉伊,bilibili,497677999,21054,cad709e3-b9ce-5e8f-9f31-ea2d8b2cf243,WACTOR,682089de-7fe5-5303-8939-37eeab633407,
0,羽田依,bilibili,1357705819,21051,6c672c41-0f9c-5ff8-8f83-1775458ad32b,,,
0,猫均Yuka,bilibili,7920420,21026,7200e7d4-ce7c-5d35-966a-3fe59693eac0,,,
0,卡欧莉_KaOri,bilibili,37328,21022,eb54d75c-0fcc-52e7-b78f-db210640e396,,,
0,盐芝早早,bilibili,14888933,21022,eb8c4525-d3ec-54e8-86af-b23f33f49142,,,
0,桃桃栀Momochi,bilibili,89126274,21014,a79ea6d2-1738-5633-8c13-f46fb6bbabf5,,,
0,夏实萌惠_official,bilibili,1416046076,20999,6be1ca6d-97ca-5fc8-9107-5b9e0e1189ba,,,
0,奈奈阳_Nanayo,bilibili,3493138389797609,20992,83b5c770-3953-5b70-a6c8-518e9097c185,,,
0,蛋蛋布奶Neko,bilibili,358336849,20960,2a5939a9-d20d-576d-b4a3-e26dceb61252,,,
0,拉菲尼亚Raphael,bilibili,1840942820,20950,065e8506-e9f0-52d2-ad4b-832508a82a99,,,
0,柒零Official,bilibili,1993694809,20949,311cfc1e-4903-52e5-847f-3822aa92a09e,,,
0,富士葵,bilibili,7078836,20936,387bdd44-4e2c-527a-91cb-3c6b47899092,,,youtube:UC3Ruo_5doyu514PesWGvCAg|twitter:fuji_aoi_0618|userlocal:30421103775B4424_30be23
0,热川吨吨子,bilibili,3537113354078209,20927,15bd047b-5e76-568d-a870-0db9f2b93b2c,,,
0,莉莉约Liy,bilibili,3706952322386040,20925,5a6db9d7-f9fd-5160-9399-fed8670673df,GravityS Project,3dfee54e-d852-5781-b361-5b71c3d16b84,
0,铃音宁宁,bilibili,3461574394120768,20890,e556b004-1b71-5b81-a831-1b6e09b9df5a,StarDust星云社,aaaa38ee-9cea-51f5-a5fe-795fbb0259ce,
0,凌琅_Ryo,bilibili,1371277444,20882,7027dc0f-1735-5a18-8a7c-124e273fe420,,,
0,NIGHTEAM,bilibili,108507415,20879,48e663ba-f429-5396-bc95-0403c6e4be98,,,
0,里里子o,bilibili,1572983822,20868,f705a179-4126-5fb4-b584-b948ba9aea34,,,
0,绫月乃萝,bilibili,86471108,20858,f3ad6e6f-23ea-529c-807b-5c3a8e7c1b5b,,,
0,涅雅Nea,bilibili,17576229,20828,9b0fbcba-be21-5362-a3f0-fda66b3c0261,,,
0,火锅你今天吃了吗,bilibili,695322567,20827,0ce8e1ad-eed5-5f20-9c33-d97a97b8b0e5,,,
0,晴人honey,bilibili,497973325,20823,9a105252-b3f2-551a-a7cd-d7713615e2e8,,,
0,霂淞Musoon,bilibili,3461574394120551,20818,279bb833-32a1-54bd-9826-b5ce999959e0,,,
0,伊舞Eve,bilibili,1542516095,20816,0330e968-6324-5ce8-9a01-b32b23c7da69,VirtuaReal,6a8d2bed-dc2e-5ce1-a3bd-e31317aa4e23,
0,唯伊FireFox,bilibili,3493258283977582,20808,c9a520bf-22b4-5d0d-8ab0-c0636aca63a5,,,
0,天船Alpha,bilibili,1642965774,20780,7e3c8be1-80d9-5d67-85b1-23aece137e8a,幻想社Fantas1A,5074200f-7ef8-5480-920e-6c21f74cedd6,
0,涼川越Official,bilibili,5970661,20775,7abf119b-893a-55ea-8360-91121e493611,,,
0,小川尚未,bilibili,393004195,20774,60ced9e5-42d7-5f5b-8229-a126413270cd,,,
0,珠鳴なる,bilibili,454110795,20767,0a7c09a1-6edc-5bb0-ac0f-110e9aa15a35,和遥树奈Project,03e5db22-f42b-57a1-b034-48a7f5642d8a,youtube:UCrS2CGKmzbQmWPKuNGl_c0Q|twitter:tamanakinaru|peing:kinapuro_naru
0,织世Tomoyo,bilibili,7714504,20753,b3778673-be9e-59ea-b532-8ada3e29f582,,,
0,悠野Yono,bilibili,3537108029409451,20750,9935f0e9-aea9-540c-99b6-191766e41d66,,,
0,繁星梦寐,bilibili,1694725292,20750,cebcefd6-b42e-5978-a103-b01e43c5d5bf,,,
0,海里醒Le,bilibili,21459239,20694,b5ae8939-ec58-5eb8-843c-ae7ce7b0dce9,,,
0,那v宝,bilibili,3493135961295379,20684,2333f5ef-abb6-5b05-ae29-49fea5e596a3,,,
0,熙熙cici,bilibili,3546634533210139,20665,956792d2-fca6-5830-9299-54ba24c691ab,,,
0,小兔豆兔兔了,bilibili,94436045,20656,b04083d9-f9c1-55c6-815a-a9250982ccc4,,,
0,泽拉茉娅,bilibili,1521060322,20655,bd381c64-5e37-5cc0-b91e-f8ace8c0a41c,,,
0,虾虾mizu,bilibili,3494367606082122,20646,ad8d4d0b-41b7-5b7e-9310-7d2fdc4072d1,,,
0,狗狗掌Maiq,bilibili,316077,20630,c71fe1f3-b4d8-5d98-a394-af31341100c8,,,
0,御司司,bilibili,3614240,20621,e37c8bd0-acfe-5d80-897a-8ddb6f415276,,,
0,卡其_Kagi,bilibili,3546385557227625,20607,333286da-9697-5fc7-a937-2d48346b3e7e,,,
0,风间雀,bilibili,12093303,20602,afec3242-71fa-5594-b6a6-9606c15dfc37,Avis,fe322361-ebad-52de-8494-089e3205892b,
0,星乌_Estella,bilibili,421624622,20578,e26e227c-4268-5462-bf79-483e1e5958ef,,,
0,布蕾Nonoko,bilibili,1877010830,20576,006d98ba-3771-53c3-9250-cc92d0c5c2cc,多维变奏MDV,507b983e-c810-542e-b686-87f514722181,
0,鹿鹿宝宝Lulu,bilibili,3546588926445637,20571,086e1442-c6cb-5029-a821-f8f3b01a2f3e,,,
0,和茶☆,bilibili,257319,20566,1d5fe5d0-1f25-5c5b-9e39-8a618b4f2317,,,
0,夏鹤仪,bilibili,477597410,20557,9d5ab273-75d4-5910-9224-0514d1396de6,P-SP,f076e35d-500d-57ba-9149-6caed8275768,
0,词词_Ci,bilibili,301466320,20551,8973b167-97c7-5978-b180-bf252dec1f8d,,,
0,圆咕鹿,bilibili,32839394,20546,659072d5-f326-5be7-9acf-e6ff0618c45a,,,
0,芙卡蕾特,bilibili,3546770319608070,20537,1148b857-3fb0-513c-b748-36e1167578c7,问尘仙会,5f2eac9f-dc17-577f-a22a-19003e81fcdf,
0,时音,bilibili,446409293,20528,35eae247-c717-581e-8007-2923a4289c86,,,
0,天海今天又懈怠了吗,bilibili,100586286,20525,cd70af21-0f33-5bdf-bbd0-5b8f9376bea7,,,
0,阿比_official,bilibili,75767058,20525,51c8f518-e933-5a82-b611-ac6588e3357e,,,
0,璃向Rikou,bilibili,567375,20505,eb114e15-03aa-5c36-9a91-20e78109e33e,,,
0,灼夏Kira,bilibili,5097886,20456,be7a9b2a-0170-5757-8861-2bf911c63ad9,,,
0,水羽空,bilibili,1528953296,20442,3578673d-acf6-5e71-8a6b-7c02c2cb949d,propro production,6bb97c04-f7a2-5d92-8ec3-bb97262dbe47,twitter:MizuhaneSora|youtube:UCF7bh0hs92ASGjt3iIMq5fw|twitch:sora_mizuhane
0,鶴河咲雪Vtuber,bilibili,3546589488483041,20441,62dc3c50-66bb-59a1-b9f3-8cb59b65fd42,,,
0,猫乃みみOfficial,bilibili,1229661745,20430,a4e91b17-c7d4-5177-8d90-b60422f31752,,,
0,hima,bilibili,1940246442,20429,c8b5bee7-5fe3-5bdc-ac96-756db409332b,,,youtube:UCPkhI1WcLilaKu44B5p0jZg|twitter:HIMA_ASMR|other:https://www.pixiv.net/fanbox/creator/33047683|booth:himaasmr|amazon.co.jp:239K4P15SMPIM
0,优妮,bilibili,3546838751775383,20424,70b94b03-f7f0-52d3-a9a1-b1759c77f108,,,twitter:uni_kokoro_s2 |other:https://afdian.com/a/Unikokoro|youtubeat:unikokoro
0,莫妮sama,bilibili,3546382900136934,20383,6929d6cb-56e8-5b18-9c53-f05c2e367da3,,,
0,梦乃莉莎,bilibili,3546392339417619,20341,7db216c2-e772-5cde-9222-76edc5ede47d,,,
0,卡德纳斯_Cardenas,bilibili,3537119507122411,20336,351ef883-7255-572d-b77f-aba8c9633ff1,,,
0,昨日青子,bilibili,3493284812950114,20334,e66d5031-cc61-581b-b3e3-4be695a7aad7,,,
0,绫音乃苏,bilibili,88035929,20324,126b16c5-39a2-5a6e-9688-825cef2a9401,,,
0,月见_tsuki,bilibili,431311100,20306,314a270e-add1-54f7-9f40-8b56b4593b06,无次元PROJECT,53ad5ef0-5125-56c0-99c1-8c4352b7afbe,
0,星籁Yzuki,bilibili,39743256,20284,e310f108-1ed1-55bd-b524-05230e290be8,,,
0,猫羽_Nekoha,bilibili,1768912092,20283,9b509cef-19d0-5b61-abd7-d9889ada3fad,,,
0,洛德薇安Ludivine,bilibili,3493076087606214,20281,ed223be7-300e-5605-86f8-362300016934,,,
0,美笑_mua,bilibili,1426842374,20255,62e06413-bb65-5aec-85c5-3acb00119a48,,,
0,涟洢Lianyi,bilibili,3546593498237765,20243,c9fd0dfd-e44e-52e6-8e62-6f59066f3858,,,
0,Atom玲,bilibili,890735,20220,a9b87d44-6f9c-5a51-9d0a-13daef94eca3,,,
0,蛙多Vado,bilibili,1167809473,20201,91364bd8-ff18-594f-aee0-81ddfec0b04c,,,
0,温以凝,bilibili,3493087642913107,20169,3109a441-2f88-5202-b22c-1f815af92f04,,,
0,瑪法理沙,bilibili,373854628,20079,1ac978fe-da75-5d75-b535-ed47006904a0,,,marshmallow:malfurisa
0,奈亚初Hatsu,bilibili,1785284354,20063,21d7a835-65e6-5977-8355-527c27c05f9c,,,
0,莲汰-AiTeN,bilibili,6365248,20058,2a9d9385-0c8f-5aa4-8b5a-88914403d8bf,P-SP,f076e35d-500d-57ba-9149-6caed8275768,
0,吉妮Genie,bilibili,314290795,20051,047de0a7-2833-5b2c-acfe-c51d8ce86940,,,
0,艾科索Axl,bilibili,6223905,20051,41fbe07e-460e-538c-84ed-6b7a64bb4c2d,,,
0,希思_heath,bilibili,3546618999606221,20045,405821be-7550-5462-a498-1a7763b42237,甜瓜社MelonLive,863b38a4-e1fb-5d0a-8d0c-89c54abbad35,
0,意欢yummy,bilibili,3493074929977892,20038,c699d960-a63a-5bdd-87ca-b04269134378,,,
0,萨莎柯里克,bilibili,403894805,20036,77c3df95-2a88-5ca6-9e73-654203a51123,,,
0,可嗒Keda,bilibili,396463331,20018,495ba4d5-6778-576f-8ddc-e93b9e186325,,,
0,伊芙Eve_,bilibili,1493178194,20001,21ef9065-d47f-52f4-a882-121cc473ff97,,,
0,微宁Vena,bilibili,1787018548,19995,f20d0514-3f55-56ad-ae01-0b9e35264b50,,,
0,琳喃喃吖,bilibili,414090921,19991,4fd4be27-1165-50e9-943d-396aa77613e5,,,
0,艾黎哟,bilibili,3494353704061716,19980,5be5b8f6-14f8-58cd-8520-61fb56dbef21,,,
0,八万_80K,bilibili,16343250,19970,8e79e910-de21-575d-8c23-99f578f3b656,,,
0,雅也MASAYA,bilibili,2146765,19969,a3881d7a-8ca3-58df-a496-b3d741f20a71,hOuOu_Project,3056975b-305b-54cd-b28c-0e005b612a5a,
0,希普拉,bilibili,3493134128384063,19946,f4069fe5-b6d0-53b3-8954-fe70e28636d8,,,
0,宅豆糕糕ki,bilibili,1855623989,19940,99747e97-3bef-5ef0-a6fa-97dd042cb453,,,
0,恋音Koi,bilibili,4067807,19937,72c91845-1408-5c49-aa0e-b959457d28e2,,,
0,貔小貅Xiu,bilibili,3493141164329470,19934,4b641986-1c16-51ab-891a-59ef57f421c8,,,
0,立花遥はるか,bilibili,1617739681,19932,aef28228-9d9d-5de6-9eeb-cd8fc5988c47,,,
0,椛暗_Official,bilibili,1301635,19921,3b262b29-1cdf-521c-b857-315f4b0ec744,,,
0,黑音夜,bilibili,608146606,19914,8e63acb1-8dc2-54d5-9ba7-4c4446947dc9,ReAcT,6696f9f6-e159-5fa0-882a-1b1213a68556,twitter:Kurone_Yoru|youtube:UCmssHxtaJAxIvje7LTHoKiw|marshmallow:kurone_yoru|pixiv:41547220|amazon.co.jp:Y1N8XBB8GYY6
0,泫桃Momo,bilibili,35231019,19909,d2dd4b49-273a-5e87-8601-880e4f61a027,,,
0,卯月コウ,bilibili,22319726,19878,48aa61d8-d5da-5f96-828c-678d33d6a646,NIJISANJI,5da64d9a-b5d2-5f3e-ae3c-35ec6aa42492,youtube:UC3lNFeJiTq6L3UWoz4g1e-A|twitter:udukikohh|userlocal:F24B0CAB1547B384_9c19f6
0,米娅莉,bilibili,873426,19858,fc103c82-0aed-5cda-8aaa-b8d5c7da5ee2,,,
0,日露槿Gelee,bilibili,3537112754293368,19839,92630188-a238-5c9c-ac38-ff137286cda6,,,
0,AHRI智智,bilibili,14752559,19836,998d5178-7863-5446-8735-8b03ef0c42b2,,,
0,女巫Vivian,bilibili,374017536,19825,c31b82dc-96b6-591c-a138-e674534b66a0,,,
0,鹤咲花菜kana,bilibili,1573437898,19823,e853a8c3-7137-545b-8420-b1d8733065a3,Tinsgoo-Project,e2e54677-6608-5996-9976-464cfd4ed739,twitter:TP_TurusakiKana
0,蒂诺,bilibili,626405217,19817,f645b673-f777-5fd2-858b-bcf2c89494e7,,,
0,幼濑啾_jo,bilibili,30400150,19816,0ca8d82e-eebe-53c8-beb8-107959408cf8,,,
0,小杀slash,bilibili,686179867,19800,997f057b-97fa-56f6-8dcf-39fdbad3accf,,,
0,北柠_Lucky,bilibili,3546386058447647,19783,53be65c4-ae34-5884-b2b3-dbd09571b51c,,,
0,雪糯米makemake,bilibili,1264388640,19768,1f70cb3c-461f-54cc-b7a5-8ff41385d944,,,
0,白云初岫遇晴空,bilibili,1678704506,19767,d04db2e6-55bb-5b78-9593-d7bed9c0ec6d,,,
0,新新社恐人,bilibili,1171565532,19759,002251b6-1f8b-5d4a-89bd-10313f4e8ada,,,
0,C叔小酒馆,bilibili,516678537,19757,cc5c7bc6-a091-5fc1-ba75-e67150db2502,,,
0,童童狐丷,bilibili,96463116,19756,adaed689-a67a-57fa-a620-339eab4e10ec,,,
0,YM_057,bilibili,3546906361858572,19750,71e559b2-90aa-5d07-a76c-6fb7e588ee7d,,,
0,安食月,bilibili,170978097,19749,4da342b8-1339-5936-ba43-66e7bd77e658,,,
0,川井晶Akira,bilibili,3493128027769580,19742,4b67f852-dc69-5d94-b99c-3820a1f8fd61,,,
0,广音笑颜_Channel,bilibili,216379,19738,912364e1-6c8a-5174-aa1a-f840b705cdaf,,,
0,苍火Aoi,bilibili,9962651,19730,7252f5e7-6741-5208-a593-3a36c54b609b,极光社,9548b50d-dbb9-5b8e-9a4f-a86239ac14ca,
0,麦乐桃_Molly,bilibili,85439564,19724,70693e0b-f60f-5115-9b8f-b8ebc84760d4,,,
0,琥珀虚颜,bilibili,125823832,19696,10fb9a39-83f4-57ba-9419-561cb42773dd,,,
0,绘梨糯Nino,bilibili,2115413637,19650,1eb04b1f-4f48-590b-8912-bbd49562864c,,,
0,艾诺Aurora,bilibili,41654706,19637,e4825d09-7fba-5022-afff-b7a280c4ceb7,,,
0,柚木凛,bilibili,1093614539,19629,e178e1ae-9ccc-52ea-8667-06f06cac37d7,emoechi,e99f3b51-c9e1-5b68-893f-aa6394d3af86,twitter:Rin_Yuzukich|youtube:UC_1Okh7IBMyazrTJD_ymYsQ|youtube:UCjyTdk30ZMuTd3_MNdpHE0A|youtube:UC5XwaZwSc01j8nXaTLzazqw|booth:yuzuki-rin
0,饭饭mesi,bilibili,28872319,19626,2a6e259a-edcc-5cf1-8441-2ba51264a6c8,,,
0,紗鹿Suki,bilibili,3546659313158757,19598,7e04dcca-7b6b-54a9-bf97-1836bdbd5d39,,,
0,盐天使riel_official,bilibili,394936,19594,a7e08875-969b-5ba8-9217-7aab712b92da,,,
0,泡芙nekoha,bilibili,1956534672,19575,825dc5fa-037e-504d-aaad-1e6c9d3b6dbd,,,
0,凯恩,bilibili,36677,19569,e3c804ef-e851-5448-b6a4-182f2eb6b3f2,,,peing:cainbilibili
0,温柔小茄,bilibili,3537114887097069,19542,f68735fd-1ef1-53e4-8cfd-029c3ed86b5c,,,
0,五彩呆鸟咩Official,bilibili,16059520,19519,855c87d7-ab8a-50d8-8951-0953097565ba,,,
0,星星,bilibili,258872141,19508,4a59b281-48a1-5200-92c9-6d78eadd7462,,,
0,琼羽_Anny,bilibili,3546706954161091,19506,d6c25542-0ac9-57c4-a2c2-56fc6bc4a377,,,
0,苏酥_SUSU_,bilibili,1077738277,19504,0f08e0df-8c9e-5d70-b547-d3ef0ece701f,,,
0,凌迕Shark,bilibili,888923,19491,c654a221-6bfc-59ef-b48f-ec22f4844075,,,
0,星阑_Official,bilibili,3493291471407934,19486,f82e63ba-1166-5a3a-98c6-ca2a38be086b,,,
0,理也Rimo,bilibili,3546742307949203,19463,5e132c69-d9f0-5722-8bc5-1696123811ec,,,
0,妖妖and鬼鬼,bilibili,1250051924,19454,d8a9b314-6cad-57ad-9841-0f3dac30a598,,,
0,希迩Xie,bilibili,3546577895426827,19452,aa9ce684-cd72-5875-bf8a-5f260d1c65cd,,,
0,星空monoka,bilibili,501601746,19436,bc5a7d8c-06f1-53d7-a44e-bd1bf623db3d,,,
0,海德薇Hedvika,bilibili,1285890335,19430,646aad61-0601-5266-a8cf-237ac4bbeb48,,,
0,奈奈紫crystal,bilibili,611481251,19418,32538a0b-d22a-5369-972b-068c6b34da15,,,
0,Hikikomoriちゃん,bilibili,277854028,19417,1b2b739a-feed-5e52-99c3-1dfd52148484,,,
0,艾妮娅Enia,bilibili,589799673,19413,051f88b5-669e-5dd4-a704-741d3a8e7b58,,,
0,诺诺Nono,bilibili,203676,19374,a3dba446-e09d-5c02-9fc5-f138ef0d7a53,,,
0,苏二零,bilibili,36238913,19341,7e594dda-eb69-5347-9fff-b92f8838006b,,,
0,阿暖暖OwO,bilibili,472056419,19337,c90129a6-5a4e-5275-a2aa-b0edce65f1ab,,,
0,诸星观,bilibili,1296459456,19332,cf04d2aa-82fe-5da9-b283-b13de021ba60,MZ次元,8d3239cd-4811-570e-a968-7c582e46ead0,
0,是淇阳不是骑羊,bilibili,3493282514471887,19307,29cd8c3e-29f2-5ad2-a808-964c0e58b044,,,
0,ジョー・力一,bilibili,20381746,19302,65bfc16b-787e-534d-82ed-ab7a201b88b3,,,youtube:UChUJbHiTVeGrSkTdBzVfNCQ|twitter:JoeRikiichi|userlocal:66743DB501664DC7_e6fb2b
0,电流妹,bilibili,32484896,19257,eaf0791f-5be7-5a02-9752-c9a6acaf7712,,,
0,乔若Anki,bilibili,1736214473,19256,5b8f7633-6c79-5401-95d2-0fc67944546d,,,
0,星月夜Asteria,bilibili,3494359035021553,19251,de157750-64c9-5bd0-b6f1-70b94abd6b06,,,
0,青井葵aoi,bilibili,1865376713,19241,3892b722-5173-5297-b66b-03e89bbc3a76,虚研社,d7af6703-ed00-53bf-aa46-0d5cf679925b,
0,明夏珊海,bilibili,1124440113,19235,5f751b47-6bda-5502-a687-3117c23e2e9d,,,
0,吱吱爱吃芝士,bilibili,12548532,19211,dca961c1-312d-50cc-9d4a-6b7006dc1951,极光社,9548b50d-dbb9-5b8e-9a4f-a86239ac14ca,
0,林可幼Kioy,bilibili,645857963,19175,d5e2ea7b-def5-5462-a75b-68c68a44bc84,,,
0,咕咕咩Gumen,bilibili,1912519534,19172,d9df08d6-a017-5468-bfb4-3f944bc02dbd,,,
0,苳灵Alma,bilibili,1968726571,19165,b9f74984-5af0-59f2-8189-4f00d07b6c6d,猫邮社,fb7977c3-8198-5021-a136-3c8de14290f7,
0,Ivy逸-,bilibili,513242630,19160,5b242ad8-08a8-5029-aac5-fc4cd1b710bc,,,
0,miracle竹夭,bilibili,17683304,19156,696a7689-aa07-5817-9169-dacf963611f8,,,
0,奈罗花,bilibili,8256946,19146,0b1940bb-57ab-5abb-91e1-f2f31dd81e2a,,,
0,伊维雅Eviya,bilibili,504212952,19136,5c6457d4-f213-5d8a-8c57-0dee196196a9,,,
0,安赫尔Angelos,bilibili,2096043427,19134,42c89519-5e4a-54ea-a258-020a25ab9db5,,,
0,橙子言Charie,bilibili,318486464,19126,743132b8-39b0-53b2-ad25-3114a2000f77,,,
0,灯部里多,bilibili,41001553,19124,05fe2964-7a8a-5fad-a8d0-fc87c463f445,,,
0,桜餠の肖乐,bilibili,690780274,19122,07b58ce8-1a85-5d59-9a45-2f1cc4e22c53,,,
0,芙菈吧噗,bilibili,3493282638203618,19120,aeb05915-e9b9-55ca-b39b-a45b298cbe2b,,,
0,酱油哇u,bilibili,100588957,19119,c865cdad-4dff-5d91-85ce-af0002658444,,,
0,思临lord,bilibili,3493136449932025,19113,7effbc49-5c46-5cff-893c-2cdcf087a961,冬日之家Ultra（北立交桥）,748b837a-0f27-55d8-aae1-695e4cb77aff,
0,Lune露呢,bilibili,2609448,19076,f1240daf-cd99-56f7-abed-cec42a74bc78,,,
0,AGです,bilibili,1834070,19071,ecdd8fb4-30f2-5d54-9791-7c0b5e968cdd,,,
0,清乖子,bilibili,1064646844,19056,8010be42-5b65-5a0d-a818-0014c0ca2e1c,,,
0,叶砂Hasu哒,bilibili,17391103,19053,96caa173-53ab-5ab0-bec6-b996dc707003,,,
0,周央珊瑚的帕恰狗乐园,bilibili,662550612,19043,543d9ae9-7437-57ce-b96d-4b0f2282ab6a,NIJISANJI,5da64d9a-b5d2-5f3e-ae3c-35ec6aa42492,
0,梅洛_Official,bilibili,1520905828,19024,297f8f30-80d3-5976-abb2-2f3f78feaa17,椛榊计划,aebb8a27-96ad-575f-99f7-485fb958d709,
0,浮鸾Flora,bilibili,3546727609010502,19021,436a1a70-90f4-510e-a989-811b09735b1b,,,
0,布朗什初花_Blanche,bilibili,687247249,19001,16e3525b-2f92-5b20-92e2-258fe601dc7e,NOA Talent,20a14bd8-50b1-5613-96c9-191eef51b689,twitch:blancheprimrose|youtubeat:BlanchePrimrose|tiktok:blancheprimrose|twitter:blancheprimrose
0,花见深雪,bilibili,1897506398,18983,01c85791-7094-5190-b8cf-283c5b9cc6a6,,,
0,黎耶,bilibili,674839637,18982,8c1f5498-8cc2-5809-a69a-a991e9c30e83,,,
0,RealSaya小夜,bilibili,34442637,18970,ff495d42-7503-57d5-aeea-6064999722c5,,,
0,花畑柴卡,bilibili,23760783,18956,739c9ee3-4ca9-5a0c-9945-adaa63a85ab1,NIJISANJI,5da64d9a-b5d2-5f3e-ae3c-35ec6aa42492,
0,薇可娜Vicuna,bilibili,3546672504244327,18956,26167cf9-25de-5097-81bf-906b392faa27,,,
0,璃露Riru,bilibili,331249454,18953,e3a3bbd8-5cc3-5d67-b4f1-1acaa43059d8,超次元学院,cc64b75a-f000-5b4a-bef3-bc727dab00a2,
0,衫Hitoe,bilibili,5765235,18874,9f70e903-818f-54bc-ad98-b98f16d51807,,,
0,诗音的魔法交流协会,bilibili,17384147,18869,b2024f6f-9188-5338-8dfc-cb602dab6cd7,,,
0,玉弓芒,bilibili,5610435,18858,b6c928dc-6e96-5760-9c91-a8c38de1c334,,,
0,纾可tsuko,bilibili,3537110011218796,18854,2173b388-4722-5100-9d3b-121d9ec8cf1f,,,
0,由川伶子,bilibili,229175813,18846,c2a310a4-6d7d-5ea4-8640-5ea0671d3e92,,,
0,南溟酱没有胖,bilibili,7360754,18835,1dfe2c1d-12eb-56a3-88b0-785355050312,,,
0,紫乃莱拉-官方WACTOR,bilibili,1724136548,18832,cd14eae9-a255-5669-9a4d-6d1620b0ecc9,WACTOR,682089de-7fe5-5303-8939-37eeab633407,
0,餡蜜椿,bilibili,652298653,18812,f0b42c13-e494-561d-9f94-076f8c14ee4d,,,
0,白猁Leah,bilibili,1117602507,18807,8cdf9017-150f-539b-ace3-a5cf40037b18,,,
0,洛维娅Lovia,bilibili,1941017872,18783,c8d90e58-5a1a-55ef-813a-22b45a3c478e,,,
0,Aruka搬运组,bilibili,1436589496,18769,941f75ba-5817-5d75-ab93-5c547f44bfb9,,,
0,塔可TAXXXXXO,bilibili,3461571269364516,18751,64813522-0d15-539e-8aef-b938d8d32d12,星果屋,14af1184-c6c7-5526-b984-714023090937,
0,千鸟战队_琳,bilibili,1620923329,18747,519b3323-cfc6-5fa6-9e80-a837aefce5f3,千鸟战队,0fd2499a-5caa-51d0-8946-7d61d5aba18b,
0,宇佐未Usami,bilibili,305632924,18738,4b67cf04-a80a-5d4e-8c0c-004a112146b3,,,
0,命依Mei,bilibili,1985811151,18732,385ea97f-a969-5555-8001-a484b605f84f,VirtuaReal,6a8d2bed-dc2e-5ce1-a3bd-e31317aa4e23,
0,有里唯Official,bilibili,1402705384,18725,9f51220b-7970-5212-9b5f-5dc58a13086b,,,
0,崇光夜熙,bilibili,1817276,18688,a71eaae7-dffb-5fa4-8b67-52094e1301d0,,,
0,阿蕾蕾Aleilei,bilibili,603072369,18680,bce54879-3b6e-5ef3-854a-aeae3bf0b0a8,,,
0,白鹿channel,bilibili,488288502,18674,b68bb264-9938-51a4-8c63-d5796ae72db9,,,
0,甜崽小兔Tenn,bilibili,3546578008672552,18672,77839987-3188-5f92-97ca-e80a5691312e,,,
0,蜂子Beeko,bilibili,1762889682,18670,5495f309-e331-5295-8e75-b017386a0cff,,,
0,リタ,bilibili,397520048,18664,daa1304e-0419-50cc-8b52-78c6e744d115,WFIE,e9965fab-5b00-5636-bc6c-31bee0a537af,youtube:UCwuS0uY-Z2Gr_5OV2oFybFA|twitter:kmnzlita|userlocal:E8DA33A51C0144E0_04df30
0,喵大炮,bilibili,242079317,18631,bb036196-74b1-58c8-a23e-e18fe4925d19,,,
0,绯织乌露_Official,bilibili,1747926309,18627,fd2bd745-dab4-54a4-83ce-80255c84a2dc,,,
0,敖雾AOU,bilibili,3546388841368060,18624,856825f2-06b2-5bf5-aa87-0d438effc72f,Hanabi_live,06620aad-1e28-5c4e-995d-cf7c03d43f15,
0,雷米尔Remiel,bilibili,604738184,18616,5a2e91f1-c7fc-5bb1-9285-b9c57c4159f1,,,
0,清米三思,bilibili,22547074,18615,e468bd30-fa74-5800-aa09-43aa10190723,,,
0,雾丸kiri,bilibili,156163517,18601,d9d1ad81-f2e7-54fb-acfd-2e58c17407bd,,,
0,紘雪Hiroyuki,bilibili,46225073,18581,cba3bc49-f770-56af-9557-2c64570be26c,,,
0,开太空飞船的白丞er,bilibili,520585659,18569,d3bbf10c-96ac-5d3b-b873-98b3e3ac3b1e,,,
0,黎夜OuO,bilibili,3493258091039121,18550,a7838f19-083d-58a3-b8eb-31c973e18f70,,,
0,花臼usu,bilibili,9983449,18523,a9473e2c-45ff-5269-800a-ec0a06b4cf79,虚研社,d7af6703-ed00-53bf-aa46-0d5cf679925b,
0,小清玫Ami_official,bilibili,3546725413292351,18520,095dda5f-ead2-5273-9275-820a0e0434eb,猫铃社,6eec14e5-38cd-504f-a995-b7bd15b4c51f,
0,时月Luna,bilibili,3546569940929333,18481,074be4af-a199-5264-89a6-fc71712aa1e4,,,
0,艾芙灵Avelyn,bilibili,3493109981776401,18481,225d94b4-4d7d-513f-8cb5-151feb48fd32,,,
0,鱼娘暴暴lazy,bilibili,1292049379,18475,aab9f193-c5a1-5cd8-8892-59f1246420ba,,,
0,妮可莉莉-Nicole,bilibili,1648352940,18461,a05ce8a2-0a6a-5286-8218-2fe94a98f500,,,
0,万象院八花_EN,bilibili,3546957345720976,18457,bf198920-08e1-5ef3-a9f6-99851782ede1,HOLOSTARS_EN,bc439477-942b-5df6-91b4-19c7c3dae6bd,
0,桃仙仙_MoMo,bilibili,3461576258488887,18453,cf1a0271-d847-5c9e-ad03-f38dd268ea5a,,,
0,麓鹿LuluYa,bilibili,150388,18453,080f890f-7fda-5523-a764-893a5e2c51ce,,,
0,露蒂,bilibili,500762399,18446,a1489718-958d-5c2f-888d-5344f2ea3459,,,peing:plasmarhody
0,帕里PALI,bilibili,8091713,18419,2d8d49dd-abe9-56c3-a393-548e5ef71a79,,,
0,関注御音階_official,bilibili,3493118512991084,18415,5b96ee7e-aefe-5ff1-bece-59ab54aa816c,,,
0,風祭えんめ,bilibili,14868240,18386,0e7256bf-53b9-5202-84af-4317aec26aa8,,,peing:kazamatsuri
0,哎小呜Awu,bilibili,1567394869,18384,be19bd27-9484-5625-8f2b-315520cad958,VirtuaReal,6a8d2bed-dc2e-5ce1-a3bd-e31317aa4e23,
0,木苒,bilibili,30791929,18382,46a03c46-6231-5875-b632-1ab7e199bf47,,,
0,马莉雅_Official,bilibili,429559200,18365,ffe22f52-d384-5fab-afa9-70c0041e7ded,,,
0,大沼凛音Rinne,bilibili,1927123534,18346,d494a13f-a3ed-504f-989a-8bfe601c02ac,,,
0,大夏龙雀_Vixirent,bilibili,3493267811338649,18344,d1ffd31e-7a88-58ab-9005-e476b067e2cc,,,
0,早樱苒,bilibili,510456271,18331,2000de17-0157-5d79-95cb-75a5d6af15b8,,,
0,心城结爱罗,bilibili,3493083863844887,18311,789279e5-c462-549c-8398-29e1c5c46ff6,,,twitter:YuaraCocoshiro|youtube:yuara|tiktok:yuaracocoshiro
0,星奈Kagami,bilibili,391349756,18298,f402fd23-3630-5019-af04-10725700628b,,,
0,铃喵RinMeow,bilibili,13966765,18280,6430305d-d7cb-5734-9912-7a346d575934,,,
0,時玄Isaro,bilibili,85279640,18278,55197bbf-7152-5392-9a0a-f33d8b5329db,,,
0,癒魔魅娅,bilibili,604197572,18274,849e269a-3d9b-57b5-80cb-af036843fb44,,,twitter:Iyashima_Myua|youtube:UCZg_qvSbb1ha2bmQT3Tm3dQ
0,茶镜镜,bilibili,1217959473,18225,8441157c-e9f7-5e58-a1fc-36df3b496a7a,,,
0,雲璃Yuliko,bilibili,3546742685436308,18206,dcfda798-c995-5754-98da-c0c8508e2432,,,
0,晚娇眷子,bilibili,3493273582700860,18196,b13edd8f-539f-534c-aaa2-8faa25c0826c,,,
0,肖晟宇,bilibili,165068843,18186,7d624113-aebc-574b-b1da-8f668a0d8582,,,
0,啾尤尤OwO,bilibili,3493122996702172,18178,507be26f-298b-5a69-a288-c8a54c0242fd,,,
0,結奈Jiena,bilibili,3493289770617374,18163,d4a82824-21bd-5415-aef4-811ceadf5e46,,,
0,喵铃Neko,bilibili,3546840869898685,18145,01975482-a76c-55b8-b657-04fff5253883,圣魔社SeiMa,6632237b-4675-5fe6-b8e5-96d3b89e8d83,
0,-只只妲己-,bilibili,3546561803978779,18127,a351e6f6-5d6c-508a-8af5-9cabfc09c8a7,,,
0,灯侨呀,bilibili,22081435,18118,ebe74b12-5bb9-5ca7-b8cb-9d9f030abfaf,,,
0,穿裙带菜裸奔人字幕组,bilibili,15936956,18111,d65ccf89-3903-5866-b68b-8ced141a293e,,,
0,Fr0,bilibili,38631128,18109,cca15d01-6e68-54a2-8653-c172963df7e6,,,
0,烛荧荧,bilibili,3546724496837553,18075,a229b335-6e7f-5b0f-ad8d-3b486d293056,,,
0,白铃_Sirorin,bilibili,1337993096,18066,346a8314-81b8-54b7-beec-de45efaf344e,,,
0,许愿羚Oops,bilibili,3493285251255202,18062,b55e4635-ccb6-583c-b869-3d4eb5139111,,,
0,黑川翎,bilibili,3494356738639959,18057,d0195254-463b-58e7-86b0-0d6f76f23717,,,
0,九狸Layla,bilibili,3493296397617199,18055,dd53a014-67c3-55b7-9fa9-baa823273ccf,,,
0,红被子Akafuton1,bilibili,2682013,18035,61ad2a0e-8761-5dda-82ba-4fa106642897,,,
0,哎咿呀是狮子喵,bilibili,3461576436746500,18033,42145c38-382a-5851-b694-7c3a78b1da75,,,
0,南音乃Nonno,bilibili,511289062,18019,45865ddb-dc14-5843-8a0a-173b329fe037,P-SP,f076e35d-500d-57ba-9149-6caed8275768,
0,花奏夜kuku,bilibili,3546388344342552,18011,beb2c95f-5cb1-5180-821f-b7008c363e85,,,
0,紫纪Shiki,bilibili,370687372,18007,f4c1ceb0-64f9-5969-914f-d3e00e1a3974,VirtuaReal,6a8d2bed-dc2e-5ce1-a3bd-e31317aa4e23,
0,水镜Beryl,bilibili,3546658751122276,18005,0740bb82-26a9-5bb5-b540-2cf4eed57d82,天枢project,7126d95d-9311-5691-a2de-88d978486297,
0,唯诺Vilor,bilibili,240724,17975,1399f491-19a9-5857-a82c-3a6780283f90,,,
0,海御西格Sigrid,bilibili,1144824974,17957,7f5b29eb-8fd1-59fb-91d5-54842d21ddeb,,,
0,默伊Moe,bilibili,3546638899481364,17942,bd48fa6b-b525-50c0-96eb-9eb15456f7e8,,,
0,悸末KiU,bilibili,2128800,17940,120ccdcc-1ef0-520e-be68-96456bbcb3e1,,,
0,白羽铃虎,bilibili,549256707,17922,60142bb2-090d-5504-8203-c0c80837b2a5,,,
0,Lucky啵啵吖,bilibili,1153575854,17920,b8aa5214-975c-5926-9533-5717f4a89d52,,,
0,水奈Rin,bilibili,3494370919581938,17917,5b5c0657-0103-577b-aade-bf03c64bafca,多维变奏MDV,507b983e-c810-542e-b686-87f514722181,
0,雨鱼渔,bilibili,1363865784,17907,ac12a84e-4c44-5d2c-8e50-f5d0fad2f56c,,,
0,托丽Tori,bilibili,1779286757,17881,475ab590-e9e7-5d24-b40f-49d764902a85,云光计划,f96c12b2-b935-5c29-9a31-46c97eca9c4c,
0,涵涵,bilibili,7080271,17880,280b872d-95c6-5ef2-9df8-4e06390b0dbe,,,
0,江崎Esaki97,bilibili,1426714555,17879,bb30abe8-7c2f-5252-beaa-a72d999872d2,,,
0,七七卟听话,bilibili,3493286585043212,17878,160e0de7-9c73-5520-a6fe-4f325ced3273,,,
0,奥尔丹莎Hortensia,bilibili,441784,17869,576ee90f-407c-5034-8103-f153379154c0,,,
0,小糯米sama,bilibili,3494350705133689,17867,5d3a9450-5fc2-5aa7-af41-8c6335745251,,,
0,夜月心音,bilibili,136322951,17847,5c00967c-e9ad-526b-94ac-eb8f68b83117,泷滨Project,fcae0bc8-85b2-5ba2-8d22-e7763eaf192a,
0,星宫魔琉瑠,bilibili,1152597935,17830,6bac5d28-e176-5c6b-bf4e-ce57480c1c25,,,
0,鹿野葵,bilibili,372936,17821,0bbc5599-652c-5aa7-8a6a-f6c74c8841e3,,,
0,小琰s,bilibili,1927804459,17814,0aebc276-351e-5e72-b676-645e77d3005e,,,
0,海女U,bilibili,106389680,17809,f95e924f-7fbf-5945-819a-70d8bf49d5cf,,,
0,洺知-故犯,bilibili,32159860,17795,ef213bee-65d5-519f-9994-a8e678282cda,,,
0,糖一色Shiny,bilibili,3546615501556479,17795,a65fde6b-d73d-5837-8bd7-35ee50a296a4,,,
0,潼小爷驾到,bilibili,273231262,17782,d765c5fe-d170-5b0d-a876-bfe58b7c9639,,,
0,狼狼子CHILDWOLF,bilibili,589185,17777,8b245c62-3920-5d15-a9b0-716c848b5ce1,,,
0,Kurusu Raia,bilibili,474200495,17770,7d8a2fb5-aea6-5ebf-a5be-7fa39ff51df1,,,twitter:Raiaxxxia|youtube:UCLuyrUQPIjGkqID9UlKUP2g|booth:raiaxxxia|pixiv:32431409|marshmallow:raiaxxxia
0,咲来希希,bilibili,1828986549,17760,669de5ab-5ad9-5850-b16a-abacf70a9fb7,,,
0,奶茶啓巳_Ncha-P,bilibili,78779766,17751,61e2da3c-f57e-5b38-93b2-fb4336f4cbca,,,
0,绯绮Fiochi,bilibili,11061149,17748,7cc4183d-9de7-50fc-9b6b-4251cb2ec310,,,
0,优梦子-Yo,bilibili,3537107521899271,17723,a9f9b4ae-29ac-5dba-9f58-2262385add27,,,
0,あいうAIU,bilibili,6193767,17717,ebb773b0-3d59-5c89-900d-1edbf5214b5a,,,
0,妻末_official,bilibili,3493280878692879,17712,33d3107f-edb9-53e9-9dac-5139b8367c8c,,,
0,狮栀Shiz,bilibili,3690980192553213,17708,0463ef65-f766-5999-b1b8-32cc7389747d,,,
0,梦野伊莉丝Official,bilibili,1570473318,17664,62d891b6-ede9-5785-939f-488dac08e0b2,,,
0,白钰yuki,bilibili,3546791991576744,17662,798d3f0b-a120-599c-a974-8753a08b2b5d,,,
0,小冰块最喜欢唱歌了,bilibili,690100954,17635,7b09fbdc-be19-5517-94ea-382d577e6e74,,,
0,蒼雨梨,bilibili,3493266156685780,17634,54b688de-0c46-51dd-b5e9-977b668d3430,问尘仙会,5f2eac9f-dc17-577f-a22a-19003e81fcdf,
0,竜輝音緒流_Official,bilibili,1300421811,17623,d53c7d05-4293-5494-b3f3-54c5b03d0430,,,twitter:TatsukiNeol|youtube:UCJ4uyhRdZf84tsYVSoFuGvA
0,七彩手鞠,bilibili,1742561268,17606,6ab81584-fa13-5ee8-a8ff-10eada328f3e,,,youtube:UCIaQ9Tdza1dL4-xNSmsh-pg|twitter:temari716
0,皌桃momo,bilibili,355189,17602,43bd4208-74dc-5230-a609-323ed2054472,,,
0,望月もも_Official,bilibili,1575858025,17596,efe308e6-dd30-5c16-be2c-028328bb631f,,,
0,二羽凛奈,bilibili,3546760418953326,17562,64ebad0d-5dfe-51ea-8eb5-fe2fd74ad8e7,,,
0,角卷绵芽保护协会,bilibili,490441866,17554,1397fab2-be3d-58a1-a864-c8144ab47f5e,,,
0,Tacitly_麟犀,bilibili,181559741,17547,88b3c59c-3ad7-52e9-888c-615cddcfc0da,,,youtube:UCEjysNG2a2UgCBIpJxBqn3w
0,绯花爱吃烤面包qwq,bilibili,7922204,17514,6f978d2a-71f4-5b4d-aea1-03087e4e93a0,狄灵计划,811ad373-4359-562c-add8-3c2492dc209b,
0,花间又Yuki,bilibili,11515052,17512,6ad5b005-e33b-5264-b036-24fd6bbe7e7c,,,
0,春日雾枝_kiri,bilibili,3493113731483799,17489,5ad5e2ff-a9af-5758-b5ec-a732b04e7c06,,,
0,贝贝web,bilibili,18070579,17467,7abe9e81-a6fe-550b-9ef2-4320bc0fddfe,,,
0,白鸟Asuta_Channel,bilibili,612823436,17444,dd071a6d-4013-5210-ab60-3b2c97afe73b,hOuOu_Project,3056975b-305b-54cd-b28c-0e005b612a5a,
0,夏野Nana,bilibili,12633794,17442,0e7b200f-d352-5948-976c-c7d30e3088de,,,
0,秘密结社黑盾,bilibili,586414718,17435,8dbe2ebb-0a74-5a26-8bfd-ef905d03dbf8,,,
0,天香沫茗_Official,bilibili,9411611,17431,0bc2ee6f-e8e0-5945-907f-b62c3acdcc13,,,
0,海渡KAITO,bilibili,1446867539,17410,5e181485-ff93-558a-8296-c77ce0850f42,,,youtubeat:kaito_navigator|twitter:kaito_navigator
0,坨坨TOToo,bilibili,2030972382,17392,71e21ecc-d641-538c-b028-723956501f16,贴贴社,a9c61b37-d0c1-5bb6-a4a8-3ae38afa28c4,
0,神山浠浠,bilibili,40225451,17358,e3e8a3be-a133-55bb-a052-f0f0ed74c74b,,,
0,魚板鲨,bilibili,1163073259,17326,05830173-08ed-5bba-a0d0-6dd24d893325,,,
0,兮兮兮唐,bilibili,25487242,17319,0af8a2f3-595e-50d9-81c4-f9fdd17869c1,,,
0,一瓶百年陈醋,bilibili,34549247,17316,51f9a20c-37ea-5998-84eb-5a0634fd4c20,,,
0,月夜织Orihime,bilibili,9312446,17307,004144d4-e05a-59c8-a570-91fc4675dc95,,,
0,空澄赛娜Official,bilibili,436571867,17295,c22bcca7-2ed0-5d46-9d56-4fa098ed8185,LupinusVG公式,42dffa71-00ea-5f6b-8c4f-5f78134ed38e,
0,简禾he,bilibili,312629802,17279,796e0600-db97-5fd0-b03a-98959a082320,,,
0,桜川暁,bilibili,14150553,17272,c168cde9-4356-596d-9b75-a3d8a05f73ed,,,
0,鸠子,bilibili,12964678,17258,7c7ff22b-742d-5e4c-8664-8898fef6a85d,,,
0,結城美知留Official,bilibili,625181413,17255,113f7ead-aaa6-562c-86c7-f53325eec04c,,,
0,茉莱MooLy,bilibili,3546636036868257,17250,f83a872c-b7fc-5bce-bdbf-9edf911392db,GravityS Project,3dfee54e-d852-5781-b361-5b71c3d16b84,
0,周一Zoi,bilibili,3546634289940913,17246,259793bd-65da-56a1-b71d-857e4b4298ba,淬蜂计划（北立交桥）,b30df939-d5cd-5c9d-a6a1-ec905b14e77d,
0,早川璃Kori,bilibili,400713763,17210,bff2561b-76d1-528c-816f-54626f2929c6,,,
0,卯雪眠_Somnia,bilibili,1313300815,17199,fe403c41-6beb-596b-8649-4167a69f6521,,,
0,プライブユー,bilibili,377899842,17193,1e77b8f1-6ab1-54e4-8fb8-a0f9c2c95de5,,,
0,梦野瞳Official,bilibili,614258400,17177,bd0a3c8a-378a-5c5c-bd96-d7f4767b20bf,,,
0,露米萬子RumiWanko,bilibili,104811479,17168,a9ac3982-37e4-52f1-bb50-aad8de4c6430,,,
0,神山夜夜,bilibili,651143714,17160,f74f765a-644a-5aa3-a7b8-fe0b49f6930e,,,
0,小吭叽qwq,bilibili,33887063,17151,3b8a661c-c7fb-5feb-bc0f-31830a7a6122,,,
0,橘子酱July,bilibili,3546791064635715,17138,ad3431e8-ed09-51a1-b240-6b3f3eac6716,,,
0,老狐爷,bilibili,214445356,17130,314b3160-e36f-5b0d-be16-1fbd93b06387,,,
0,暮雪初霁_,bilibili,1605958838,17124,dea78598-a593-5732-95f2-c87f929243e1,,,
0,柳桐非,bilibili,1152878015,17122,d822c4c1-77f4-5334-9fdb-947f8918406b,,,
0,潇雅,bilibili,8924603,17120,7ae350e8-58b9-586d-9324-a091dd3b4c52,,,
0,天灵灵Ring,bilibili,3546378355608442,17107,b9a8b486-905e-5849-b2e9-755e826457b2,,,
0,喵呜敲可爱呢,bilibili,384064330,17098,735777da-28bc-5393-b365-818632d4dee1,,,
0,曲莓团子,bilibili,81534454,17097,d9ffa809-bad7-5062-9683-97c106aa5702,,,
0,阿芙涅尔Nier,bilibili,1566120165,17092,499bf97d-b5b2-5870-999f-840f8f0607b0,,,
0,白咲べる,bilibili,9375210,17086,371ecf33-d0a9-5a0a-93e7-f68e51e4c806,,,youtube:UCfnI5YS8RX8byI7O5hBvSgw|twitter:bell_srsk|userlocal:E6C919AB0A3BBA8D_d8719a
0,雅特弥丝Yatamis,bilibili,1792461375,17077,61fb41d0-8f97-51b6-82fd-ebe9d4f1f21f,,,
0,黑川言,bilibili,261325,17065,58503785-d593-5a41-af53-f3aaf508b648,,,
0,狐火燐音_Official,bilibili,3546649167137356,17060,ad512977-b810-59f9-bccb-a1d3516fb52f,,,youtubeat:KitsunebiLinne|twitter:KitsunebiLinne
0,贝莉娅,bilibili,1461919177,17059,441115d7-c38c-5f5f-a0a6-48055c8faaa2,纸片人计划,cb8f50eb-2127-5a65-acef-df8ebe3743a4,
0,倪蝶zoe,bilibili,3546714839452145,17053,7b6bf72f-bcfb-5242-975e-a19938360bbc,,,
0,苏苏吃饱饱w,bilibili,651249595,17052,f359eb71-ec28-5ccc-8c24-d08984815d5f,,,
0,努特Nut,bilibili,3493091157739881,17042,16966c48-e68b-5908-bd50-39f380df58c3,,,
0,Melody搬运,bilibili,84939191,17021,dd43b826-10b4-5255-a3f4-7bb376628fec,,,
0,二宫梦璃,bilibili,26155426,17016,afdaa7b0-7a95-51ab-99e4-81ca5d113007,,,
0,芭娜娜,bilibili,478735811,17011,9ce6876a-55f8-5a8f-86aa-513e5103a243,,,
0,゚良人,bilibili,1945855008,17001,2dba600b-a8f5-52e2-ab84-f6a1f74ae89f,,,
0,桃妧Haruka,bilibili,76035909,16998,b1c5c442-a7a9-5d76-a373-12018ba404bb,,,
0,炑铃_Mulyn,bilibili,1582788472,16979,8dabf9e9-1477-52eb-89cb-2e239e1ac071,,,
0,沢沛sawapei,bilibili,3493135852243543,16940,12d7d9b9-ce9d-5534-943a-dd5837d4bd1b,,,
0,贞布多Buduo,bilibili,482425350,16935,4a9b7926-8ee2-563d-8a47-479daad7dd25,,,
0,布鲁荣_Miya,bilibili,2048498401,16932,56b63b13-2d87-54fd-80f3-7cae2c11153c,,,
0,獭可奈奈,bilibili,21485701,16923,191648e9-98ca-5b26-9572-98d3f7ef9baa,,,
0,诗寇Skul,bilibili,3493130116532870,16918,8958ea87-0a82-5144-a7d7-1458110a70a1,,,
0,上野桃香Official,bilibili,1059744599,16914,e8a5f7f1-55fb-5426-b658-848d0c13dc80,,,
0,深深Rececca,bilibili,9992181,16910,05880601-985e-5f17-aa81-80170c4480be,,,
0,兀兀几,bilibili,1314388010,16908,19262a1d-75b8-5568-9d99-d07307d5c189,,,
0,阿藻official,bilibili,7391608,16900,f66d9033-da59-5e2a-8354-cdee610c3f51,,,
0,冰凌凌凌,bilibili,1438537391,16873,c7661464-f8b2-58c2-a7c3-53ae1231015a,,,
0,向阳,bilibili,1694351351,16873,2ae735ed-d3c4-5c70-bea9-a214517d8dec,VirtuaReal,6a8d2bed-dc2e-5ce1-a3bd-e31317aa4e23,
0,幽灵车尔尼桑,bilibili,21693393,16867,906894d1-3cfc-5596-983f-9a3b220787d5,,,afdian:youling0722
0,咪可yowling,bilibili,3546804572392313,16852,ea260249-826b-54ef-a0c0-6a09b83d8ed2,,,
0,比小烛,bilibili,1929448890,16836,0193ffc5-fd64-53f0-aa27-4a87fe1ff1ce,问尘仙会,5f2eac9f-dc17-577f-a22a-19003e81fcdf,
0,零星的梦喵,bilibili,14346198,16835,bf666adf-d181-599a-87c9-d5104f08e68a,,,
0,洛吱Lokiya,bilibili,3493115769915922,16833,ecfa662d-9b8c-5ada-a38c-87187da9dee2,,,
0,柳川翎,bilibili,3493141384530579,16816,988c4582-ee26-534c-8c9a-b75e89b9fa98,,,
0,闪闪pika,bilibili,3546928222571136,16806,b0cb8b6f-5bc6-51cb-973c-bb3d52c95b06,,,
0,眠崽龟龟,bilibili,3494354360470240,16797,c264b532-70fe-5c93-95c7-a6d637d6d05f,,,
0,苏酥MILI,bilibili,9298883,16778,3dffbfb9-6fd3-55ff-8111-109be9fbe4e9,,,
0,月见梨梨娅,bilibili,3537114905971032,16770,6920cd7d-d26c-5331-9edf-8e6879b5e0f9,问尘仙会,5f2eac9f-dc17-577f-a22a-19003e81fcdf,
0,火锅味小汐,bilibili,3066617,16765,fe98752a-0e5c-506d-86ea-92af22fefe3d,,,
0,白穗岁,bilibili,3546574258964484,16762,99427b05-f8a1-545b-8b4e-d57b40bb0a5f,,,
0,初音未来LStype,bilibili,426170094,16761,dbcc8e82-66c3-5547-b9ad-5e2d80f57a34,,,
0,芽子meiku,bilibili,3493287673465572,16751,590e5824-4deb-5dc8-b56b-7db021b10d6b,,,
0,子曦030,bilibili,2834728,16721,41ec5253-a896-5903-8dcb-f66035c7f279,,,
0,梨夜Riya,bilibili,20918782,16695,c86374b1-b56c-5616-852d-b43e3df3e1f6,,,
0,鲨包包,bilibili,3546747596966663,16693,4e6369db-2a88-57d4-84d8-96bdfda370b1,,,
0,湛鱼Yuu,bilibili,1618589648,16667,ddb99d2f-83ce-5159-bde0-bdb2446972de,PSL官方,2bb25003-d023-5c1e-96a0-e7167a9c9287,
0,霖汐Lin,bilibili,8908944,16664,78e19f54-5209-59d8-9048-2bd39701fff2,,,
0,瑠奈,bilibili,667042223,16660,7fc081b1-c73c-529b-8cab-794f5d9b3999,超电VUP,0720e97e-ca7a-55b7-9944-94d2e090dcd2,
0,七瀬すばる,bilibili,398709832,16656,1b50e187-bc9e-5c7d-b9ec-733abfda3cd2,,,youtube:UCji4kFR4n5TnEpqga0SHxlQ|twitter:nanase_subaru_|userlocal:A2BBD6864A09A83F_daeb09
0,星野由乃,bilibili,8576944,16655,9a2798e8-5ed4-56f6-aa13-5895ded6faf0,,,
0,椿_official,bilibili,5144535,16649,ddb642ac-c258-5b54-8b9c-ede6fbadb904,,,
0,伊莱莎_Elisa,bilibili,79374068,16630,e1b515c6-1ece-5bde-8bc3-045a2c9f9522,,,
0,不给你吃瓜,bilibili,3409997,16628,8aefb858-3564-594b-9325-e0418d56615f,,,
0,小雨绒Candy,bilibili,3546774476163227,16583,13f64ef0-5b1f-52f1-a2e6-be3386653d8f,,,
0,鹿喵lumi,bilibili,33801277,16583,b60796f3-fb7d-5a53-94a5-e203dafb84e2,,,
0,渚九主-雪Official,bilibili,5331818,16579,f1562b64-767f-5515-93c5-56056cdbe419,,,
0,鳩羽つぐ,bilibili,321875777,16570,3594b677-f948-51c6-8eaa-060b3b650bbf,,,
0,诸葛铁锤nb,bilibili,3494373668948185,16566,515b2590-74b2-516a-8a7b-516c8bfac715,,,
0,螈来是呜帕Wupa,bilibili,2098894005,16565,c17ab503-120b-5525-874e-5a5ea26516d3,,,
0,乖乖凝烟,bilibili,700599724,16562,6db13c36-8008-5d07-a1b3-6365097797fb,,,
0,鱼干兔,bilibili,133528,16554,f92bf73b-1e0f-56a8-8dad-f67eb384bdbc,,,
0,猫妖爱丽丝拉斐尔,bilibili,8831648,16553,504c342e-6719-5c67-9c53-d10f76a27392,,,
0,月见里kori,bilibili,3494371114617608,16535,da5e98a2-647d-50b4-8496-aba6959a1d28,,,
0,祀羽seyyu_official,bilibili,84125742,16517,4a76ad40-4cea-5ce0-bf1e-b4b1f8eb0be8,Vidol工作室,7bf7dc58-48f6-55cd-8bdb-cf5fa31d8a77,
0,朝日奈乃Official,bilibili,1205572265,16480,a815a3f0-e1ea-57fb-b288-6601de884d52,,,
0,鹿野的皮卡丘,bilibili,386990083,16473,7dfb351c-7670-5689-897c-de3554adea9e,,,
0,StageOne计划,bilibili,3546604204198677,16438,59c70d2b-3600-543a-b5da-1afc6f994412,,,
0,泠岚Lin,bilibili,647845727,16426,84ed2f19-6181-540d-9132-c480236c8b3f,,,
0,兔晶千穗_Qiho,bilibili,3493264556558373,16424,ed90b770-d3a8-5cff-8e4e-0b597055a9a6,,,
0,麻衣花贝Ving,bilibili,8336096,16415,c956d0f1-82d8-538b-8f1a-35972fbea165,,,
0,尾铃字幕组,bilibili,300759827,16407,2b48254e-c19f-53b4-a39f-b9a6204a9a09,,,
0,希洛伊Shiroi,bilibili,1723206278,16401,a49a28f6-82d4-58bc-a533-efb4c391c5ac,,,
0,ReLoLo,bilibili,102668397,16384,39fb503e-87bd-5ec9-b811-b2da161657ff,,,youtube:UCiBXVFuA-IPRrmb9r5cTT2w|twitter:relolo66
0,不死鸟Dom,bilibili,3546800784935014,16350,32730e16-4665-5d1a-abd3-9159d2060aca,,,
0,丸梨丸梨,bilibili,11072226,16347,d734f4f8-c643-528f-8031-3d0a2e20a502,,,
0,丘米芽Mia,bilibili,3493132683446352,16339,9bc02a71-8178-53b5-9e47-f93a77c516ca,GravityS Project,3dfee54e-d852-5781-b361-5b71c3d16b84,
0,邬楼Mellow,bilibili,1278925081,16334,3e891eca-1e83-5992-9587-a3a04f706c37,,,
0,雾岛光,bilibili,1558843215,16323,afc8b030-e22f-5704-8514-1c2f938fd8f1,,,
0,您好_这里是希铜,bilibili,445704340,16313,33869da3-d547-5606-8633-92d04a6b4ba5,,,
0,帕米尔Pamirs,bilibili,2132566155,16311,403954b1-558e-5330-8baf-a502f7b6c655,,,
0,浅一,bilibili,220688902,16304,c6614b4b-09a1-542b-a8ba-8c6532c0edfe,,,
0,纪辽Silas,bilibili,3537115914701247,16287,c63a6e59-797e-54fb-8b72-7362381a3353,,,
0,库里藍_star,bilibili,3546764162369644,16272,0a92713d-fac0-5fc3-ae4e-430b3f217fe1,,,
0,狐丽君ing,bilibili,1475073253,16268,02d15005-157b-5ba3-b9af-28a78386ed3c,,,
0,沫乃Meroy,bilibili,1192174259,16267,2e7cfd5e-5c52-57c0-8d41-ce540c51be39,,,
0,kirakira大团子,bilibili,38850658,16252,8e12d741-b0e7-551e-8114-4d342907111d,,,
0,曾被称为卡米的龟,bilibili,3493078333656008,16251,0b794828-7fe7-5883-b78d-645718af24d4,妖精管理局（北立交桥）,c8d7d021-ce8c-56f6-90a2-ab8758b3ac8a,
0,澪雀之森的神社,bilibili,3735586,16241,f1e8f930-d364-5e6b-b577-7ccebc504a59,,,
0,爱理喵Ariel,bilibili,23984480,16229,c0eea3fb-4c7a-57ae-8a8f-21231ecc82c0,,,
0,雪川稚乃,bilibili,302199093,16226,1bd2cf5f-cf33-58bd-aafd-82e8085665b6,,,
0,皮皮梦_official,bilibili,480420159,16225,2fd68cdd-45fc-51ef-94f0-d2319b6dd462,,,
0,诺伊斯_Noyce,bilibili,3493142139505605,16213,9f5d4d13-45cb-5053-bffc-c50bb3030a4a,,,
0,黑耀_くるみすと,bilibili,1507378,16206,7929af9c-99ea-546c-9ed9-f4ab8052bd57,,,
0,荔枝Yuribiu,bilibili,1211921847,16192,3565156e-d8d8-5440-a488-bdc98c7d47f3,,,
0,原酱,bilibili,1120544917,16184,5fbbe9bf-f88b-5481-8bc9-fded177d9e6e,,,
0,-荔枝酒,bilibili,39964093,16183,df1efd1a-355c-5ae8-bfd3-ccbd80b8fe7a,,,
0,戌夜初Hajime,bilibili,2009235986,16178,c5cda7b8-5d0a-59e5-9b94-b829d320246e,,,
0,克罗罗Croro,bilibili,3493263466040079,16173,5898a824-a712-5b01-abe2-a3cccb4fef5c,,,
0,名取棘Ibara,bilibili,3546935357082512,16168,cbbd2189-aae5-5cf1-8f05-e1360a9327d9,淬蜂计划（北立交桥）,b30df939-d5cd-5c9d-a6a1-ec905b14e77d,
0,夏洛17号,bilibili,14440008,16162,9cccfd76-f2cf-5adf-8204-d543c58a6463,,,
0,白夭夭-Yy,bilibili,1463163594,16140,71600189-1081-56ec-8481-d94355f2d204,,,
0,时来梦爱,bilibili,545539883,16126,5f074b1d-c48a-58b9-8681-65b4912ee2e1,,,marshmallow:jiraichan
0,神月萤_Official,bilibili,628061724,16115,1f9a4f89-08ab-52d7-8bf1-d2638e911761,玄月神,a466cec7-5670-59a2-8dd4-66d1a73ad32a,
0,浮光-Luminos,bilibili,5081934,16114,aa89fb55-4a3e-54b3-9a16-c9d5139ba0cf,,,
0,千穗梨衣_lily,bilibili,279148275,16113,2c3b9b34-bed1-5f28-bfc8-b3126adbf551,,,
0,血焰玖蝶,bilibili,1751300,16101,875c5dd3-bf78-5db8-baa1-86eb640ec854,,,
0,栗原澪Rei,bilibili,14977446,16099,b311cb82-bba1-52fa-b9e3-4a03651a35e0,,,
0,清則子,bilibili,9361427,16093,161668da-d083-5d3b-897c-7cdc8852ea67,,,
0,绘倾月_Lyselene,bilibili,1813412189,16089,d1235cbe-177a-57c3-8260-b25d2a36b16c,,,
0,艾拉Ayla,bilibili,3461566750002008,16088,44e09381-6fe5-599a-9b82-c225459c6cf3,,,
0,龙斩樱月,bilibili,665706,16084,0f596108-6a72-5b77-b6c7-a29a93ebb74f,,,
0,芙芙鸦,bilibili,3546574611286267,16069,4ae891a0-7e9d-59af-b8c3-246276e5053a,,,
0,怪医梅杰克,bilibili,3241201,16068,0a5f8357-d0ee-5b1c-bfdc-ef91047e3bdc,,,
0,艾拉妮・伊欧菲芙婷,bilibili,3546711096035969,16054,e94b5021-779f-5194-b642-1f71fe50aba3,Hololive ID (印尼分部),0c089df5-5af9-50fd-94ea-b469b6847d0f,
0,禾心,bilibili,487425423,16036,71f2fc73-8a12-539e-b4ad-f5e11f257494,,,
0,羽月ちい,bilibili,1682889553,16025,3f3bc4c4-f9ec-5184-b6b1-47e7baa4bc8e,,,
0,春映Eink,bilibili,2098242220,16016,eb0167bf-788c-5aa0-b21a-00527d8a6ee0,,,
0,九降,bilibili,168168915,16006,5803302e-184a-52b5-8253-7cb3ab8a6310,,,
0,焰灵莓炉Channel,bilibili,3493115730069946,15997,b054118d-982d-5093-835c-ac0ea03fbd09,,,
0,辉瞳,bilibili,1005457213,15968,0e6f2364-f582-5ea5-8e38-1c364e6cf3a6,,,
0,aliciaxlife,bilibili,1812913178,15944,f141a0d5-99a5-57e1-aa5b-917952a66840,,,
0,吉普莉特Jipulite,bilibili,3546583287204121,15923,2ee34e51-5f0d-541b-b03e-c5b61c90e4c2,,,
0,王箬,bilibili,2134679939,15918,723b5b22-5ea2-54ac-9584-72c9cf92efa0,极光社,9548b50d-dbb9-5b8e-9a4f-a86239ac14ca,
0,量子猫EH,bilibili,19058549,15911,1bdb0686-bd2b-5a22-8e73-9c0f0e46e365,,,
0,四风玖Kyuu,bilibili,1367592037,15885,3325f521-27c0-5782-91c7-e658253aea31,银河跃迁PHG(本社),81bdaeaa-2221-5ef7-a52f-aac975443377,
0,弥川苦茶,bilibili,3546828794497947,15882,67f91fd8-bb59-5168-914d-56274a648915,,,
0,安奈るり,bilibili,12918458,15860,13ce1d64-3bbc-53d0-80ee-97246c6df6da,,,
0,YUKI_多练,bilibili,503441693,15854,6a4fa47f-c1ce-5d7b-b08d-0651fb904933,,,
0,圣歌莉亚Hymina,bilibili,7840648,15834,2143a0ec-8f5d-576f-9f2d-ec8c6a842334,,,
0,星乃刻林悠Official,bilibili,410520501,15831,f7b0061c-42cc-567e-a879-027f838d5993,,,
0,小夜歌Sayoka,bilibili,3493089278691882,15824,fa4676fd-dbaa-53f5-b231-f4c076533952,,,
0,啊熙_Axi,bilibili,3493290678684263,15795,952ab7f6-19e0-5442-8950-e41907b71b8a,,,
0,めんだこちゃん,bilibili,388693909,15777,be78d9be-560d-549a-9c1a-3e27bea72387,,,youtube:UCXHPI-3mWB-4rfvjFoHAFWw|twitter:Mendako_Vtuber|userlocal:B3DD84CB4C3727F2_f20f89
0,诱SAVIOR,bilibili,1100110564,15771,858c9865-19e7-503a-a324-8d132da621a8,,,
0,淼淼Miya,bilibili,3546718387832906,15769,74cee522-73f3-5f0a-801f-f7dfa23e489e,,,
0,超极巨里里桉,bilibili,11959750,15766,3a84e6a0-d588-5f04-903f-2770710a5926,虚研学园,da7a049d-15cc-57f9-bb68-49af75ad7b52,
0,凌叁woldf_Channel,bilibili,10205731,15764,e80a5c77-b43d-513f-8880-c72bc17c50cd,,,
0,卜灵_Bling,bilibili,1436878388,15760,ffd9f858-ad0e-5adf-87b2-da9064e3ea42,,,
0,K___unique,bilibili,92385195,15759,71f763a0-f1ef-59d6-b59a-09172501855c,,,
0,希魔音露,bilibili,1297935,15757,c4a0e64f-6012-521b-ae6d-c300b1082130,,,
0,草莓芙瑞Free,bilibili,7118984,15753,925d5e38-2b25-504c-8fd2-4522b28d11a7,,,
0,夜永awa,bilibili,3546754395933597,15741,d82ef853-b485-5007-9f17-5810000a78ea,,,
0,狗酱ER,bilibili,22420295,15737,58590682-5e3a-5ef7-883a-13f3ff2b0c40,,,
0,弦羽-hane,bilibili,3493118525573806,15728,470eaf7b-b164-5c67-838c-bf0b55c1228e,虚研社,d7af6703-ed00-53bf-aa46-0d5cf679925b,
0,奏晓Kana,bilibili,191443890,15715,29ae1dfb-63cb-51c9-b3c9-60de4792a8fb,GravityS Project,3dfee54e-d852-5781-b361-5b71c3d16b84,
0,月霖_咕咕,bilibili,4322043,15715,40bc4391-2ef3-5171-86dd-a7950f45bf0c,,,
0,啊羊koYo,bilibili,3493279253400112,15713,216b3d0b-8594-5a6f-8b00-31c9521fd13b,,,
0,我可是pika,bilibili,147297,15712,07240c1a-ed85-53b5-99d6-a9b416642d7b,,,
0,CANAMETOHARUKY,bilibili,410512576,15697,84c4756a-9100-5690-a63b-b474d86a8b36,,,
0,苏萤_Fluorite,bilibili,1409103273,15692,233f590f-66c9-5ffc-9e8c-c3ce7c5e0909,星云社_CosmicNebula,f8f7fa68-d6d4-594c-9c15-1741944d304d,
0,琅九Kokono,bilibili,3546581800323456,15679,c6e6273a-7b63-5481-973e-9aabe8ef7034,,,
0,魔魔マラ,bilibili,322210278,15669,476b66c4-9bd6-5246-8dc0-04a3d93abb75,VirtuaReal,6a8d2bed-dc2e-5ce1-a3bd-e31317aa4e23,
0,星也,bilibili,319810877,15646,db110413-2220-597b-87fd-febcbaf76afe,VirtuaReal,6a8d2bed-dc2e-5ce1-a3bd-e31317aa4e23,marshmallow:yononaka_seiya
0,海月贝_official,bilibili,3493260139956262,15637,11e2ff5b-835a-5130-beee-3558b8295afc,,,youtubeat:umitsukishell|twitter:umitsukishell
0,白祁,bilibili,474593912,15628,d22e1f19-1dc6-50c0-ab77-d3a3e9f0efe4,,,
0,瑞泽Rise,bilibili,1183356234,15620,43d0ca3b-d2c4-5683-b3ef-f6154a06285b,,,
0,橘音kitsune,bilibili,2279339,15602,f412bab8-c9d2-59c0-8d28-8d9012b7a92e,,,
0,芄Makino,bilibili,140543,15600,6c163605-3bc3-55e6-a50a-aab7c14343c5,云光计划,f96c12b2-b935-5c29-9a31-46c97eca9c4c,
0,美波八海-official,bilibili,1277504905,15593,f17d6bf7-a276-5713-9941-2ae536b63f75,LiveCartoon,f2fd7bb2-a25a-597e-bf64-9bb35241fccb,
0,欧珀Opal,bilibili,1827139579,15590,8cc9ea8f-8d84-54ed-a543-b15c521059bd,VirtuaReal,6a8d2bed-dc2e-5ce1-a3bd-e31317aa4e23,
0,橙歌歌睡不醒OvO,bilibili,1865791469,15589,7bab930c-dbab-584b-8e0f-472a17674ab6,,,
0,久世鈴奈,bilibili,56731546,15588,9fbb56e6-f8e5-5e3b-8a74-b8a965368ff5,,,
0,Nori典子,bilibili,2192736,15565,dbc2128f-e69e-515f-9dc5-b84ea2eb89de,,,
0,骸菈hella,bilibili,507070900,15565,5c6b745f-3dbb-51dd-9d49-c317fd513a23,梦镜茶会（北立交桥）,20336e78-cc7b-5d9f-80d3-7664dbaf550c,
0,久远澪,bilibili,3706995750210156,15563,09bde80f-250c-5ed3-a948-725a6b79e5a0,纸片人计划,cb8f50eb-2127-5a65-acef-df8ebe3743a4,
0,言彦_SAY,bilibili,1086675151,15560,6c8c9c50-2857-537b-808e-6c85f626d28f,,,
0,饭饭,bilibili,3063155,15556,cfbbe8f2-945b-5202-b4d3-dab15d691c96,,,
0,斯托拉斯sato,bilibili,117199262,15554,ce3f78e1-ed99-5f5a-a67a-9705f23a704a,,,
0,星谷樹_itsuki,bilibili,5816642,15550,d4f1a94a-e421-57bb-aa8a-c03f49ee1b84,,,
0,四茶Sama,bilibili,1665499883,15545,63e95001-d6d9-50cb-8908-05eaeecd45de,问尘仙会,5f2eac9f-dc17-577f-a22a-19003e81fcdf,
0,秋元松,bilibili,1610379,15540,95939676-7b41-5c3e-9a85-95d7291cd938,,,
0,宫心绘梨奈,bilibili,1050518108,15538,d3c73548-ec81-5a2a-ba2b-7f54abd7b2b8,,,
0,音無otonashi,bilibili,473590079,15535,0cb99008-7be9-51da-a3c0-a0babb6fe162,,,
0,关于莓芙可的一切,bilibili,22612759,15525,d17909a0-cccb-5a8f-8d6c-f69e1d79e30b,,,
0,茉莉Chaton,bilibili,3493104516598670,15523,4cc46fa2-0d61-5c4f-81ca-a0c991bffa19,,,
0,泉音夢Nemu,bilibili,1583419290,15516,30edcb83-d112-5bf2-8d2e-87e3df9cc5ed,,,
0,野野垣蓝理,bilibili,1573017790,15508,34cfbcb6-1252-5135-83a5-916c545d41c9,hOuOu_Project,3056975b-305b-54cd-b28c-0e005b612a5a,
0,-阿胧-,bilibili,3546738092673766,15486,efef076b-3f60-5138-bcc5-7801db3cd0b3,,,
0,HACHI,bilibili,9979698,15475,581b81c4-91be-5591-8f9f-8d22c2012a3e,,,twitter:8HaChi_hacchi|youtube:UC7XCjKxBEct0uAukpQXNFPw
0,宝叽一,bilibili,2096422,15471,213965af-3139-5845-acc9-c85ef5bd378a,,,
0,哒叽luna,bilibili,629814419,15467,c1706ab8-69ae-5502-8336-fe4238f0e4d7,云光计划,f96c12b2-b935-5c29-9a31-46c97eca9c4c,
0,奶豆豆o,bilibili,1953558829,15467,38163465-4a80-5fd5-880d-db77fb3dec0d,,,
0,艾琳,bilibili,94896660,15453,ad0ade91-bf05-51a9-a791-39aeeae06779,エイレーン一家,2773e11c-0c30-55f6-93b5-042687c64d38,twitter:BitYoutube
0,王沐沐_mumu,bilibili,500289236,15435,ef21b289-9bd9-58c9-ae45-b9e83023060d,,,
0,Cattleb妮可罗宾,bilibili,1273871661,15427,6305edd0-fd8a-5336-93a7-9a50dff1fb80,,,
0,詩然Lucky,bilibili,3461573915969657,15425,c4f921f5-e718-54d3-8fae-e336aabaab35,,,
0,礼珀_LibRe,bilibili,384249546,15417,e2971dce-558a-5d2a-a588-f253da0c674d,,,
0,目16,bilibili,3493111460268300,15387,afc8d72f-75ba-5423-b617-4cb88004df31,,,
0,砂糖大小姐,bilibili,20699734,15384,c29f7242-7962-5adb-8987-515c30476106,,,
0,坂上杏子,bilibili,2142409,15382,a08b923d-ae71-509f-a196-02a719caa465,,,
0,桃音诗おん,bilibili,1206440560,15346,2f54be92-e141-597b-bd7d-166147788190,,,
0,安洁洛特SAMA,bilibili,32518773,15345,c24f8a71-8aaf-5fb3-b5f1-eb5022c23d96,,,
0,大理石狐自恧,bilibili,41855819,15336,15afef45-28bd-54d4-a9cd-a53888d83af0,,,
0,锦欣galaxy,bilibili,545303642,15332,0f3ea606-af3a-56a2-91a7-44c9f0e93b8f,,,
0,长乐泠,bilibili,13151907,15330,ce2b73df-ed47-5330-b57e-3440be5294cd,,,
0,VenomXShi释,bilibili,65184168,15329,861cf989-fbfb-517f-80c0-ee5b01ad23b8,,,
0,星雨透_Channel,bilibili,509372,15322,e46d19b7-9ec0-5d48-9f9b-b98b20bcac71,,,
0,樱桃MOMO叉屁屁,bilibili,75044618,15321,225ff796-77ba-5b14-90d7-0131ac3f3cb6,,,
0,星蚀_Finsternis,bilibili,364728311,15309,c26aebcd-7099-5c8c-bf6d-622d6abcd630,,,
0,神代祐希Yuki,bilibili,441315555,15293,8f56ee51-67fa-56ef-b4ef-e9a640f421d9,,,
0,卢森堡的伊丽莎白,bilibili,13920382,15273,7d537640-6df1-588c-9b7f-61358d080774,,,
0,灵灵乃reno,bilibili,2097219437,15255,dd80c3f0-46cf-59d3-966b-6a56607f4826,P家,a5f67427-dbfe-5cb0-be05-ef701454c3aa,twitter:reno_rereno
0,Quintincy_初号机,bilibili,15811099,15241,5535d29b-9600-550f-8840-00168502bea2,,,
0,花草ふしぎOfficial,bilibili,670241923,15237,e1baa2b0-9bb5-5ccd-9eae-574584fcbd15,電子妖精,003983a6-421a-5e75-93e1-841d5c8ee9f2,
0,水無瀬るい,bilibili,390131950,15232,f2f9e6a3-cf94-5bc6-b92f-d96c2c2487c3,,,youtube:UCxavYpm91UOgngdMCGQt0Xg|twitter:v_minaserui
0,Asakiri深岚,bilibili,8718389,15224,3492ad96-a5c1-57d6-b0dc-3aafcc8b261f,,,
0,千铃SR,bilibili,1484324,15223,110c0a21-41e5-5589-87cb-3dca0fe8c6ea,,,
0,断手猫,bilibili,19612544,15198,98faa47c-74fc-59cd-92ad-adc2f94b6367,忘崽牛奶,81fb6430-675c-5177-9443-8dedd2b96730,
0,陆艽Datura,bilibili,3546736811313456,15197,34298718-8824-5b4c-842b-8bde840d7640,,,
0,元七七,bilibili,550457147,15177,da466f79-6e35-5464-9bc1-dce89560c9f2,无次元PROJECT,53ad5ef0-5125-56c0-99c1-8c4352b7afbe,weibo:6526510239
0,梦宮ヨユ_Channel,bilibili,474103425,15169,72a7764d-8e43-5543-a910-0e185879dab6,夕映结社,820597b7-9f1d-5ad4-83db-66aa8aef89f2,
0,椰乃不是椰奶,bilibili,1278321533,15169,cccbc53d-ce8e-5df1-9779-c09b79721426,,,
0,小如饱,bilibili,3493083628964730,15166,1b65c681-f52f-5431-995b-c04f4af16c24,,,
0,Ohana_official,bilibili,3493137448176445,15161,c2f282e6-6328-59c8-8e7d-5f02ae4ab377,,,twitter:hitohira__hana|twitch:hitohira_hana
0,奥菲利亚咻Ofelia,bilibili,3546661523557092,15141,edfd64fb-9d5e-5287-8078-123ce0874d53,,,
0,古见月,bilibili,498231490,15138,618a0705-63a8-5280-9fa0-c7e8a6389e54,,,
0,月乃盈,bilibili,1636421096,15135,6c17d66c-4857-5c95-97a8-cad168505057,,,
0,容涯,bilibili,3546559320951456,15131,2cb21cef-c81a-5acf-becf-8b762e3bdbca,,,
0,神秘の发发,bilibili,44128967,15111,e7824763-e577-532c-8954-1224d0113d66,,,
0,無羅崎シトリー,bilibili,3537119630854578,15102,2911984a-986b-52e2-889c-c911ca6b6528,,,
0,爱摸鱼的屿泽,bilibili,3546388168182650,15093,6285bed4-6561-55e2-8907-2addce8d7c76,,,
0,猫ゐ咲夜,bilibili,120279132,15072,9eccd3dc-7ec4-5053-aeea-22185c4223db,,,
0,雪绫,bilibili,3493104967486322,15043,5cc5bb56-a63d-5302-b6b7-e82eec2f2d9f,,,
0,喀秋莎秋明,bilibili,36690170,15031,47e50bf8-2fdc-5b32-90ba-a0de9dea981a,,,
0,元气天,bilibili,3493288678001423,15023,789bc841-c57a-5a05-9a64-0ed0b74c8fbb,,,
0,鹬一YUI,bilibili,3546375839025362,15023,beae78cf-942b-5f85-a793-d4d90b4d9461,,,
0,小野马Luna,bilibili,170501937,15006,b3e2c75e-3bf8-5f94-b92b-09b572694235,,,
0,洛辰才不是馄饨,bilibili,3493143689300093,15002,4ec5feaf-fa4f-567f-b8bd-1568f2375fc8,,,
0,温晴妤,bilibili,3493290093579211,14995,8f9adf81-01b0-59b7-ab0a-478d62494dd4,,,
0,嗷乌塔塔,bilibili,3493258919414662,14994,acdfffc1-2896-5bd9-bd03-2308504f57b5,GravityS Project,3dfee54e-d852-5781-b361-5b71c3d16b84,
0,咩莓May,bilibili,299312132,14986,f456fa95-11cb-5f78-94f6-83baa3eb4ba6,,,
0,香奈Kana,bilibili,1562687466,14969,f2a40e6d-5f43-57d9-aa12-864349a3b165,,,
0,艾芽芽,bilibili,3546827114678761,14961,78aedc49-1d9c-588c-8964-f6784f93492f,Fulaco-Official,8bb1dc25-7b74-547a-8bef-634263794404,
0,猫乃ルル,bilibili,4134525,14955,fbeb8653-14b1-5209-9a67-70bee89787ca,,,
0,莳聿Syu,bilibili,3546718792583172,14953,88422776-1ee0-5c1b-81be-0faa6ff64ed4,,,
0,蓝耳朵不蓝,bilibili,24271380,14951,2d6e1480-836f-53be-ab25-3fa63ffab35b,,,
0,御瑶瑶yuki,bilibili,3546384980511002,14937,f0f876f0-756f-53d7-b25c-1ac0442b0075,,,
0,我是昔昔,bilibili,23158337,14935,31b83c70-30e2-55cc-b7c5-a80c91730016,,,
0,梦野ちじわ,bilibili,7033120,14933,d6b6c448-e7fa-5b2e-add4-4aa4a2cd6414,ChaosLiveSprout,e67fb222-1c4e-5f19-84da-9e8beba2c365,
0,李鲸狸Zing,bilibili,3494380539218906,14922,ab1141bf-279b-55d8-a981-959cf05b290d,妖精管理局（北立交桥）,c8d7d021-ce8c-56f6-90a2-ab8758b3ac8a,
0,莓莉可Miko,bilibili,164916047,14918,ee652151-4ba3-5837-be5d-98cc509f991c,三光五色（北立交桥）,70f1bfa7-4270-5eac-89ef-a52c777a6ff7,
0,茯笙,bilibili,628024738,14914,32de8511-2557-5107-8d6e-32bcb008f84f,,,
0,宁一,bilibili,3546388510017912,14911,075d1758-0777-5097-8736-3abe8297b583,,,
0,日雨柒,bilibili,1017254472,14911,cb96fbf4-1b30-56ec-b59a-75a00a13bf63,极光社,9548b50d-dbb9-5b8e-9a4f-a86239ac14ca,
0,黑川礼音Reion,bilibili,702607661,14910,000328a1-e02d-5f3a-9657-34db3a1c43a0,幻想社Fantas1A,5074200f-7ef8-5480-920e-6c21f74cedd6,
0,芙芙蕾Uni,bilibili,3537122520730473,14903,c46d06dc-bee2-5a77-8001-c8dd507b95d5,,,
0,时尾树,bilibili,1381622782,14895,e045b111-25e0-5929-ae3a-62c441f3948a,,,
0,星梦真雪_Official,bilibili,14298907,14877,49fc84c2-b218-5ff6-8d64-45946f2fd060,,,
0,水漠豆腐,bilibili,7858535,14874,4b4aea2f-93f1-5fa4-9134-5648ec1d780c,,,
0,夕岚Cilla,bilibili,1239518334,14852,bfe67047-064c-593e-9385-9968d95e8c75,,,
0,是嘻依啊丶,bilibili,3546739965430169,14843,cf6ba826-c7a6-5955-8838-640bc14b38e2,,,
0,肚肚饿饿的肚肚子,bilibili,3862998,14833,d92a94bf-c75d-570a-8187-332407e7b596,,,
0,御桐里奈LiNa-YT,bilibili,547969718,14831,1cce97c4-ea92-5eb3-8ed3-fa5411066e5d,,,
0,洛魚丶,bilibili,3493108964657583,14822,b9aea39a-52b9-5726-b4c4-6e9817bc2a83,,,
0,夏甜樱Sakura,bilibili,1634066996,14819,cbf75692-8aa2-5a57-ab3a-8c41b88c91e5,,,
0,宇宙治,bilibili,397179100,14803,7eec45b6-6738-5af9-8a81-8e9c7c226ecf,超次元学院,cc64b75a-f000-5b4a-bef3-bc727dab00a2,peing:e6453e4d392168
0,搽团_official,bilibili,30625719,14796,cf9ec47f-096d-567a-b0c7-a919cb45e44e,超次元学院,cc64b75a-f000-5b4a-bef3-bc727dab00a2,
0,猫雨夹雪_official,bilibili,1605972301,14783,a6f13902-0ea3-5d6b-8f72-00e3ed077157,,,youtube:UCl4w441kozTBWNMoPADQrqQ|twitter:neko_mizore
0,尼芽Niya_Channel,bilibili,589351234,14767,87ae4b68-0634-5eef-8b2b-9fc4f5f7bbf3,虚数之海,32a9d077-2597-552e-9884-85282f5cd486,
0,萤笼Official,bilibili,10847989,14758,f04ff7a8-ce8a-5033-ae63-2c20d3df3183,,,
0,夏明,bilibili,503120652,14728,e01eea10-c7d1-53f1-9ab9-49cb068963e3,,,
0,小熊猫玄玄,bilibili,109798,14720,dfa4ad8c-4253-5dcb-aa22-58bb8dd81369,狄灵计划,811ad373-4359-562c-add8-3c2492dc209b,
0,千叶是棵草_official,bilibili,1662426,14709,81092a6a-4b58-5dd3-997c-127539102506,,,
0,哆比Dobe,bilibili,3546689057065407,14709,75c00585-d494-5983-8f5f-11813f081f20,,,
0,凤小夕h,bilibili,155051862,14708,95c987c6-76ca-56d0-93f0-ce19a6af2e12,,,
0,黎六六喵-Lollu,bilibili,3546796468996650,14704,7b76de8c-f20b-5f06-9153-059e36993617,,,
0,尹小喵,bilibili,3493083515718327,14693,02b07e6a-f57d-5932-a1eb-6b4ac7eedc88,,,
0,鹤森Mori,bilibili,558070435,14672,6b7fea26-99ce-5fd3-a1b8-6f468aa0ceb5,VirtuaReal,6a8d2bed-dc2e-5ce1-a3bd-e31317aa4e23,
0,莓里,bilibili,473967891,14665,af56781f-4b80-5af8-99e1-6eb66ba67514,chaoslive,7d14580b-8154-5fdb-9777-b1032d302bfe,
0,路普lupu_channel,bilibili,6251904,14664,f6f4a2a1-686d-5c50-830a-7b07a93829b9,,,
0,柯宝是创世萌神,bilibili,3493261415024985,14654,f33cd4ae-3c54-52fe-a67c-28705702f06f,,,
0,林薄犬,bilibili,2387669,14648,1344702a-38ab-5e42-8f94-898b56b30dde,,,
0,魔王Verlika,bilibili,319369526,14644,3716010e-876f-5567-b48c-7f2131e6b688,,,
0,霏雪奈音_Official,bilibili,3494357346814544,14632,e19b7284-52c3-5183-b43d-fe7737455d3d,,,
0,雾锁Unlock,bilibili,3546887233735594,14624,f51dd69c-de69-5a21-b56a-af22d740619c,构梦奇点GOMOON,dc551c4b-d1d0-5b20-8526-86d4bf348629,
0,菅原樱-channel,bilibili,926723,14619,69da0617-2ad3-5407-89ef-f7b50fb62d2f,,,
0,久爱薰Kaoru,bilibili,3546912802212553,14616,1fe27fd9-ad4d-5443-b2b4-2cac747e5166,,,
0,璃桜零,bilibili,2030906764,14611,b4d5e177-a8d1-50ec-9538-d4cb67ad8a4d,VOISLIVE,94d69d93-5a13-5b53-950d-e037dc339d7c,
0,响木青,bilibili,434973578,14605,642c7a10-694c-566f-bc4d-88d18b5c0924,upd8,62b750ab-e71a-59cc-b6fe-71a2debb5598,twitter:hibiki_ao|youtube:UCNwo7eikmX5HPs7NedWVBgw
0,孔六六-Kong66,bilibili,3494353251076304,14603,d938e7bc-ca32-5555-8232-1115fc5264a0,,,
0,小陈的冒险之旅,bilibili,449111192,14583,f2dd1714-f3ea-510d-8da8-58a88fdb822e,,,
0,DENKIMOFU,bilibili,406987,14580,a865f61b-f786-594b-b75c-c0e0481e6990,,,
0,八乙女Noe,bilibili,527093412,14577,3ae8fb2c-f1e2-5a78-9b39-47b262830e9d,神楽组,9709a2c5-843f-5615-aa16-a2e1d3cca78f,youtube:UCnzGlm7IC7Mkm00AccSEBEw|twitter:yaotomenoe
0,雀翎Suzume,bilibili,319975083,14576,a1649cca-7dba-5ec4-864f-d68df2c0b9a3,,,marshmallow:aien_suzume|popiask:Gh9lmW
0,噗崽很饿,bilibili,6496238,14548,66b1e4c8-65e6-594a-a798-8105de6fe759,,,
0,高贝兹咪咪子Official,bilibili,2057387928,14540,cbd77c00-bac0-52c6-a162-563ab73d68f5,,,
0,拉特娜•佩蒂,bilibili,1809637,14539,95821e7c-1ccd-5454-9e79-f41ada064276,NIJISANJI,5da64d9a-b5d2-5f3e-ae3c-35ec6aa42492,twitter:ratna_petit|youtube:UCIG9rDtgR45VCZmYnd-4DUw
0,猫羽小真理,bilibili,1749759796,14536,46e1d95e-ae8c-5fe5-b7e6-011ea60b8ead,,,
0,柠檬Nya丶,bilibili,6102740,14535,8cdb70b1-7481-5127-8a72-62425283aa31,,,
0,波子ラムネ,bilibili,14427356,14510,16e9e74b-4543-5f0c-9a30-802152784636,,,
0,鱼清一,bilibili,2244668,14501,183c0981-572f-50da-9a8e-dc77126deb5e,,,
0,小优优_emi,bilibili,511361735,14497,3e0d44b9-0f35-51de-ae21-3d9e46ec8d0b,,,
0,包子脸三木MIKI,bilibili,15202645,14487,057d7ccd-e422-5c0b-b226-a23c62a17d78,,,
0,奶油丶球球,bilibili,3365173,14479,a6f80350-ea93-5944-bd39-19f14b73a05a,,,
0,蕾米尔remiel,bilibili,9969774,14479,3bb0893f-e7d8-59b0-abda-8045407f9528,,,
0,栖酒SAKEKO,bilibili,6357405,14475,fb7d74c5-4fc8-5bf4-8cbd-d4655efb07e5,,,
0,微微微美玖萝,bilibili,1724970345,14474,ab99a919-2b13-5d5f-bc9d-07db300bbc9d,,,youtube:UCM-2SLEsFuST9rxUsADMvgQ|twitter:Bibibi_Vtuber
0,午哞哞,bilibili,1658766768,14471,f0ccd2e1-5888-5f50-a477-d6f6e2849960,,,
0,楠いのり,bilibili,454530,14470,af6aa25c-99ad-52af-b055-b486df8fa272,,,
0,阿鹤-Crane,bilibili,1795716989,14464,97fa9a14-297a-5f3e-93f2-69f5c3e27ef4,,,
0,夏色まつり工坊,bilibili,418124907,14456,61e9943e-ecb7-510a-b1bc-baf344e9cf19,,,
0,婉婉Neko,bilibili,1860645321,14456,066cb95c-55f9-5245-8b25-89cdaad20491,,,
0,天界偶像研究社,bilibili,492392625,14452,85fed3db-213e-581e-a2cf-86e89d5f7819,,,
0,菲娅faye,bilibili,3493270933997724,14449,1d8fc28b-4445-528c-a894-41bbbc3a3604,幻想社Fantas1A,5074200f-7ef8-5480-920e-6c21f74cedd6,
0,濮濮pupu,bilibili,1999738104,14430,33df96a4-6e41-564c-8cb3-2983cd6fa998,,,
0,眠目直木,bilibili,488232269,14430,6fce1fa4-4b0b-5326-aa63-831540ed7fc9,,,
0,熊崽子ovo,bilibili,1055047413,14412,ed4c3998-6fa2-5107-872c-0451a629da20,,,
0,小忧神sama-3,bilibili,3546934373518211,14402,13c6688e-5877-5265-9063-5485e04cbf8d,,,
0,简柔,bilibili,142306772,14390,23f97d56-e03d-5863-a3f6-98291b760a98,,,
0,雪茨yukiji,bilibili,1947412463,14381,6c5aefef-92d1-59b4-b189-2e502a83fa3f,Facemoe官方,621939ef-f164-5a7c-bd19-aadbe9679b01,
0,ice咩宝Oo,bilibili,520272268,14360,7427b346-2f41-55e6-9be6-9e8cf36935b5,,,
0,石榴守护者,bilibili,453805650,14317,5f5d2a4b-f6e8-5c69-926e-7407d9ff8baf,,,
0,寒霜Frosty,bilibili,2134997612,14316,24dd0aa1-e6c2-5dae-a403-81cec984eea8,,,
0,夜月瓜瓜sukuyi,bilibili,99332435,14312,48442315-345c-5987-9116-f42441525027,,,
0,岐夭夭,bilibili,53536596,14304,393a1f36-e9de-5e11-9ac6-f10c51cd1170,hOuOu_Project,3056975b-305b-54cd-b28c-0e005b612a5a,
0,心绊OwO,bilibili,3493271374399617,14298,7d7406be-5364-5e40-89f4-6762e1c64404,幻想社Fantas1A,5074200f-7ef8-5480-920e-6c21f74cedd6,
0,鹿实Tamiko,bilibili,3546389449542352,14293,f0146839-1df9-5171-85a7-1f6c9e348e71,,,
0,瑕吕汀汀,bilibili,3494369969572295,14292,17f497e9-bab9-5af1-a540-9db7fa0b96d4,,,
0,月见林林,bilibili,1820511126,14267,f56cef48-da47-50a2-8ec2-61c0c9805872,,,
0,水原镜,bilibili,319625783,14258,c69d03fe-4d48-5d17-b83e-36a7cfa9faba,,,
0,尾柔Viora,bilibili,85461856,14247,0998f7f4-98d1-5e90-a886-2c3f3c31bf69,,,
0,璃咩miiu,bilibili,3546380123507355,14247,0156349b-6502-5aa8-a7da-c637b6349778,,,
0,江晚烟,bilibili,3546568678443497,14239,5888589d-557a-5b43-9b60-0701d8d94e86,,,
0,莉冬Rito,bilibili,3546695497419689,14238,82addbdb-5556-58d8-863d-1e8343cad6f6,,,
0,玥一筱Yumi,bilibili,556027338,14237,396ccbfa-c459-5073-9061-8e0477a1e3d1,,,
0,樹莓蛋奶酥,bilibili,439941,14235,5d21df2c-dab2-5a44-94f9-3cc6778fd9cf,,,
0,白咲露理,bilibili,3546695864421312,14235,b59e6dd8-b959-5c6a-a720-083ab6d8be09,卟啵电竞,d21eef30-ea61-5631-95ac-db4992368013,
0,届木羽架,bilibili,9987520,14233,8a87130c-027c-5cd4-aba5-ac2c291a1222,ENTUM,5e4172d0-2dbe-5744-aa12-aeaee8c0b3d6,youtube:UCk0dNVAdlgn4ynURwAq_z2A|twitter:todoki_uka|userlocal:FB077542C6594DD0_d3063c
0,璃奈LNai,bilibili,372699808,14233,6ea05b6f-8634-5d5d-bd56-43a23489333a,,,
0,PeroperoClub,bilibili,435936699,14231,6d06542d-de6c-5dc0-99ea-4889bd86a65f,,,
0,烛银珑珑Loong,bilibili,2383077,14227,eef85cc2-017f-5b46-9460-f0d5ae633770,,,
0,梨绘_Rie,bilibili,6759757,14220,140a3bfa-70a6-53ee-a1f9-69fe84281183,,,
0,犬童Kendou,bilibili,690608701,14216,46cd107d-51ed-593d-a744-956177943d22,VirtuaReal,6a8d2bed-dc2e-5ce1-a3bd-e31317aa4e23,
0,云螭,bilibili,1024430358,14213,8af2a007-005d-5c8b-a2f6-16d2f6d7916e,,,
0,米香,bilibili,1931763107,14213,a77737a0-3072-5875-872f-519430f2ff71,,,
0,艾玫Aimer,bilibili,1129165390,14211,6220b466-cc57-5860-ab6a-89ae3e8ba1ed,,,
0,山恩_Shine,bilibili,3546899252512825,14207,5c4cc164-d518-55e8-91e7-90207bf4331a,,,
0,刀客塔弟DoctorD,bilibili,12867370,14203,28647496-22f8-5790-b5d2-5f5a1275d6a8,,,
0,蜜恩channel,bilibili,623161468,14202,5387b4ba-bf9d-5389-84cb-a65c83b696aa,Facemoe官方,621939ef-f164-5a7c-bd19-aadbe9679b01,
0,光点科技官方,bilibili,24892260,14189,e6182092-6934-5939-ab6a-839770abfa4a,,,
0,桃雾mio,bilibili,514600263,14189,a9996336-0758-555c-a7d2-bb2fdf67948f,,,
0,明雪九的狼窝,bilibili,32242019,14176,d116b46b-debc-54b1-8aa3-56f3664e8d06,chaoslive,7d14580b-8154-5fdb-9777-b1032d302bfe,
0,神山柚柚Yuki,bilibili,2072953457,14165,a9495a41-77bf-5d07-8959-619f74581b5e,,,
0,糖妖妖Ezra,bilibili,10983472,14162,28bae833-7f4b-5cb3-8445-53a903aab98d,,,
0,熊会飞丶,bilibili,1728471810,14160,a4b2072b-63c9-55b7-af0b-12af741b591c,,,
0,御sama,bilibili,1826997867,14154,2bf941a8-8e8a-5434-a691-6ea88875c3a8,,,
0,小馋狮,bilibili,1494451119,14153,4e583301-7504-5626-8981-b732e592a674,,,
0,一只呆呆饭,bilibili,34134758,14138,c51a4150-ad91-5893-9b3f-d4f95b0fd6e4,,,
0,玖柴Jiu,bilibili,3546618238339724,14131,56051b64-dc63-5f89-893a-01953113d520,,,
0,赛蒂娅Sentia,bilibili,3546594678934495,14124,12e54827-aab6-5c7d-a645-50c1a93b4c00,多维变奏MDV,507b983e-c810-542e-b686-87f514722181,
0,梨阮Lera,bilibili,3461575784532557,14123,1de450ed-ba89-5434-8b80-394874427175,,,
0,冰淇柠QAQ,bilibili,599254182,14121,9a309803-588c-5fc4-8bec-85ebf7cf9490,,,
0,橘莱米,bilibili,3537115535117114,14117,8b8c5c10-20d3-5205-8047-f4c507d6a72d,Hanabi_live,06620aad-1e28-5c4e-995d-cf7c03d43f15,
0,天然呆森酱,bilibili,1390853233,14102,dd598e58-6390-5184-bd4a-70fc3fbf805a,,,
0,三枝桃,bilibili,11815830,14098,322e2017-e4f4-585d-abb6-96ab60eac353,,,
0,駄天使inori,bilibili,3493076272155084,14095,c1170858-611f-55f3-8122-a8e4263522a4,,,
0,月色_Moon,bilibili,430150586,14094,2b04f83e-4ece-5a27-a8d6-a54795ea6e81,,,
0,花猫子,bilibili,4328621,14091,05219fde-2c14-5c31-b95d-bafb40a3d977,,,
0,千悦Chisa,bilibili,1280923153,14070,2719e54e-7d1a-546d-8b5e-f84224ea51a7,,,
0,白白_dove,bilibili,3493118311663693,14070,804e5df2-150b-53ad-b065-11b35f782d91,,,
0,骑骑一跃,bilibili,3085466,14066,db96115e-6d3f-5b91-86c6-f23f53bce85c,,,
0,akiyo最萌易冰少,bilibili,35038171,14063,2b20c2e7-5b50-5c78-834a-bc136bca7612,,,
0,星見糖,bilibili,1477351728,14052,856f0c82-30be-547a-9c8e-c52134b7bb0e,,,
0,泣花淚,bilibili,3546626798913552,14049,f8715d52-bd1d-5b1b-a41a-75e931cff008,,,
0,草莓奶冻卷,bilibili,848398,14036,94efea21-01df-55db-8f64-074c5c25e6e3,,,
0,捏捏yoo,bilibili,3494353171384348,14030,66d011ab-b9aa-5e86-9bdb-f1c34dabf0b9,,,
0,原野牟牟Mumu,bilibili,1453221585,14024,92195db8-70e2-59e9-9cb6-d378ff865115,Providence,412f3e13-0742-53c3-80e4-a0ea111657d9,
0,奈彧_Nagi,bilibili,1281313539,14021,e6acdc15-7297-5d9f-a7df-15481248505c,,,
0,陆无双,bilibili,3546624494144100,14015,1be8b29f-681a-577e-a95c-b5e40bf9555a,,,
0,凪紗nagisa,bilibili,1704351924,14008,984e0e72-0304-5730-bd94-c5fa0b77fbdf,虚研学园,da7a049d-15cc-57f9-bb68-49af75ad7b52,
0,无狐神社的伊狸,bilibili,1180963055,14007,51090251-61a0-5a5b-b283-30db95e1fc47,Facemoe官方,621939ef-f164-5a7c-bd19-aadbe9679b01,
0,衣笠雪绘,bilibili,889399,14001,94a5b3cb-1bdd-5bf1-94bc-391a1cd4fe6d,,,
0,椰奶Yana,bilibili,1359964041,14000,3d7afd58-4e31-597d-a1e3-f1df2f05db7c,,,
0,八桦卡夜娜,bilibili,1120494980,13999,3e80fe7d-95d3-5df3-b401-41537a08e09d,极光社,9548b50d-dbb9-5b8e-9a4f-a86239ac14ca,twitch:cayenahakaba
0,画小画呀,bilibili,97663675,13995,605b8f93-8029-5401-98b5-6824741b9037,,,
0,九十九loops,bilibili,2024471,13991,0bf5bc7c-c27e-570b-9623-f9cadd1c9645,,,
0,MSP_么羊,bilibili,905891,13979,0a548c11-ef4d-5265-9b36-97d2271471f6,,,
0,彼方鸢羽,bilibili,225553,13973,5fdab333-d530-585f-8932-2085353b2205,纸片人计划,cb8f50eb-2127-5a65-acef-df8ebe3743a4,
0,茅谷あめ,bilibili,1476883988,13956,121a276a-a4d6-5a4d-be8f-787bd9d53e10,,,youtube:UCkxoYbRDfOiK9830d54Bg_A|twitter:chigaya_ame|other:https://twitcasting.tv/chigaya_ame|amazon.co.jp:FR45XDXVFRP?ref_=wl_share
0,阳绫Themis,bilibili,1439938649,13954,e421b0c0-fdd8-5dfe-a8a0-8861c3fec3c2,,,
0,绪山雪Yuki,bilibili,358054682,13953,5d5ab407-baac-5c52-adb3-9194310cb658,Schoolive,0c9cafb2-e8a9-5935-a9e7-dc1aef177f27,
0,柄柄ちゃん,bilibili,26326935,13928,826b4b1a-84a3-5961-92dd-cd7228c3ade3,,,
0,Kiko_Official,bilibili,2059201075,13920,773e16ef-d237-54e4-bab6-81f64c8453b5,,,
0,迦黎娅,bilibili,1536225244,13915,a7f96cbd-50af-5ce0-8bc0-b44adfd5ada3,,,
0,小奶欲,bilibili,322428555,13911,8c4f638e-9734-5bc0-9c34-060af80bc81e,,,
0,花火鸠HappyHeart,bilibili,1616391510,13909,58a84701-6039-5bde-bec2-4ad74aafb349,,,
0,凛星RinStar,bilibili,82803440,13906,f1259608-8e6c-587d-9eee-a4e4d974e43c,,,
0,鱼狸狸,bilibili,693016343,13899,8988e673-d8a6-5155-b7b7-d0588eaee44d,,,
0,许十七く,bilibili,209626333,13877,3ff20560-61e6-51a2-b815-225d4f399000,,,
0,墨菲丝Moffys,bilibili,1405239035,13873,14893d49-5bac-55ef-9d90-bcb1b1b242ca,Croven教团,af7d8e20-2164-5373-a4b1-9a31c085fb7b,
0,甜豆Stella,bilibili,319395149,13871,39b1a132-854d-546b-bb00-dfe6e1ce5ccc,,,
0,怜Re1,bilibili,1399022352,13866,1c314d44-8559-5929-834e-38d79f811616,,,
0,小羊芒芒lulu,bilibili,3546633239268268,13852,2eb74a2f-fcb7-539d-a156-5a61c3395deb,,,
0,帕妃,bilibili,3546695946209651,13812,0c425647-618a-53bc-a3a0-b53cedea4516,卟啵电竞,d21eef30-ea61-5631-95ac-db4992368013,
0,蕾娜Layla,bilibili,3537123718203953,13807,12677d5d-e132-54a6-8368-6a8564e0185b,天枢project,7126d95d-9311-5691-a2de-88d978486297,
0,阿莉娜Arina,bilibili,3493129374141386,13805,fe6ae906-fd47-53c3-9d16-cc6ff0e9b393,,,
0,崭望_official,bilibili,1621882754,13804,9f0239cf-3b09-55eb-8986-9752c8e7ea09,,,
0,果籽芓,bilibili,3493138167498806,13802,4aa2f2ad-aad9-53a2-9298-fc6d2319ec9a,,,
0,樱桃_Official,bilibili,1225040494,13802,3ab74a32-b66d-535e-aec5-c79b8394cd2e,,,
0,琳子夢Kila,bilibili,3493116629748133,13800,c7b659bc-7bc1-5f49-a640-4b6aa6f9383b,,,
0,山田啊酱,bilibili,1344723,13799,01819af3-2277-52cd-ba4c-d8e812742b2e,,,weibo:2189203964
0,艾梨尔Ariel,bilibili,1594261331,13785,f6a69086-81dd-56db-8af6-015ca7a8a36e,,,
0,宋卷卷romo,bilibili,3493279081433121,13783,58cf272b-949a-5ded-a9ee-0d5e71bdf57c,,,
0,招摇夭夭,bilibili,3546585422104703,13775,ab8c7109-184a-5229-8db7-8d24bdaa0128,,,
0,早风岚岚,bilibili,3546736914074231,13762,1b6222b5-a40f-5f45-99c4-b2a0836cf633,,,
0,绵乃こなた,bilibili,1963998286,13757,8d2e61a7-d854-561f-858c-b08b2b15a48f,,,
0,心伊齐露,bilibili,486618656,13751,455284af-be28-5ea7-b899-6dffdee19746,WACTOR,682089de-7fe5-5303-8939-37eeab633407,
0,月昭tutu,bilibili,1004806358,13751,af416cb3-396c-5838-8105-b5a024150929,,,
0,绵绵不是麻瓜,bilibili,3546383636237157,13751,8eb2a8c4-b7fb-5887-8f8c-936b81855478,,,
0,顒不愚绯鸾,bilibili,3493090300004564,13740,1b8ee843-4351-51a7-9bcd-ace61dde060b,,,
0,腾心Official,bilibili,481694509,13732,7e8f5b23-3f1b-5781-b3e7-0de101cf4a4e,三垣四象project,a32f4ed5-ce5c-545f-bc6b-03fa2b3e6a9c,
0,桃唯Yui,bilibili,313064642,13730,1bca7d72-8787-5d96-8650-c42c5b8554b2,C-Live_Project,54f12813-1527-5f52-b566-3b36f51d676b,
0,琉璃羽RuriHa,bilibili,529706512,13730,4de7792b-2429-560d-b9a7-d73337fc2c52,,,
0,黄泉月輝夜,bilibili,760744,13680,adb8a4a9-1dde-5d9a-8eb6-59f7e114b881,,,
0,天守娜可Official,bilibili,1435332583,13678,66714ea6-ddff-514a-9c31-4212abbad045,,,
0,天葵Aoi,bilibili,1704076207,13678,9efc20e0-4dd1-5289-a37b-c44c4c417bad,,,
0,番薯很可爱,bilibili,622771011,13670,0dd2303a-49ae-5ffe-b8ac-86d8e8f3a12f,,,
0,诗安杉nuyoah,bilibili,478041289,13660,63023731-dc63-5fb3-85b8-1fcdd60c9da4,,,
0,飞鸟响,bilibili,16694113,13657,fb7bae7c-0443-540a-9305-121ebdb1b066,,,twitter:AsukaHibikiVTB|youtube:UCmCF-LVgKNSCe_dpzK3Fnag
0,发菜cccc,bilibili,3546973428779093,13654,abaf3f6e-25ec-5a9d-a994-b7d6f917433b,,,
0,奈祈Neki,bilibili,207429670,13648,de1dadbf-c06b-5524-a6f3-ae99493a5e3c,极光社,9548b50d-dbb9-5b8e-9a4f-a86239ac14ca,
0,花冷樱,bilibili,3546597336025483,13647,acf58e0a-dd89-524e-bc3d-519842647d50,,,
0,君知遥_Zy,bilibili,1354166971,13634,29625253-ed1f-545a-91a3-8447a39578ef,,,
0,天狼呜噜噜,bilibili,2058194452,13630,4dc8b65c-cd70-5922-91d1-69eeb4e05180,,,
0,阿克米の米酒,bilibili,3493120324930418,13628,0ce733a9-73bd-59d4-b98b-cd690d9b1e9f,,,
0,霧切澪official,bilibili,1648978526,13627,cb918f8b-f43f-55ee-ad0f-eee444e635a9,,,
0,惹Meraki,bilibili,1354120197,13617,471d5111-2e27-5c52-bff2-1dc53d09a2cd,,,
0,元诺诺,bilibili,1746676,13614,d20d2beb-2f00-5a8f-9067-35d4330b70df,,,
0,园金金,bilibili,3546609145088627,13597,a8ec31c6-01c2-5724-9f81-b18302f8861c,,,
0,给星星来一口,bilibili,3546868449544554,13596,5dda9c60-34d9-5f83-aca8-68e1d1e9c6ab,,,
0,雪莉,bilibili,4430611,13586,688e84a7-73af-51e9-856b-1dbba5220d74,超次元学院,cc64b75a-f000-5b4a-bef3-bc727dab00a2,
0,芷绘lulu,bilibili,3546779333167553,13581,7b5dd416-a8af-5158-9009-8968a67d0444,Hanabi_live,06620aad-1e28-5c4e-995d-cf7c03d43f15,
0,长乐Nagaraku,bilibili,257889654,13578,69e751a0-dd10-554e-85ed-3bb425c49a1d,,,
0,苏木头Susie,bilibili,3546394092636388,13577,04f27d08-a5e5-5059-b90d-2dfe61d0ca84,,,
0,卡莉欧佩Calliope,bilibili,3546655620073913,13555,1612eb2f-0251-5b9d-a826-af95c7772e22,,,
0,安西娅Anthea,bilibili,1342050054,13534,a0322cb4-ac3b-55bc-b5cf-d1edafb025c4,C-Live_Project,54f12813-1527-5f52-b566-3b36f51d676b,
0,星梦璃茉,bilibili,3493135147600427,13532,834c1bf7-0c66-5ecf-bc0f-d309c149189d,,,
0,缇思teath,bilibili,1680630163,13532,69089142-f2be-5c62-b78e-eaebf2eb1ffc,银河跃迁PHG(本社),81bdaeaa-2221-5ef7-a52f-aac975443377,
0,茉白茉莉_MashiroMari,bilibili,1531735495,13531,65921977-7c4f-5011-9842-e30ca4adcbd6,,,
0,蒜头阿叭,bilibili,3494367383784386,13514,885770d6-e832-5518-8730-7639f13347f3,,,
0,遇见夜未央,bilibili,405991184,13514,c25b8a2a-d2d8-5cc7-b0e9-28a065236a27,,,
0,乾杯君Sennke,bilibili,219259,13511,03a7673b-15a5-5faa-b0ab-07efbe172bdf,,,
0,白雏筱缘,bilibili,3493295510522192,13504,954581d6-d213-537d-8673-6b1c35535560,,,
0,冰奶茶Official,bilibili,505794,13496,a5be682c-7b95-57e3-866f-c452fd9a0ff7,,,
0,北小路翡翠的糖果屋,bilibili,123012539,13492,880d0572-b215-5416-9311-d7b99080e2a6,NIJISANJI,5da64d9a-b5d2-5f3e-ae3c-35ec6aa42492,
0,娜莎_Nasa,bilibili,3546381249677998,13486,ab8cbfa7-f68d-53db-b28e-ff61a149ffb1,,,
0,音觉衍静,bilibili,3546788109748374,13479,d99341af-634b-50e8-acba-7ec7626cca08,,,
0,姜南星_,bilibili,399923919,13473,1beddf35-6929-5a33-b3f2-37e05f8a535d,,,
0,绯诱并蒂ovo魊缱,bilibili,3546941017294851,13466,4e12bc2e-19cd-564c-9ce9-c8f825366bb5,,,
0,白雾祈SroKiri,bilibili,1968529818,13464,495e1502-0d97-5d3a-ba2b-189bee28d021,,,
0,墨Mo_话很少,bilibili,15109116,13452,4e96608a-7f84-5133-97fc-58ada6f53dda,,,
0,小早雪,bilibili,3493093613504814,13450,d7bfb71e-feca-5de7-b1bb-8a50419adab8,,,
0,小迪,bilibili,454571136,13447,b36eb514-06c5-5596-b694-ff8a392cb44f,,,
0,五道口龙哥,bilibili,1483031639,13442,0118de04-3cb0-5a1b-8c31-7abd77052aa0,,,
0,未羽Miyu,bilibili,690608692,13438,4d56b351-89fa-504a-9728-c32c66f06e2a,VirtuaReal,6a8d2bed-dc2e-5ce1-a3bd-e31317aa4e23,
0,oni果子,bilibili,3493263549926034,13436,4d3a61f0-832c-592a-8938-ab4108b8e012,,,
0,白给兽-电齿,bilibili,686216575,13431,7e728b30-7276-58e8-9a0e-935dd16cbb75,,,
0,Vika蔚卡,bilibili,1590177913,13424,219b4caf-3f4a-5e42-898d-b55f022476d2,虚研社,d7af6703-ed00-53bf-aa46-0d5cf679925b,
0,嘉穗Miho,bilibili,3493119318297082,13420,51b26985-1a48-54e1-89d6-62b0d19b93e1,,,
0,晚音依旧有点饿,bilibili,502940943,13420,9f10d019-75ea-5744-aa48-5a393d7e5889,,,
0,不要硕黄哦,bilibili,39828446,13419,1a83be61-a630-577f-a472-3b0fb0d374cd,,,
0,Rem露冴,bilibili,4441705,13417,d0cee4f8-3b93-5fc5-853e-9a7cc6b1c327,,,
0,傅玉,bilibili,1132321309,13417,feb6443e-fae4-5ad9-bfc5-f4594a57a49f,,,
0,哭哭不哭啦,bilibili,48525287,13415,018b5373-977c-59a7-bf42-003a2a778157,,,
0,希斯诺Stheno,bilibili,347410114,13415,3fae45aa-f7b4-5a22-b724-8f8df2820bba,,,
0,钠镓,bilibili,24114220,13414,a29976ba-c0c1-5f65-bd84-563d52ad0da5,ChaosLiveSprout,e67fb222-1c4e-5f19-84da-9e8beba2c365,
0,綾澈aya,bilibili,3546923627711041,13412,b1da4dce-6bbf-5724-b339-53426ce4de2e,,,
0,賴城来拉,bilibili,3546394153453659,13408,eaa9d499-458e-54b7-ad6f-568f874ed819,,,twitter:Lila_1201
0,Era猩纪元,bilibili,652495460,13405,09131e83-228e-5b50-afdf-2f65f9fd6964,,,
0,熊崽_BearRRR,bilibili,27554691,13396,6d9348c3-c703-5cd0-9d24-65ec94582d4f,,,
0,茵果,bilibili,3546827064346698,13396,b370582a-e89f-5d1b-a2f0-43fa1ecefb4b,Fulaco-Official,8bb1dc25-7b74-547a-8bef-634263794404,
0,雪乃铃,bilibili,3546949842110875,13393,14a1ec1f-9392-57f7-812c-0138e824b198,猫猫祟祟（北立交桥）,0224316a-592e-547c-89b6-9f4f4e425779,
0,柚诺Yono,bilibili,23360330,13391,0cb384ab-bafd-5173-b59f-d8e790e0b4fc,,,
0,艾尔Ayar,bilibili,3493133033671589,13391,e38983e8-a68a-5d01-b8e2-89969896585a,,,
0,Pinga子,bilibili,823942,13386,d4c543e3-35bd-532e-a2e5-2a040733a848,Avis,fe322361-ebad-52de-8494-089e3205892b,
0,玖久宝oi,bilibili,389315357,13386,074c0f05-5c84-5949-91c2-6b7bc4ff1674,,,
0,魔菈morua_Channel,bilibili,3493104925542888,13383,3f2d3e36-6901-572e-a585-d8fc7580ab04,,,
0,唯迟Witch,bilibili,3546649739660160,13382,5c485829-b8d7-51d0-9c6f-8042545181ba,,,
0,萌新喵,bilibili,22259121,13381,e42cf4bf-cae5-55ae-b610-d59ef1634133,,,
0,雨音月奈,bilibili,2139886807,13380,161b5ae5-a5ac-5f15-8df1-392c7f4ede4e,NHOTBOT,1689a361-899d-5037-bd95-c45c3adaae15,
0,月见_Tsukim,bilibili,2151007,13377,0306c9b9-40f9-581a-98bc-a54c9c0b905f,,,
0,桑吉,bilibili,106415,13375,f25296b0-81e5-5293-b527-fb8e6bc1086f,,,
0,沙华Candy,bilibili,40790488,13373,bfbf710c-1cbf-5d13-96c8-c6f468b054c6,,,
0,赤月ゆに,bilibili,402724422,13353,53fbd967-8af6-5016-bc53-09c96bf05bbb,Unicreate,4bb946b7-6b9d-5b28-8975-f23291cba191,fantia:6380|twitter:AkatsukiUNI|youtube:UCsA8nM8e5--IdeRaxZwTWHg|booth:akatsukiuni|pixiv:31380019
0,水无濑波流,bilibili,3493269625375136,13351,d5419754-1550-5dec-85a0-a7aa23c2d7e6,,,
0,恩特仔仔Ente,bilibili,3493092669786459,13333,3819e115-ae83-5f34-b990-635781ecec0e,,,
0,雪铃,bilibili,1619878166,13333,4833b7b0-1690-55a6-8b2e-e422339c4f82,,,
0,北东西南south,bilibili,2079522008,13328,42129118-c63b-56e3-a20e-26dcd1c275ef,,,
0,CPU番长,bilibili,10052432,13323,2b03b939-3f38-512c-8c0f-29ebcd8c21f4,,,
0,艾莉・柯妮法,bilibili,457885809,13323,4e9b0790-4b3b-57d1-aa7a-e62de56946e0,NIJISANJI,5da64d9a-b5d2-5f3e-ae3c-35ec6aa42492,youtube:UCpNH2Zk2gw3JBjWAKSyZcQQ|twitter:Eli_Conifer
0,JunaYuriko,bilibili,1413880763,13314,e29dc791-b587-5645-b469-4d994029fdf5,极光社,9548b50d-dbb9-5b8e-9a4f-a86239ac14ca,
0,芷小菡,bilibili,12344466,13305,ca24948c-a418-50e0-9413-cdda536e3141,,,
0,云团full,bilibili,392162998,13300,33adcf9e-67d5-5412-bdf9-5bd9913af55b,,,
0,空也_Official,bilibili,2005590425,13300,a34dd60e-5fd6-5bf4-b2e0-428be16a4670,,,
0,嫄沐奈美-御歌,bilibili,3546883867806043,13294,4dfa4c2b-2861-5d1f-8a93-cbff5297b492,,,
0,馄饨饨wonton,bilibili,384511937,13290,d439b5b0-276e-5679-8662-fb33782466fd,,,
0,邪恶的呆毛,bilibili,8099542,13287,97afa6e0-c85c-5177-9434-f44d77aa9c2e,,,
0,奶枣儿Tsuki,bilibili,3493286910101664,13280,ddc6faf0-699a-5906-8458-17d57ca6929e,,,
0,白小溪唱了么,bilibili,3494360677091641,13278,9c98ff9b-786f-51f3-b73e-7aa55999cd12,,,
0,暖树树呀,bilibili,2011749793,13276,f73529a4-bbfd-5212-a6f8-74b1cb41a4b6,,,
0,小八_Eight,bilibili,424005,13275,ce02675b-8c03-572d-b521-abedf4501e7e,,,
0,无敌小沫,bilibili,1874807146,13270,68f9313a-5a1e-54c7-83a0-d16c84c44908,,,
0,可烙_official,bilibili,3493076477676002,13259,27c91800-612d-51b7-b0fa-51923da74ae5,,,
0,云云--official,bilibili,3546393538988304,13247,6a0ec37a-7633-54dd-899b-5bf8202d9bdf,,,
0,薇拉,bilibili,1279798292,13228,6554fa5e-452b-5bfd-b842-7ea6d3ca05a8,,,
0,辛梅尔,bilibili,1721774,13220,af9009a5-55d5-57d9-a687-a94dc5aa9822,,,
0,银诺-lino,bilibili,3546566562416770,13213,20f6ce46-561e-5b06-ab49-f2bae7b540fe,,,
0,勇敢兔纸,bilibili,3537122671725406,13209,a83a2209-5f48-5a6f-8c75-496b33bb06a2,,,
0,潇琪Talina,bilibili,334511272,13204,7c3d5f40-3a99-5425-b754-76d2545348a3,,,
0,奥克塔维奥_EN,bilibili,3546908001831485,13194,39dab186-0312-5d81-b19a-af89e12e9abf,HOLOSTARS_EN,bc439477-942b-5df6-91b4-19c7c3dae6bd,
0,肉桂小狗,bilibili,1163871,13194,ce609f5d-771b-5b35-b3b3-84e7e7ee05af,,,
0,是塔米米啦Tammy,bilibili,3546392312154459,13183,dc6cde56-b41b-573d-a449-f83479979e3b,,,
0,星临莺月,bilibili,394110385,13179,71b8a737-c2bc-5771-9f53-39003e60501c,,,
0,芸筌Moira,bilibili,1135349021,13179,12f6a611-e89c-5818-8079-46dea1124a82,,,
0,花雾nyako,bilibili,3537119639243423,13173,26b334e3-2804-5262-8939-99e021851957,天枢project,7126d95d-9311-5691-a2de-88d978486297,
0,饼月HimariOfficial,bilibili,526895813,13157,12a5c996-4a14-5600-88f4-88a5b98684ba,Unicreate,4bb946b7-6b9d-5b28-8975-f23291cba191,
0,風和凛_Fuwari,bilibili,686979207,13156,b2d7e611-c40e-5cee-8582-11481121471c,,,
0,竹取玉白Official,bilibili,23230219,13148,c8091dea-f1c3-58d3-9852-390a63ee5812,,,
0,镜恩,bilibili,3493139371264659,13143,0956c95d-f32a-5b28-bdce-0b9ba90688f0,,,
0,浅羽千鳴_ASaBa,bilibili,3493146029721905,13139,aa553b8f-a84e-5e92-b448-3ac53b0cf9c9,,,
0,塔塔Clione,bilibili,3546755926853875,13133,bee60e89-0bab-5331-b4b0-d5123500cef8,,,
0,奈夜,bilibili,2011200445,13131,5350df04-7af9-51dc-bed9-68c67dc3afb4,,,
0,夜Lilith_Dom,bilibili,3546559585192517,13128,8ba2729a-a692-518e-81d3-b6c40fc0d1a1,,,
0,熊璜,bilibili,761607,13117,0f67d03f-fe00-5638-be8d-c6554cb1d424,,,
0,拉姆尼丝Lamnis,bilibili,1587660509,13115,3b3a994d-1baa-54a0-a250-aa3418d4cc18,,,
0,天然Tiran,bilibili,3493292685658552,13114,8b9a6694-6420-55d3-8074-fc2fb43e30eb,,,
0,水科葵,bilibili,355810003,13103,0de0a9ef-d147-573d-a6d9-7b3da72a108d,GEMS_COMPANY官方,62f90b65-e8cd-54b1-bae2-ed0fc47d063c,youtube:UCVFpIqGoTmFaoMmyFPRYrKA|twitter:Mizushina_Aoi|userlocal:37DB7422782523AA_d4e2d5
0,-招-,bilibili,20163928,13102,41a0b4a6-ead3-5d0d-8e2f-83134c13f91a,,,
0,夏音梨梨,bilibili,7340453,13100,abcecee9-5b15-569f-933a-5b3d2f1afda1,,,
0,林久久shion,bilibili,3493128562543246,13073,14e103b6-e45f-5d3a-9fe3-9c2b8840dbd5,,,
0,Eve SCP,bilibili,394851149,13072,a7b099af-078e-5daf-bc51-ed14544352f4,upd8,62b750ab-e71a-59cc-b6fe-71a2debb5598,youtube:UChGY3OpdU6wzFzygJ_Rjvlw|twitter:Eve_scp|userlocal:FDE5E0011D5C0CA7_d55e40
0,清蒸摸鱼鱼,bilibili,3546385836149553,13064,fbb59f37-7116-53a2-8aa5-ff9c4b76efee,,,
0,六未RokuMi,bilibili,3494379851352084,13061,d57f2ebe-77d4-5aa4-b4d8-98c1cdd83bfa,,,
0,守一Showee,bilibili,3493110847900630,13059,9b6b00a5-f1d4-5248-9781-a425518bcca4,,,
0,静夜夜,bilibili,20600085,13055,1860d9d2-9b00-5e41-b5bf-80bc0c7de403,,,
0,猫羽柔爱,bilibili,3493078558050567,13033,8caf31d6-267b-5aca-ae65-15de5b3c9984,,,twitter:nekoha_nyua|youtube:UCp7ND0opVoVCMQDMQ9apRhw
0,哆啦不炸毛,bilibili,3546642730977575,13026,002fe96f-90e9-514d-8927-b859f885af16,,,
0,田豆豆_OvO,bilibili,316976273,13021,ef40b67b-1e36-5968-91c3-acbd71e0f5a3,,,
0,莓珂DollsMaker,bilibili,3494375956940827,13021,6b6702a5-4656-5c27-b617-513b931666db,,,
0,铃音舞梦_official,bilibili,1238492302,13021,827065c7-eae6-5c36-aa04-ca15d5c10de1,,,twitter:bc_hakumai|youtube:UCg3tKEUFef2R-wQ-hRahkiQ
0,兜里木有糖Candy,bilibili,3546681735907777,13016,f149dfe5-f475-5a69-b893-4a91df9b47c3,,,
0,蚀尾_Kelili,bilibili,3494363294337077,13007,63582073-d004-59eb-b7af-13240b53f193,,,
0,洛时予,bilibili,3494357411826585,13004,a9e7c164-398f-568c-ba6b-4b53f4adf854,,,
0,梦月真白Official,bilibili,1766612829,13003,520643af-22b0-5bc7-b5cd-28f9ee534730,,,
0,优爱yua,bilibili,3691005647784302,12993,4285618b-9403-50ac-b933-6630d4346274,,,
0,高迩Official,bilibili,652096034,12992,4c9c4531-2407-523b-b03f-bfcd7a331216,MZ次元,8d3239cd-4811-570e-a968-7c582e46ead0,
0,荧月Moone,bilibili,3493117894330375,12987,e46f9a4d-9efa-504e-9107-bc9397d9a49a,,,
0,东鸟apple,bilibili,11779171,12982,b46a45a2-8de8-529d-ba77-5d7af65bfa92,,,
0,索珐sapphire,bilibili,3546715672021849,12980,38b33591-d2a4-5c7f-b962-f5a3a80af57b,八木百货,f65ba9d4-5a1e-5cc1-af48-276466f4c978,
0,おうぼしたー,bilibili,406255736,12973,aaf78c9b-712e-569e-a8af-d30044bf7db4,,,
0,灯瑠hiru,bilibili,1848290057,12969,293cdc07-8538-52b0-81bd-0c8115bb657f,Providence,412f3e13-0742-53c3-80e4-a0ea111657d9,
0,美南蝶蝶Official,bilibili,1928416347,12969,c1041a38-e2da-52f0-9676-cd13b53a3de9,,,twitter:minami_tette
0,今天懒懒吃什么,bilibili,3546678267218078,12966,84216b00-4f2d-59d8-92d0-1df7414995ad,,,
0,白梨Rii,bilibili,1220265605,12958,e041942f-a0db-5b89-970d-5327d3644d48,LBG,db0ee4df-8826-507c-8cd4-dbe478f0c0a8,
0,狸玥Liyue,bilibili,3493296104016274,12934,47fbd02a-ce05-5c97-a07b-1929aca585ab,,,
0,栄野ゆめ曖,bilibili,49474,12928,aff6f576-d8c4-528d-8751-fc272ef34b78,,,
0,Nori酸布林,bilibili,3494369736788296,12922,eb404590-3903-5964-a9c6-6febdac6a093,,,
0,釉藥_yuuyaku,bilibili,1312860800,12909,85427e95-371d-511d-997e-fdd001484e1b,,,
0,日光Taberu,bilibili,3546648428939813,12903,ec3fa9a6-9798-59e8-971f-f9c51e5d9f30,三光五色（北立交桥）,70f1bfa7-4270-5eac-89ef-a52c777a6ff7,
0,怡崽是奶凶暴龙,bilibili,3546779039566491,12892,b1a29cfe-cf46-5c36-a473-7a7757ff3676,,,
0,牛批熊,bilibili,4406831,12872,b8b67a90-9c0f-5ed4-9ad9-43680565f752,,,
0,喵柠Meolen,bilibili,582903392,12867,083b82c6-0681-57ed-9d16-e365f9594dbe,猫猫祟祟（北立交桥）,0224316a-592e-547c-89b6-9f4f4e425779,
0,香菜疯疯,bilibili,3493132758944202,12867,dc517f69-2acc-5b22-973c-af49c785b854,,,
0,怦怦梨,bilibili,702411002,12866,7d35a371-8ffc-5c9d-b0b9-f6f1bbd78889,,,
0,梅尔Mael,bilibili,3546558857480259,12866,0e27a392-2516-5801-a6bc-d1c42e385cca,,,
0,佐藤白,bilibili,2114332408,12863,71ac085e-69c2-52b0-a7ff-2914e23b2f00,,,
0,铃当Reito,bilibili,2305653,12863,8cc68ea7-9c57-5343-9eec-21fa01177c40,,,
0,阮卿言,bilibili,85391585,12862,2c647dac-917b-58b9-80e6-88cf74415437,,,
0,一朵小沫沫,bilibili,27897339,12850,c1decaab-4710-5cee-bc5a-206eb2a655c7,,,
0,Color_黄色,bilibili,12697413,12839,16240453-1258-5ee0-b159-8a1936e6489d,,,
0,脆皮之zhi,bilibili,3546963752519731,12829,063c48b2-7f28-5215-9c4c-8b6bd2aae635,,,
0,奶甜柚子丫,bilibili,3493285706336617,12819,e76625d2-760b-5a81-b928-46ccf4498a81,,,
0,呆呆小郁,bilibili,3546758953044542,12800,0e1dc83d-7b25-5051-9c8a-e22cbfd43bce,,,
0,雨宫心爱Amamiya,bilibili,3546861396822421,12797,37aea4fb-9d12-5351-95a0-3d9859bc2c23,,,
0,Luna,bilibili,504473,12796,e37bc876-1bd9-5317-b7ca-fe24d795c71a,,,
0,雪尾喵Yumi,bilibili,3546767981283899,12789,e9056a6b-6d34-5da3-878f-c6c7856597cb,,,
0,林千柳76,bilibili,1492424796,12786,6690efbb-5d6a-56ac-9e50-c87d81dc27e6,,,
0,小惹o,bilibili,3493260035098913,12777,94a364c5-9f68-50b7-b8ab-321b9af11c64,,,
0,离乾-nazoka,bilibili,20837909,12774,049f4584-5ff7-58c5-8865-8a13bd5055f9,,,
0,丨梅洛Mello丨,bilibili,3015678,12773,4ecfa8cb-ef54-5bf7-ab36-04db5c72eeb5,,,
0,牧池_Hobbs,bilibili,3493118852729728,12771,85a047e9-0402-50b9-a4a1-847c67ae819e,,,
0,伊芙薇娅Yvvia,bilibili,100660962,12762,4ac05633-5e8b-53c6-ac4c-179f3834da69,,,
0,小桃狐Tsuki,bilibili,3537109073791588,12753,81fe3a94-2419-59c5-b51c-f1b0b27235f6,,,
0,岚织Vega,bilibili,1674281293,12738,de9b9e30-9b8c-5383-9577-d52161c2bdb6,,,
0,柚叽Uchi,bilibili,1658229747,12738,cd5e2d7f-7db3-5477-a4b6-f8a2aecd0010,,,
0,卿玲Lynn,bilibili,3546885581179175,12736,0d034232-4fce-5f41-b9ac-d4a394d75694,,,
0,庄纵贤,bilibili,3494376216988486,12734,0437d306-9448-50fd-b601-d7711bdb1ee9,,,
0,江阿鲤,bilibili,457686985,12732,aa09f006-d3cb-5556-931a-5336030e5879,,,
0,伊芙-洁珞瑟Official,bilibili,2308730,12726,d2ac6d58-6bfc-5cf1-b3a3-52e238e74549,,,
0,花奈HANA_off,bilibili,1060840106,12707,3166eeb1-f8e4-5670-ba9a-41d6e960ded9,,,
0,霍鹭鹭,bilibili,559863,12706,635ba462-16a7-59ef-8359-ade8b71a6c2d,,,
0,溺海動物,bilibili,2972199,12705,80ca3bea-e010-54fa-be64-81c6cf6afd12,,,163music:302004309
0,洛浦Loup,bilibili,3493266406246826,12703,109db627-d672-5d34-972e-1fc1bb72148a,,,
0,小木木呀-,bilibili,356395260,12689,d9694352-6f6a-5fda-92fc-8999c949ddbc,,,
0,春鬼桃酒,bilibili,121107598,12679,3f109d88-6de3-518b-9728-0ea9af9ab5d9,,,
0,忆之希喵Nozomi,bilibili,8185453,12672,710fd209-8d9e-518a-8d04-678d68da5316,,,
0,祈佑_Kiyou,bilibili,387845133,12672,e393ee47-b59d-56ad-9d70-1128513bce69,,,
0,城间叶,bilibili,1436893874,12670,7ee8cd77-9795-5e58-91bf-403ddc5abd12,ChaosLiveSprout,e67fb222-1c4e-5f19-84da-9e8beba2c365,
0,库洛Official,bilibili,1754655094,12670,c210b9b3-e9bc-57fb-a0ba-d0758616d5b5,MZ次元,8d3239cd-4811-570e-a968-7c582e46ead0,
0,熊之霓,bilibili,2075179777,12658,1b99ce55-c32b-5ab4-ae8b-7aabad06e798,,,
0,阿呜wua,bilibili,3546691705768037,12653,fe98605d-92a3-5ce5-9d62-5605430f5052,,,
0,栗娜Lena,bilibili,1569790062,12647,c23c194a-0356-549c-9092-45237719f3c7,,,
0,是空集耶awa,bilibili,353140642,12631,e7b58167-7b3e-5176-b91b-46f54b45d68e,,,
0,小若是兔宝呐ovo,bilibili,65122164,12621,0ed5f0a4-5e8f-583e-bcbc-5a58e8f523d5,,,
0,凛一leyi,bilibili,3493137158768948,12612,f4d6ded1-d6ae-5a47-811e-7da78d3431b7,,,
0,夏小钥Locky,bilibili,3546873876973674,12595,40ea8a55-8bce-5541-ac6c-306649c5f582,,,
0,炸了腌葱,bilibili,3493132844927799,12587,ccb69f09-cb8e-5fd1-a3fa-35175e512ced,,,
0,夜澄シロShiro,bilibili,342642068,12585,dc281bc1-7a74-50c5-a42e-937c6f8041a8,,,
0,咲咲SaE,bilibili,23358804,12574,2d5a652e-a1f9-5ec4-9243-b32a6e45cdaa,,,
0,滑稽的啦啦君,bilibili,24246384,12572,5951bf24-e1ff-5632-b559-f774b0140bda,,,
0,波狸妙ReMiou,bilibili,3494352739371674,12571,7bebe5d6-be7c-5474-9154-6fe5ae604e61,,,
0,绾柔学姐,bilibili,3493145444617024,12564,d52ee069-0a7a-5779-8270-89b6437a3d65,,,
0,青磷,bilibili,330636959,12563,ec40b7ce-3125-5cb1-bda7-9cd2b5a6afa2,,,
0,熊姜姜Panda,bilibili,3546699526048488,12561,e7ca0ded-ca9d-5d74-9b93-60deae188529,,,
0,晓月朔夜,bilibili,229697,12557,4fe8e78a-ff5d-5fc3-a4cc-6025dd0a77b1,,,twitter:AkatsukiSakuya_|youtube:UCB4MY3GlelSO65Xc1HQmb0w|peing:akatsukisakuya
0,霏豆儿Fiona,bilibili,1612858588,12551,a76ed809-7d2b-5bd2-bc83-9f7aefc2b9ce,,,
0,梨月啾啾yami,bilibili,1608277291,12535,a7b83230-5eeb-5108-a02f-56fd37c91486,,,
0,小壳不打嗝,bilibili,3493270950775388,12526,64a622ba-7a2b-5b37-885c-a1fc0a13a250,,,
0,ちくわ,bilibili,397723865,12524,e057b643-7369-5fe4-abd6-89ba00704d14,,,youtube:UC_AuJsYVZTfYO2LF1PDTuTA|twitter:nyanko_chikuwa|userlocal:FCB4F979E00D4C73_9c69ec
0,桃瑞丝喵,bilibili,3546683264731239,12519,07cea56f-99d3-57cc-ad21-dccc871ad3cd,,,
0,糕崽,bilibili,267014706,12519,ca889546-ad3d-5c89-9aeb-30bfb64653a6,,,
0,我系渣渣呆,bilibili,418552243,12512,6b2d4ba9-28ca-5cb0-b97a-4f01a69ffaf3,,,
0,双葉なお_FutabaNao,bilibili,651707006,12509,8417b2bf-de96-57ea-b1c8-7f90e65c61b5,,,
0,追星辰,bilibili,1771115297,12500,cfa5e61c-00f0-50bf-8a49-ad2a8ebdacf0,,,
0,一洛,bilibili,1049232979,12486,9f5c173b-e36d-5ed2-b996-4e09ca065a2b,,,
0,漩涡土豆,bilibili,3493094855019442,12486,967e436e-c8b9-532b-950c-b345a8d04cb5,,,
0,纯色凛,bilibili,31790242,12486,4a379f58-eea1-5ad1-a464-81a4fa256b96,,,
0,梨Arlize,bilibili,589679268,12480,52dd4dad-0686-53fb-81b2-b8f18f669f7f,,,
0,姜姜QAQ,bilibili,10048536,12477,89ffbaf6-ada5-5c88-ac6b-1bc69bc6ee0b,,,
0,卷fafa,bilibili,3493257772272614,12476,84806420-96d9-5658-9382-635a1746651b,,,
0,小小萱Vivi,bilibili,11238711,12466,2364b269-be5b-5843-846a-b8ca5c84327e,,,
0,浅羽澪音,bilibili,3546859933010750,12463,149b0649-994c-54c6-9358-6839cc9f2bd8,GravityS Project,3dfee54e-d852-5781-b361-5b71c3d16b84,
0,夏织纱yarn,bilibili,3494369904560916,12461,16525268-8191-5715-ae5c-5e723dd724b2,,,
0,漆羽Urushiha,bilibili,2057377595,12458,5f739c8b-8e10-5831-8e52-4d3c64849752,VirtuaReal,6a8d2bed-dc2e-5ce1-a3bd-e31317aa4e23,
0,咪来Mila,bilibili,1948621460,12457,c5334ea2-7dac-5c6a-8a14-2d5643de2951,,,
0,维斯提亚・泽塔,bilibili,1681450316,12457,23744d21-f30b-558b-b4fe-d1f3731c2396,Hololive ID (印尼分部),0c089df5-5af9-50fd-94ea-b469b6847d0f,
0,希玖Sigil,bilibili,7128701,12444,1f02de3a-af93-525b-8ca8-c33f4ab764fe,,,
0,顺顺Shuns,bilibili,525815392,12437,f821059e-d219-52e1-a380-75d721151f57,,,
0,涼宮凛,bilibili,6292535,12430,ca6067ff-4a8a-574d-a80b-c4aeacb29558,P-SP,f076e35d-500d-57ba-9149-6caed8275768,
0,艾米亚official,bilibili,3286495,12428,07619687-a293-5b7f-a7c8-937f79f92148,,,
0,花辞不了,bilibili,286641964,12423,84d3924b-45f0-5072-bd30-708a73b04cf2,,,
0,莉香_Rika,bilibili,19076344,12400,89e353dd-c535-5240-b524-28a59281a981,,,
0,comdost,bilibili,416804826,12399,ef924a25-08ab-521c-869e-b06c2ce6ad5e,,,
0,小了个栀o,bilibili,529138708,12389,df91c867-f7cd-5bf6-9391-c9c8f738c208,,,
0,清兔Cyan2,bilibili,2082796170,12385,ff596196-fed4-5d43-a9ad-630e18f03ddc,,,
0,流筝Mio,bilibili,3494351432845431,12375,04b7a911-299f-5962-b29c-a1f20ce53ef8,,,
0,晴晴子Hare,bilibili,1402290747,12371,876cc823-c875-5b19-84f1-7d310f3576e8,,,
0,交交Nicole,bilibili,3546596637674136,12364,1da93824-14ea-5cca-952d-da46c23f5f63,,,
0,御先蔵馬,bilibili,1944648347,12364,8a2195ec-497e-525e-b626-efd1ab3b2364,,,twitter:kuramaosk|youtube:UCS8w-7krErjLdDXY93yAeLA
0,零月月酱,bilibili,33031951,12362,b910e5b7-1ae1-5720-8296-9cfbb2bcab7c,鸽鹉live,ac61354d-1b1c-5be1-80e1-b996ea336754,
0,理理川Ririka,bilibili,36882871,12357,e3afba8a-cc2b-51d4-a420-7b8972995694,,,
0,憩居桃爱,bilibili,1212701254,12348,3795abe6-008c-5de5-bb28-ffd8b0d4c231,propro production,6bb97c04-f7a2-5d92-8ec3-bb97262dbe47,youtube:UCPcsJUA8PhOy3c4y1Q1eu3g|twitter:ikoimomoa
0,庞小莹,bilibili,406474271,12346,c0eff4bb-5f6b-50aa-a125-cd13d438383f,MZ次元,8d3239cd-4811-570e-a968-7c582e46ead0,
0,艾喵酱哒哟,bilibili,41389105,12344,adcc1fa4-65d0-59c7-9b1c-980ce12f7f26,,,
0,何衔恨,bilibili,3493287149177324,12343,3c2d1dd7-6811-5998-ad28-593c1e0713c0,问尘仙会,5f2eac9f-dc17-577f-a22a-19003e81fcdf,
0,白果Shiroka,bilibili,3461570877197190,12342,3660ed20-3afd-5663-b104-5658fedc2f34,,,
0,眠棉棉_official,bilibili,1715364989,12338,faaa903b-374c-5841-978e-e5a2ffb11792,,,
0,清禾Yoyo,bilibili,3546597946296478,12330,88e1b805-041c-5eca-a313-f6f6ed7dc242,,,
0,桃莉休oona,bilibili,3493270187412277,12320,da3310f2-6e93-5325-a47b-929bfde493a1,,,
0,hololive DEV_IS ReGLOSS,bilibili,3546971201604245,12314,e676afdc-edb5-5ab3-955e-09d9dbc6ee56,Hololive,40e82f4e-40d8-539c-87c8-ed17c6ea519f,youtubeat:hololiveDEV_IS|userlocal:CA27CED6E852C57E_e73ce9
0,鹿吖-004,bilibili,442402151,12300,a2629787-452f-544c-953a-27d8bdbf7a84,,,
0,绯绯Kitsune,bilibili,3493143366338789,12296,2d49b776-3d74-5aaa-b1d9-5710c2cb7085,,,
0,雪缇Tina,bilibili,3546873688230117,12295,aef9cd38-298c-5672-b166-61f1249f0fe2,,,
0,星宮宇宙,bilibili,3493120719194807,12287,2de58a91-2a12-5a56-939b-24d1838867fb,,,
0,乌云_Neko,bilibili,32193906,12284,da9ca5e3-4c6d-54fe-bb8a-3d020d7fcf20,,,
0,有栖川z子,bilibili,1517862,12284,37b88861-4391-5ab1-9a3c-0a78fc6618f6,,,pomeet:ZVZWOp4K
0,陶瓷_洛瓷维苏,bilibili,642368,12277,b8f4553c-5908-59fc-acd4-3e41ba560999,,,
0,芙拉_Fula,bilibili,1315870194,12272,d1107013-5b30-5414-8903-834f5c32ff80,,,
0,津妹玄一,bilibili,3494369854229478,12267,197d46e7-baa3-5cc3-9243-697020b07319,,,
0,秋雪琥珀,bilibili,98000698,12255,454d59a4-986d-560c-b117-609e010d1bc7,,,youtube:UCQLyq7TDKHlmp2Ufd5Z2qMw|twitter:Syusetu_kohaku
0,墨竺chiku,bilibili,599396356,12248,56ed79e2-4dee-5c3a-9b60-ce8d6fea9fdb,,,
0,CV团咩咩,bilibili,281791620,12243,e46b9a98-9c92-5582-a6d2-7cfdde04d35a,,,
0,取栀有道Official,bilibili,471968583,12243,fcdddd36-2f25-5934-9114-ebc4b635cae2,,,
0,牧之Nelson,bilibili,3493139312544693,12243,7395acc9-131b-5b57-a678-d73693428352,,,
0,言甸,bilibili,4984242,12239,a58b801b-9b87-5d59-b067-50de05eb5b4e,妖精管理局（北立交桥）,c8d7d021-ce8c-56f6-90a2-ab8758b3ac8a,
0,上玉Xylvia,bilibili,13644360,12237,ac6f0d75-e367-5945-952e-ef482d1bb45c,,,
0,泡泡糖做酱,bilibili,17898455,12234,6797dc4a-1295-5e2f-abc7-7f515559982c,,,
0,温温狐_gentle,bilibili,3493270269201036,12230,5c1ef89d-5175-57c6-899b-5184aaac88b0,,,
0,奶糖さの_sano,bilibili,1936086341,12229,0684695c-d870-54b8-b820-e6e659779b1b,,,
0,音二二,bilibili,3546753720650054,12225,c547fd87-3b18-5b88-a5b0-442783748687,,,
0,妤鱼yuyu,bilibili,3546692473326378,12219,8dbd438f-be72-55dd-9c79-1023caff67c5,,,
0,卡塔琳娜-迈耶,bilibili,4932862,12215,b5d09470-6a0a-589d-a105-17eb7c11ccd3,,,
0,克莱音KK,bilibili,1742624476,12208,320a31fc-e9eb-5bf0-a2fa-3dcde4723312,,,
0,丸小欣xin,bilibili,3461572078865055,12205,f4d794ca-ef2e-53bf-a804-29aab3842378,,,
0,格蕾西雅_Gracia,bilibili,1829051701,12204,099af6e8-14dd-5108-8c3b-732efaf5dbb8,,,
0,樱庭园子,bilibili,1328581235,12200,a3b5227f-72ee-54fb-b4c0-463627e3fc40,,,
0,尤弥尔帕_Channel,bilibili,1442355434,12191,4f417ed0-2df2-522c-b101-a1f93dcdd6bc,,,
0,木木子和林子,bilibili,3493288436828236,12191,7d939aee-0d32-50c1-85de-8bf37a99aa70,,,
0,陌千零Molex,bilibili,1359460505,12186,f8bbcb29-fca3-5c4c-bb3d-ee6697325884,,,
0,小桃芙,bilibili,3494357365688912,12185,69006f66-2a16-5729-be77-4176b5b20bbc,,,
0,涅梨Nier,bilibili,1269309692,12184,585684a9-e6af-512f-9f3e-c6c30ee984ab,,,
0,夜若弥音Mion,bilibili,634883736,12181,90abdbc0-2f73-5d6f-97eb-9c50b5fbd802,,,
0,無月SAKI,bilibili,5713480,12176,a7cc28f3-8a8a-5ac9-a700-9ecfacfb3fe8,,,
0,宅不眠_zzz,bilibili,1696738423,12168,39b79cd2-fe9c-5824-bf68-aff690857662,边迹社,2bbb487f-2542-5499-ac57-ebd6fedf1f94,
0,風見三月,bilibili,1635441928,12159,2ab7a8f9-8e81-5f52-912a-85962af9c83f,极光社,9548b50d-dbb9-5b8e-9a4f-a86239ac14ca,
0,绮安那Anna,bilibili,1297416594,12156,bf953c75-ed0b-5e46-ad52-5ce9869047b4,,,
0,主力犬Juriken,bilibili,1448763009,12152,7607f936-4b6b-577a-8b47-3d24e44813dd,,,
0,托莉_Tori,bilibili,3546951492569934,12148,f29e4560-a9f7-51b9-971f-2f13aade10c3,,,
0,檀玖tan,bilibili,1585264891,12145,dd3509a2-836f-5e4a-881d-135d4f7829a8,,,
0,褰裳ys,bilibili,7355824,12142,f1c27b64-e39a-5ac1-9b1d-e429e8e63411,,,
0,铃伊_Rei,bilibili,1263271233,12138,2ba43540-71b2-5ca8-858f-b0c83d9c9867,,,pomeet:Rei1011
0,弥瑟里seri,bilibili,3493087900862920,12133,d2fe9ce1-0924-54f8-9ef9-ff9435e731b3,,,
0,拉丸Lavia,bilibili,28363091,12131,28b6d230-100a-5b69-9f5c-e9be6e3d866f,V_G研究所,30f0a6c7-e49d-56b9-8dd9-60bf6539212b,
0,月城千夜_Official,bilibili,1651694880,12129,7a918115-1eb9-5c39-a997-b929c3233002,,,
0,铃圆Roki,bilibili,2129498611,12125,d017c9c9-ec1e-53fd-9479-6bbf312d6ea8,EVL-研究所,67964ebf-d460-5c8b-96c4-d5ae68a17f2a,
0,乐怡lili,bilibili,3546696921385143,12116,bbebf5f9-29ca-52ef-a9d7-bcd8a574dd0c,,,
0,满满元,bilibili,57689253,12113,77b69822-9b09-5a36-b865-0b3bbdb6846c,,,
0,佐保姬夕映,bilibili,1923344666,12106,69d79a89-7d4a-5fc9-b0b8-3f719a9469c9,WACTOR,682089de-7fe5-5303-8939-37eeab633407,youtube:UCIm8pnnTNhCgGAtNxrQQv-g|twitter:SaohimeYue
0,娜纱Nasa,bilibili,630559288,12100,f1881775-210b-5f83-8568-f3e79f461b33,云光计划,f96c12b2-b935-5c29-9a31-46c97eca9c4c,
0,影奈音绪,bilibili,7064077,12098,a2f24716-ad08-5ecb-8de8-35a6c33564dd,Vi-D,faf257d3-81df-564d-b5ae-2d9fd694675c,
0,律花_Ritsuka,bilibili,1849519124,12098,85101ed7-3034-5bd7-879e-13a25f12224c,—MSD一,4119dbf4-9390-5a1e-8b90-6734005c8b85,
0,相沢加奈,bilibili,823798,12087,8b0d5069-f1bc-5316-aee4-0210f72ca768,,,
0,阿嬉不甜了,bilibili,51299730,12063,5167ce56-dfc8-5482-9dd4-f8ee5265e1f0,,,
0,澜铭surge,bilibili,378972233,12059,26de8ff8-8312-590e-ac59-9d16b5f9feab,,,
0,五条软yuki,bilibili,2093872604,12055,e84a83bb-05f5-54e2-92eb-3a8ba60f870f,,,
0,桃之夭Tyao,bilibili,1479113699,12052,73da4a65-77ee-5265-94bb-84010f2fd1f4,,,
0,是阳桃ya,bilibili,3546888808696651,12045,4285b291-a8c9-5186-9b87-d7b01fe92561,,,
0,佩希蒙Channel,bilibili,1177051282,12043,70164cd5-5388-5614-ab61-b413717d41ec,TheVirkyrie,d4d3135b-dd1c-57e2-9122-a249c97d40e7,
0,曲曲-QUQU,bilibili,2007327534,12040,a43d0317-9961-5892-9c93-14f2d9fffaf6,,,
0,佚名Ano_Channel,bilibili,33697714,12026,06d205c5-7a02-5ee8-a935-639dfcfb0bfd,远星社FarStar,d6c029ef-8b44-5e59-9e0b-79d4c9884333,
0,阿莉娅Aliya_,bilibili,700818858,12024,3f1e0e6f-8306-582a-970b-bdc5cf5a261b,,,
0,克克_Keke,bilibili,690608711,12021,0b9c009b-2b44-5919-96ef-ce3ced865ab8,VirtuaReal,6a8d2bed-dc2e-5ce1-a3bd-e31317aa4e23,
0,紫槻星砂,bilibili,2005402750,12019,c4302307-5d56-5c69-bec3-3b3e48080cb0,propro production,6bb97c04-f7a2-5d92-8ec3-bb97262dbe47,youtube:UCW5YPK9Cwrlu3wVOX8NWDEg|twitter:ShidukiSena
0,伊莱莎Ireza,bilibili,3546735148272506,12005,33a1b34d-43ae-53fb-8d4e-0724fafbbd95,GravityS Project,3dfee54e-d852-5781-b361-5b71c3d16b84,
0,研殁_Emo,bilibili,384037194,12003,6ef0fb85-cbcf-5a85-b971-5c4d873ab402,,,
0,鹿小清,bilibili,3493116151598026,12001,b48225f0-fc7b-5b7b-8dd5-7f2b48609a73,,,
0,汐詺-sekina,bilibili,296563836,11993,f22797d1-8d07-50d6-839c-e121b4315251,,,
0,执着于舔狗的猫,bilibili,320809102,11980,2a348795-785e-5617-9a1c-94c34e9aa243,,,
0,浅星喵,bilibili,8455576,11979,bbed725b-21d9-5c76-b05e-171e23319b62,,,
0,姜圆圆今天休息了吗,bilibili,13822687,11975,8885ee0a-cc5e-5c9a-a906-b875f702055d,,,
0,暴走团妹,bilibili,3493287916734567,11975,77cf2a5c-a348-563f-9e4a-60e92fc3e0ba,,,
0,早道Soya,bilibili,3493090809613248,11971,7ef77372-df53-53c7-a616-0dffa5d872e5,,,
0,缇米Official,bilibili,538901974,11970,bdff24e5-d1df-536c-a45a-6fd010cac04f,云光计划,f96c12b2-b935-5c29-9a31-46c97eca9c4c,
0,大大的可比Kerby,bilibili,3546607964392305,11966,9e5a9eff-3172-519c-81aa-98f19a3b1a0e,NOA Talent,20a14bd8-50b1-5613-96c9-191eef51b689,twitch:cerberuskerby|youtubeat:cerberuskerby|tiktok:cerberuskerby|twitter:cerberuskerby
0,鬼月,bilibili,204838732,11957,c311ecb2-3449-5c4e-9b3a-4000be27d15d,,,
0,水無月花,bilibili,3493119681104854,11956,b57f0b23-8fb9-5d1e-9184-507d85fc277c,,,
0,漫漫tail,bilibili,3546883523872868,11953,663dff8d-a178-5f48-9461-3b18935c3811,,,
0,花香咲Official,bilibili,1393211314,11925,656aacdd-11c2-51ca-8ce2-e445c548d5b2,,,
0,宇野泷太-Tatsu,bilibili,4856687,11911,06f3f481-f216-5ea0-9eec-aa66318f0190,,,
0,咕嘟嘟嘟dudu,bilibili,39115570,11905,38e2dc0a-2d97-5e3a-8ff1-7e805c834851,,,
0,尤野uu,bilibili,3493112208951438,11905,f27548f7-ed71-5132-9725-fe57caf98d6e,,,
0,桃井梨梨,bilibili,3546381077711760,11905,8783e267-619e-5b76-809d-9339386d3f41,GravityS Project,3dfee54e-d852-5781-b361-5b71c3d16b84,
0,Haly蓝羽,bilibili,3879935,11901,34937432-ecf2-5823-a349-decf5aa5e3e0,,,
0,不改良蒸汽机,bilibili,306438582,11891,5af3983c-eaa7-556f-9268-c45da7b2f667,,,
0,来芙Laffey,bilibili,3546730823944886,11889,c488617f-4089-5f66-bc5a-c605bc68192d,枝江娱乐,f17df53f-9d5e-576b-8b10-0d67ba3888e5,
0,咖喱目花花,bilibili,3494355748784819,11880,d4007f7c-7608-5e22-b21f-0e3551074560,,,
0,小敏酱就吃亿口,bilibili,363939025,11877,30cd9f0a-0efc-5dd3-b19e-613e4088d8f4,,,
0,DD,bilibili,267970450,11871,e17a1dee-cec2-559f-a145-e27b40039b08,,,youtube:UC9vyQt8JlsI8IvLRCtDjp-w|twitter:xuniDD|userlocal:E90F927C2EDBC935_2d111c
0,赤魂Akatama,bilibili,2477877,11857,7c4dc460-910f-5c8b-90a7-dd32d877dbac,,,
0,RiKa梨歌,bilibili,3493291098114201,11849,a2402625-5712-5c0d-91eb-95c7480a3fb2,,,
0,花信Kasin,bilibili,3493143204858594,11845,8c5bc8e6-77c7-5acd-bb9b-3b329c0e9102,,,
0,我是毛77,bilibili,1710581961,11843,2feb3278-3710-5261-9c47-dd8e98b24de7,ChaosLiveSprout,e67fb222-1c4e-5f19-84da-9e8beba2c365,
0,睡睡_suisui,bilibili,1978455467,11836,60205ee4-2ba8-5052-a714-d4826dbab308,,,
0,nanamori_stpr,bilibili,569843534,11831,cc1cd352-2dd0-53d4-a319-a6fe75889c2e,草莓王子,d5b4bb11-0b31-5e96-a0e5-5ca27dfebc98,
0,百变魔女小脑斧promax,bilibili,3546623902747508,11818,69d88c70-a8cf-5715-941a-ae862e2365dc,,,
0,大柚公主,bilibili,3546648342956717,11817,3892ee8f-de4b-5a65-89a4-312539bae296,,,
0,鹿可Yuko,bilibili,3546851561179660,11816,786fe7b2-1790-5c96-8ac2-237be426c545,,,
0,维安,bilibili,41348614,11806,c95d1cdc-1e84-5d7b-bddf-1d03fc41765e,,,
0,星蝶Cin,bilibili,3546824094779524,11798,5e6c6d57-ae25-5b16-92b3-e8a2c69087c4,,,
0,赤月UniOfficial,bilibili,2050477551,11793,ca0b4032-3a2f-530f-a915-99a7ba6977c2,Unicreate,4bb946b7-6b9d-5b28-8975-f23291cba191,
0,温琳Wlin,bilibili,487265756,11792,8981dbd0-4236-5b01-a9c7-61b5d7b3207b,,,
0,羽宙Uchuu,bilibili,686665614,11774,fcb42905-375b-5e70-ac47-2e6f1617a4c5,,,
0,天天阿诺琪,bilibili,3546881741293927,11767,b11b9cda-1639-5290-a094-c9145bf5a8a6,,,
0,春鱼Sakana,bilibili,3546901416774522,11766,540bd9ba-13ed-51c3-81f8-98a0d02a3b22,,,
0,黑子莺,bilibili,4425196,11766,80e5ddf8-afe8-549d-addb-249f0a20c4dd,鸽鹉live,ac61354d-1b1c-5be1-80e1-b996ea336754,
0,阎君真的不想吃红枣,bilibili,3546604845926918,11763,ebeb64b9-bf2d-5373-b6e1-c8e85d0737a0,,,
0,烨君_爖,bilibili,680568,11762,b72f3b43-fb65-5061-a577-6f05e6dbed2e,,,
0,阿弥_Miya,bilibili,239663121,11762,6c703196-08a5-59de-9953-45a9323d95ec,,,
0,清影醉是兔兔吖,bilibili,694914748,11761,cd5262bb-3538-5620-8ee9-c3df1e0c1205,,,
0,是卷哩,bilibili,4224279,11751,7a557892-4cc8-5a38-832f-56cf11cd4b88,,,
0,天羽syui,bilibili,1560641990,11747,3cf819e8-9934-5ad9-9017-a3c4bc96dc28,,,
0,三日月佑Official,bilibili,2022864237,11738,8f32eb28-94f7-5833-8a28-056361a5fadc,MZ次元,8d3239cd-4811-570e-a968-7c582e46ead0,
0,知更ちゃん,bilibili,7780379,11730,3032eaac-a989-5702-a85f-aec3684a6118,Vi-D,faf257d3-81df-564d-b5ae-2d9fd694675c,acfun:1963847
0,子猫球,bilibili,1892225500,11727,9c3438aa-8e7e-5797-8ed3-15029117631c,,,
0,希纳Sina,bilibili,3493270407612587,11720,d8978804-b15c-5173-b5c6-fa287fa486de,,,
0,云意YUNE,bilibili,2105360907,11710,a435417c-fbd8-5e84-9a0b-b11062d60435,,,
0,纱夜凛,bilibili,1572645043,11709,0cac080d-b317-5940-b5b5-73e5033e0d61,极光社,9548b50d-dbb9-5b8e-9a4f-a86239ac14ca,
0,泡泡Niko,bilibili,1734590731,11707,85a4965b-2b27-597c-b372-a423ebbcd0ec,,,
0,凝万,bilibili,15004349,11702,c1186e41-3249-5a25-86cb-541c3e913970,,,
0,鹿鹿子哇,bilibili,1055998620,11702,0d3e18c8-f608-5ce3-9f93-a8ac70bf4a4d,,,
0,汐由梨,bilibili,1623136625,11700,34f954d3-72d2-5feb-9d36-1a7d773406e0,,,
0,恰蘑菇Channel,bilibili,399491783,11697,4521d038-afda-5cbf-a26a-6bbeb602c7b3,虚研社,d7af6703-ed00-53bf-aa46-0d5cf679925b,
0,橘真白,bilibili,2810223,11696,f7578ab9-37ff-5b08-a5dc-2c9ba8534c61,,,
0,萌兔丽莎miya,bilibili,1063487269,11687,53ac2652-7e46-52f6-bfa4-dfcbbf3b765f,,,
0,陆玖sup,bilibili,479834349,11682,2609085b-d5e7-5f0f-ac45-266e7b076d75,,,
0,茶茶籽超酷哒,bilibili,1692785975,11681,186b62d8-d84e-5645-b7a6-4c0564055714,,,
0,星拉Sinra,bilibili,8646769,11677,4d912fc9-4c93-5340-b8e5-d60f40a59f03,Orig1n,6acf34a1-2562-5fe3-a5e4-a4863861daa7,
0,游侠曙星,bilibili,499198187,11677,a8d1c24b-03ef-5770-b36f-1056dbbccd4d,,,
0,电子可颂猫,bilibili,525601140,11675,c61bee0a-e7a4-5512-8ffa-8413af74019a,,,
0,小水超猛的,bilibili,3546714615056398,11672,471e2451-f62a-5ea3-a289-7d8fd0e268c1,,,
0,眠眠大哥大,bilibili,405047988,11665,99581bb7-ac25-5127-9d7c-286c931dff94,,,
0,缇比Tibby,bilibili,1789113291,11664,d7d2e53d-a25d-58fd-8682-c59d18a637b1,,,
0,璎绯,bilibili,1273319763,11663,a299241f-3b91-5c30-bf0d-0613c07e6a60,,,
0,铃木小鱼子,bilibili,3537125282679464,11661,805871f2-c647-59cc-892d-a0d5fcf76b19,,,
0,雾之悠Uuni,bilibili,3494377829697625,11660,0c3252ca-4d76-5b36-84f5-664f9092467c,,,
0,一只晨仔,bilibili,346719363,11657,adaa39dc-f5fc-5f69-a17e-d311f1d53116,,,
0,罗茜娅Rosia,bilibili,323388869,11656,7f6b213b-0994-51eb-9715-a67bfe8df6c4,,,
0,绀野莉乃Rino,bilibili,3493278506814351,11649,713c480f-0e2f-52f0-a6fe-6a7065c2435d,,,
0,曇一絃Official,bilibili,674084328,11638,61d9a456-a6f7-57ab-a52b-407530269acc,,,
0,宅音yf,bilibili,8974611,11633,9d8f241a-36d0-5767-8a0c-55d5ad16e58c,,,
0,唐辛子nini,bilibili,3546619811203922,11630,2849c122-90ff-5df2-b3ff-ed5d8d2e275b,,,
0,诗织诺薇拉,bilibili,3706943625497110,11621,190c6394-ade1-5d44-b492-8d3b2642c01d,Hololive EN,d406e5da-ef7d-5e0f-9439-264188944758,youtubeat:ShioriNovella|twitter:shiorinovella|userlocal:60F7E7DC1F4D6713_d80038
0,赫蔓Hermay,bilibili,3494354075257653,11619,b787d83a-80a8-5443-9e82-edb84c7aa12b,幻想社Fantas1A,5074200f-7ef8-5480-920e-6c21f74cedd6,
0,栗原南_minami,bilibili,255593788,11608,9b7d9cbd-1edb-5038-8380-dce6d3fa8b07,,,
0,Mico酱在摸鱼,bilibili,3461563486832799,11607,d8812dbd-6c3e-5daf-a7ce-11f272dc648c,,,
0,愛犬茶茶丸Official,bilibili,2092003040,11599,860eaba8-6553-5240-bbe9-8d5b2c4c5446,MarbleCreators,e7c5c642-480d-5f15-81a4-66cefd3975e0,
0,菩提仔Puti,bilibili,17799504,11598,51f0d220-648e-5c08-84c8-ac309471ca0e,,,
0,药药_Official,bilibili,8314767,11594,4908cb8a-18dd-58c8-b667-c78f94612bb1,,,
0,御門モモ,bilibili,414857366,11592,a90b47cc-499b-503e-90de-8460988cffa1,,,youtube:UCXwBmY44rKiHaTkH9vzOfag|twitter:Momo_Mikado|pixiv:41811776
0,柯柯Official.json,bilibili,522045311,11586,aef568e8-88c8-5d7b-a0f3-0bc5cb14433a,,,
0,克拉拉_kirara,bilibili,501280,11575,a6bb5bc3-94aa-52b3-a9ab-1524270c355b,,,
0,香草玉banira,bilibili,7074812,11570,7781b26d-6e2e-5c96-ba54-10be2f19447c,,,
0,夜月Yotsuki,bilibili,581843164,11563,73afd887-db60-58b0-87df-6a40ea3eea38,,,
0,黑白Canel,bilibili,4592453,11562,1c091250-6619-513d-9c6c-9f5e9963b122,,,
0,蒜蒜_Garlic,bilibili,625528120,11557,47dc9344-3baf-5df6-9043-cc9172717e59,,,
0,鱼片小猫,bilibili,3546821485923039,11549,9d757f85-e049-5971-b88f-68ae1edde0c1,,,
0,kasa酱,bilibili,2369483,11533,e9701230-c994-577b-815f-712bedec305e,,,
0,夜桜たま,bilibili,365308305,11528,581a34b6-bff2-52d1-a050-983419e1164b,,,youtube:UCOefINa2_BmpuX4BbHjdk9A|twitter:YozakuraTama|userlocal:22A3D45804D5AC20_ce216d
0,欧阳凌空,bilibili,899846,11527,326bb3e1-c76d-596d-99ff-7e1576b020c4,,,peing:d94869e83280a1
0,希尔薇_Sylvie,bilibili,3546684653045859,11525,7dda4753-1469-5047-89cc-9d70612acfe9,天枢project,7126d95d-9311-5691-a2de-88d978486297,
0,夏烟Mist,bilibili,1902035079,11515,65b90d4b-74c0-524c-8072-89a773eaddcd,,,
0,浅笑-期待,bilibili,3537116971666310,11510,a02ab9b3-834e-5d19-ad0d-2b4165bd2ef0,,,
0,裔书Izu,bilibili,1225738170,11507,a71e901b-09e9-58d4-8a10-6686d7950c11,,,
0,雅丽斯,bilibili,523133310,11494,9a757ed2-e1fc-53d3-8e39-b0fd8e1c21ca,,,
0,饼月ひまりOfficial,bilibili,5650663,11491,96c33a38-46f9-593d-869c-9a23170860bc,Unicreate,4bb946b7-6b9d-5b28-8975-f23291cba191,youtube:UCnZUaScptUZ7vBeV-4Vf4nw|twitter:HimariMochimoon
0,又又奈Yuni,bilibili,3546722045266599,11485,c8b6a45b-2ad2-5195-9f4c-68b3145d7a95,,,
0,斯比Suby,bilibili,2021329300,11484,4842955f-b0cd-5162-af04-c472bd04de86,,,
0,久城忍Sinobu-8-,bilibili,5430005,11483,08eff055-ca8a-58df-987a-77a4762ceb33,尼比陆,e91a4eb4-14fc-500f-a8f5-f8650d62dbd2,
0,樱月花音,bilibili,435539662,11479,eaa1c31f-8ded-5adf-bbc9-1e62370e40ea,,,youtube:UC3-jXrZXv-PQshpaTQpicPQ|twitter:SakurazukiKanon|other:https://17.live/ja/profile/r/2200494
0,破碎白巧_cathy,bilibili,3546811849508999,11479,8879a4ea-6fde-50e4-b312-6694ed4f55d4,,,
0,海小夏Xia,bilibili,3546683384269650,11474,2bda26ba-ca37-5989-bd60-f5f643c7d8e0,妖精管理局（北立交桥）,c8d7d021-ce8c-56f6-90a2-ab8758b3ac8a,
0,星川纱露_Official,bilibili,3511516,11467,972dd24c-8d58-5eb4-8252-af237975c699,,,
0,爱沢Yuuka,bilibili,1475289063,11466,11d974ed-ce61-5dcf-a8a5-61c46e5c19ea,,,
0,彻净Channel,bilibili,1877063,11463,0fc15ab8-9741-510f-8dbe-a8bdc694df7e,月光社,a38c8dc9-5896-5684-b965-e39f9c7e03c7,
0,幽ヶ崎海愛official,bilibili,533193038,11462,4b61ec7e-a1cb-5feb-88d0-d3fd9e6141c2,星巡学园,6506d485-2cbc-552f-9337-6d4fc2d9b7fd,
0,苏饼饼,bilibili,3461565349104457,11461,78360c38-9939-5822-9b89-e00348668fd7,,,
0,时崎赤盏official,bilibili,432672945,11455,d0a20013-4780-5f89-b858-3df6f7bab767,,,
0,逸iungp,bilibili,16683872,11453,7c6365ec-202e-5ad1-85f1-2c11c0decd66,,,
0,空知知,bilibili,64237548,11450,76c83995-b4c9-599e-b273-efdb40953fdb,,,
0,其祁sama,bilibili,3493079621307165,11447,6eaff2ce-17b2-52bd-bee1-04b1527059a9,问尘仙会,5f2eac9f-dc17-577f-a22a-19003e81fcdf,
0,方焰Flint,bilibili,3546820863068250,11444,f56f1392-f43a-5875-81dd-12ec6412dc66,,,
0,桃濑凪,bilibili,477579048,11442,46cc43ea-1f9e-5341-881b-57b4380bf943,,,
0,狐白糖奈,bilibili,1575399192,11442,7ad57503-125c-5681-a45d-d6089a9eee60,,,
0,环Tamaki_channel,bilibili,1221600493,11426,94a7c279-f711-55f7-ac99-f30bd6994032,,,
0,鲨鲨真不傻official,bilibili,3493298639472884,11414,1baf0541-8237-5736-bf5f-ee48ac7cc225,,,
0,学妹别跑i,bilibili,3546603405183313,11413,641e444a-bba9-55e0-82e9-97617152c706,,,
0,莓狸Merry,bilibili,3493139188811995,11413,d5caa578-8726-5ba6-925a-887a8ab233d5,,,
0,Lucky甜糖酱,bilibili,3546566159763731,11407,63694309-fab7-5829-8cdf-04eb6980b542,,,
0,奈良部茶辅,bilibili,1339818768,11398,3598c73e-7769-5772-a12c-33a3d8fecda6,,,
0,喷火龙,bilibili,66733002,11391,2b32426f-4b0b-585b-b275-628d645e85ca,,,
0,圣园响_Hibiki,bilibili,1858271923,11387,39b52ca1-0567-5f2e-94ed-80f42e82e309,,,
0,EVL-研究所,bilibili,1927387840,11377,67964ebf-d460-5c8b-96c4-d5ae68a17f2a,,,
0,悠久魔女之诗,bilibili,537098,11376,ffe5a2d4-3717-5ced-8d34-726d0e3d8fe4,ChaosLiveSprout,e67fb222-1c4e-5f19-84da-9e8beba2c365,
0,星羽莉莉安Official,bilibili,101694830,11370,3ea16688-7848-5f89-acf1-01af4970a8d9,,,
0,织绫kylin,bilibili,1813858,11368,0eecf1a1-7598-5ad3-ab3f-a8a5080483ea,,,
0,KI哞,bilibili,1757495735,11364,97149bdb-0dd7-5005-ad70-d6dd339f53e8,,,
0,药药oi,bilibili,388209397,11361,19eebf0e-565f-5199-8dd4-904babc1dfa5,,,
0,眠葉紺,bilibili,315830968,11354,09672279-b908-5069-80f9-a9b5db75a77d,,,
0,灯火橘,bilibili,32256434,11347,4f1ee045-60cf-50a1-b3b5-7a09d4ee9126,,,
0,リズ,bilibili,397520517,11345,f04bab08-8e92-5e66-b7c5-79272b15a062,WFIE,e9965fab-5b00-5636-bc6c-31bee0a537af,youtube:UCRMpIxnySp7Fy5SbZ8dBv2w|twitter:kmnzliz|userlocal:B19A3AF4D52F20C4_b8e5ef
0,萧迟归sunset,bilibili,3461572993222751,11343,96333c54-56e9-5afa-bfac-0be099a61b5f,,,
0,矢泽大凤,bilibili,281426315,11336,3af10bf6-3294-5bd1-aac6-6dfd73a5cd73,,,
0,椿子Molly,bilibili,3546660609198161,11334,921c3e5b-7a99-5a66-856a-142259e5ede3,,,
0,芣苡生_Essie,bilibili,321418501,11332,46679627-d3d0-53ad-bd97-3cf6e77b4524,,,
0,乌梅,bilibili,3546564205218366,11328,0599a3cb-f73e-5fef-b62d-371dbb92b682,,,
0,谢儿Ciel,bilibili,3493257264761443,11328,95a80844-2ed2-58f2-a5b1-d90e3ebf08ba,虚研社,d7af6703-ed00-53bf-aa46-0d5cf679925b,
0,柯瑞尔特可可爱爱,bilibili,3197110,11327,c4c42f48-9b7e-5b7f-bc87-1c104fe41a80,,,
0,织奈Orina,bilibili,3546579327781629,11327,6a546f2f-2936-53dc-acc7-fc1ba553195b,圣魔社SeiMa,6632237b-4675-5fe6-b8e5-96d3b89e8d83,
0,老佛叶,bilibili,1142872377,11321,422b4170-8c2d-592e-8aca-4c1471103064,,,
0,小沈7A7,bilibili,1640446181,11319,56356e09-7d90-5776-9e13-06f3d72481f1,,,
0,刀匠,bilibili,524160212,11314,eac64e2f-585e-5e09-9ef5-6e9221889279,,,
0,幼年型kino酱,bilibili,13690216,11312,29cdb46f-f9cd-5fef-bda5-d58f0c775365,,,
0,巧咖酱,bilibili,1614807738,11311,b6bb2920-dbe3-5e7f-ab66-b5ac258e6d85,,,
0,兔豆ni,bilibili,477482558,11309,b25c3041-bc20-5a1d-86df-03175b6da520,,,
0,嗣音壳壳,bilibili,1386205390,11287,665563a8-5aa0-51a0-93d4-f261f20ceb1c,,,
0,妮咔Neeka,bilibili,3461564896119035,11283,eae3f706-7141-57c4-9260-79ba24d24805,,,
0,绫世Ayase,bilibili,3546380985436790,11280,f744a20b-b20b-50ab-a60b-10ae131ad35b,GravityS Project,3dfee54e-d852-5781-b361-5b71c3d16b84,
0,凰清音Official,bilibili,1051422690,11274,5c42852c-302a-5331-bbd2-4ad28ee57106,,,
0,绫音西西,bilibili,3546706725571031,11267,98123ff3-38ff-5fd7-9d6e-6ee130ff7949,,,
0,羊姬桃香奈,bilibili,1870142497,11267,b7e5e9d0-757f-5f39-ad27-fb6b92c11522,,,
0,玄镜Kagami,bilibili,65438452,11261,8b81ecb2-639a-5074-9e7f-f68229f143a5,,,
0,千条アリア,bilibili,398642121,11256,62a030f1-1460-5f30-ac91-93bf800f9a10,,,youtube:UC8UZk3EE_LPxWNyQ7RUDCYA|twitter:aironthestring
0,妮娅Nira,bilibili,3546384850487621,11254,20aec96b-2172-551c-99f4-dcb35f05377a,,,
0,苏娇柚,bilibili,646279422,11253,447c1f8e-81ee-5e03-b4d8-01d163f0071e,,,
0,宫泽遥-haruka,bilibili,3546599695321411,11237,ba408ee9-4e60-5a8e-aa12-03685e15105c,,,
0,格罗佛巴德,bilibili,6481343,11235,861b3d9c-ad58-56ca-a7da-3326a83bbbab,,,
0,濑濑_Rayi,bilibili,87851086,11233,0480db10-adc3-5aac-b2c4-9ec4744376a2,,,
0,转圈,bilibili,49694204,11232,dac87cac-7b7e-57c8-bd18-09e7cd739e9a,VOMNIS,a9c452b8-faba-53d1-92ad-83337135e2c3,
0,元宝团团_kila,bilibili,23169445,11229,97fd982d-1582-5eb4-b277-4504d56e6de3,,,
0,狐甜甜ir,bilibili,630207724,11224,262d6d88-353d-5b2d-9b20-20caf5dcb8c0,,,
0,佩提亚Pythia,bilibili,3546655301306499,11214,330bc0c8-4e56-5ce3-9aa2-7a14299c460e,,,
0,子中中,bilibili,764750,11210,e3e8177a-cb13-52e4-82ad-19c495ffe005,,,
0,老爷子ちゃんぬ_Official,bilibili,16995962,11204,40d0f327-4709-502d-abbb-26c565436f8a,,,
0,居多饱,bilibili,3546601008138686,11200,de745921-b6bc-5848-8090-4905151d5ef1,明月生肖（北立交桥）,98f46aef-0df4-5088-8fcf-3f5a6479029d,
0,塞西莉雅Ceilia,bilibili,3546388138821710,11199,b477656c-5756-546b-b644-d086e4eff8b6,,,
0,卡帕多西娅Docians,bilibili,319111511,11193,f4243676-6b14-5918-a4bc-91f2d05998eb,,,
0,嘉浠sunny,bilibili,3493141179009641,11190,7ce11dde-7d61-5ff7-947e-400526a1b015,,,
0,皇欧蒂娜,bilibili,3546755043953575,11190,fbb68a1f-7c52-559e-8aa3-362a2e507030,,,
0,-蔻蔻CC-,bilibili,128667389,11172,f7ac874d-8020-5230-bdc4-2e32fe7cbf69,,,
0,豆芽,bilibili,3461581446842386,11159,491666a9-e5b5-5924-8407-c96d3f1431d6,,,
0,有苏狸狸,bilibili,3546767039662448,11156,2ea7409d-cea8-5dce-a5d1-5d785b0b806d,,,
0,喵小埋ouo,bilibili,346112326,11150,cdf114d1-69a7-500b-b28d-f6ef1d5cb72f,,,
0,上草草surcao,bilibili,3461581822233342,11148,147ab1c4-1d6e-5b3d-a59e-1fdde2850c94,,,
0,小日向木白kishiro,bilibili,62778929,11148,fa543cb1-62b7-57a8-be32-422d43279049,,,
0,山海-诵歌,bilibili,20575250,11140,5bc06f6b-a569-5362-acf8-d6dac08bbd51,,,
0,星芒-Asterism,bilibili,1034105844,11136,b526e767-c6e6-57cd-ab58-5bcdfcc72178,,,
0,狗神由紀,bilibili,85905982,11134,f5a2984b-b86a-5c4c-b399-ea500f9f5a58,,,
0,文野Fenya,bilibili,518227085,11129,537f0b76-3536-5d54-b1a7-3b05080e58be,,,
0,赤凛_Akarin,bilibili,3632307753715852,11122,bcf35269-4db6-5f56-a1ac-15953bfee9ea,,,
0,空调虎,bilibili,497072,11121,a7c7a642-2ea6-5a0e-ad47-388c07bd0d9d,,,
0,夜行性あんこ,bilibili,1048095329,11120,5a14a317-7268-5c5b-9d6e-f72b6fc2cb2c,,,
0,早野奇迹__きせき,bilibili,1797782115,11105,dc3ba572-665d-5001-80ff-6c76f36878c7,ChaosLiveSprout,e67fb222-1c4e-5f19-84da-9e8beba2c365,
0,紫沐沐SAMA,bilibili,3546675893242347,11102,d7705f76-f33c-544b-a01b-6cb365b93bdb,,,
0,卡米拉_Camilla,bilibili,283424107,11092,4a80d1e7-a33e-5d6c-8a7e-9209768d0183,,,
0,口狈クリスX口狈椋,bilibili,2038193,11090,b1f89a65-6166-5da5-baff-18a75bafed1a,Re.Eden伊甸园,7160ffcb-737e-5a07-b9c1-f130ff46cbee,
0,塞蕾娜Serena,bilibili,1891619737,11081,144f6c6a-28b4-5d3b-af6e-f61983f9db2b,,,
0,白兎兎Official,bilibili,1468481851,11079,d4bac1ca-03f7-54eb-9be6-d2b7bdbb6057,,,
0,缇斯卡,bilibili,6621297,11077,51f1c9ef-6562-5e49-a4a8-6a3f01564611,,,
0,呦呦niko,bilibili,495362701,11067,31f2f37b-1516-5fa8-aed5-784ddefdc354,,,
0,阿尼_Arni,bilibili,489772340,11061,ff78e8d7-cf81-59b1-942a-5b36bf1e865f,,,
0,灶台门豆子,bilibili,3546567569050157,11059,de161cda-0d74-5194-ac93-9cf109b814fa,,,
0,AnMr海外转播Channel,bilibili,45921503,11058,5c00dd97-f44c-5177-bece-78b36d9ff41d,,,
0,大空家的荞麦面馆,bilibili,476869039,11057,a266b709-85ea-5c08-ad02-19ad5b3d05a7,,,
0,卡拉Kira,bilibili,3546730930899337,11048,fe9b6fb2-0760-5cfe-84d8-6106f0302fc5,幻想社Fantas1A,5074200f-7ef8-5480-920e-6c21f74cedd6,
0,源求Channe,bilibili,2041997,11046,171f12fd-5828-5fc1-a70e-269990cd3839,,,
0,不知名屁酱,bilibili,345637267,11045,b817ca67-4146-5e7b-8c9f-abc60ce36e87,,,
0,癒音kurumi,bilibili,1609920889,11036,24b4bd52-6fbc-5cfe-b525-c72b841652ff,,,youtube:UCBJFtEEDnCpz8koPH-nLWUA|twitter:kurumi_UoxoU|email:kuru3.v＠gmail.com
0,葉荷Hani,bilibili,1881866,11033,b717f0cf-5b0f-5c93-afea-31df40a9df9b,Facemoe官方,621939ef-f164-5a7c-bd19-aadbe9679b01,
0,月铃Lin想狂吸猫肚子,bilibili,342214,11030,39985a58-e3e6-5267-9613-9432bc989a5f,,,
0,水树兔免,bilibili,1118954517,11025,84e5e8a7-322c-54e8-a25e-2c1ac60d9ccb,,,
0,钱二两,bilibili,242323,11015,b1e318ee-8104-53d3-8206-603961083395,,,weibo:1347029241|acfun:34743261
0,瞳凛Torin,bilibili,473708883,11005,d4616de0-d684-5f01-97bb-e58de9b655cc,,,
0,修纳夏XnX,bilibili,487015,11002,f1d06d5a-7e76-5d74-9748-82dea2a4aed6,,,
0,卷铃喵miao,bilibili,660640195,11001,aa6ef3ce-39fc-5dcc-b2e6-a353ebb70562,,,
0,奶凶崽,bilibili,673859675,11000,be530bc7-07c1-5363-a779-031bbc624948,,,
0,茉澪Magonia,bilibili,2045507518,11000,13c5f95c-85a5-5149-b7b4-77446454e808,虚研社,d7af6703-ed00-53bf-aa46-0d5cf679925b,
0,犽犽是个小憨憨,bilibili,21682845,10997,83bc1120-f2c1-5021-832f-17200586937e,,,
0,Guri緑球三,bilibili,3008887,10996,7e6941f0-df3e-5dcd-874a-71c7025ca507,,,
0,万能小兔旅店,bilibili,3546719987960278,10992,666f074a-616e-5984-97f8-150c6b3503ad,,,
0,夢久路_Mukuro,bilibili,434895,10974,81ef1193-3ad4-5cff-9f03-8d2c85b5f781,hOuOu_Project,3056975b-305b-54cd-b28c-0e005b612a5a,
0,茗烟nyanya,bilibili,1374491792,10974,4eab1982-bbe6-554f-96cc-bfc74f463120,,,
0,拉瑞克斯LaRics,bilibili,1568416362,10972,11d6dad2-bfd5-5dd5-a42e-2c4aa35c3de6,,,
0,快乐_浅川,bilibili,400620088,10970,2b558354-86c4-5130-81e7-3f9307de44b9,,,
0,Mira小恶魔米拉offical,bilibili,2239559,10968,58f4d35c-7a60-5225-bf86-87f60d1ee7b0,,,
0,艾卜nana,bilibili,3493259005397451,10966,fc764a86-4dad-5789-8397-9b3f02b14a5d,,,
0,艾麗卡・エリカチャン,bilibili,10369514,10955,482ea03f-d1cc-568b-9cbd-7a36e51dda18,,,
0,猫卜肉,bilibili,1916798337,10954,4ba6ad15-e969-5fe4-b332-761c09289735,,,
0,软绵绵Ruam,bilibili,3546605217122617,10954,dee9440e-8913-5ac5-8b6f-7b21f11da392,,,
0,山月はかみ,bilibili,88174947,10953,5b2ea59f-eb4e-5e34-938d-fa632f2c43ba,岄,a2dfbe6d-579b-50da-a404-9d80711403d7,
0,十盐烤兔,bilibili,13896589,10941,010357e2-0eb7-5fe9-8668-87af799d09ea,,,
0,时柒_Nana,bilibili,1395549000,10938,3377c47f-2ae5-5448-a32a-ef30ee9fda52,C-Live_Project,54f12813-1527-5f52-b566-3b36f51d676b,
0,小紫花小XIGA,bilibili,662172,10930,22be9e01-0c3e-5724-84e4-ae888ffe83fa,,,
0,眠铃Neruno,bilibili,3493271848356790,10928,197fd187-d9ed-5a27-9ef8-039969bc7a20,,,
0,嘉芙Arya,bilibili,3461574301845688,10925,daa28354-4d87-5236-8068-8075f7b943cf,,,
0,没节操君,bilibili,543198,10923,0006257f-c112-5237-a0d4-e76d1b205b47,,,
0,布鲁布鲁荣,bilibili,1097060010,10920,f3fa82f8-91af-56ac-a3d3-914fd1962bf3,,,
0,米綾zwz,bilibili,3494357793507869,10916,ed7eb1bf-0f13-514d-ba0d-c4e37d4c7bbe,,,
0,星庭野nono,bilibili,3546650156993469,10911,ae31dac6-581a-51ba-818f-7de5e6627831,,,
0,七之宝,bilibili,275713752,10909,7db0b6cd-4caa-5326-b61c-0d6018b3c959,,,
0,艾玛莉莉丝-channel,bilibili,1569389574,10907,be304a60-18c5-5720-b7c8-88b1e43dc397,,,
0,雪鹤Uki,bilibili,1749603010,10901,42fe66d3-d541-59fc-a41a-ce644dd3c527,,,
0,果酱酱Overdose,bilibili,1491531721,10889,95dcd671-8644-539b-a43c-888c089a6f0c,,,
0,柚一,bilibili,474628506,10889,7718699f-618a-5e87-a804-db5d868ff906,,,peing:codeechoyouyi
0,千鶴瑠凛花,bilibili,1223566957,10886,28a1e41b-1c9c-5d1c-9ada-e08583f5a100,,,
0,桃桃子_Momoko,bilibili,2078544350,10882,d16b6ed4-19d9-5e82-bf2d-cb0cdfc79500,,,
0,诗织,bilibili,3493111175055928,10877,1c26259d-6bc7-5e62-9357-c6dc0abb951e,,,
0,tsukasa ria,bilibili,2450927,10875,a888191f-c05f-5eb7-9a54-063dde48c47c,,,youtube:UCC12ijOcPxnRSQPLvjWYXUg|twitter:TsukasaRia|telegram:tsukasaria
0,乃栖miru,bilibili,201846881,10873,130d762e-66dd-5871-b418-b7e4cb830ef8,,,
0,雾雨心奈Mina,bilibili,3546785739966972,10864,fd54a3f8-a37c-5c51-a668-46a4775aa9f5,银河跃迁PHG(本社),81bdaeaa-2221-5ef7-a52f-aac975443377,
0,星名Reki,bilibili,3546849537427464,10860,1a64fb55-b0cd-5494-90da-45fe219db1a8,,,youtubeat:HoshinaReki
0,小雾uya,bilibili,3546784622184982,10855,2b1f0dd7-d9cf-5565-8940-ec64e207e6ac,,,
0,浅羽啾yami,bilibili,382787873,10850,161d780f-74e4-5ade-8cab-7d8a98dec410,,,
0,百妖小幸Lyana,bilibili,3493144228268730,10849,fcdc0646-a66d-5eb4-b149-bc6c35ea05ec,,,
0,娜米莉_Namiri,bilibili,1368021389,10845,8de4a493-2b20-5611-b2e2-cda89a4871da,,,
0,阔福枯-こうふく,bilibili,481999255,10845,238826c6-f068-5d5a-bfe0-f6bda7137484,,,
0,安德Anderr,bilibili,14040371,10844,f15b1bf8-1863-5588-8ef8-d520651372cd,,,
0,白扬Baiyn,bilibili,3546715630078017,10843,03d0cc61-c486-55c5-ac1a-fb2b68c2bc10,,,
0,竹筱青,bilibili,1196559066,10843,a2d95931-095c-5400-b7c8-7e952f9eeb09,,,
0,一只野蝉,bilibili,3546942841818025,10840,bc366bdb-2ee6-5493-a4ef-e147edf090ce,,,
0,一颗有栖Official,bilibili,14045966,10837,bd018b06-d979-53e2-8421-ea483d775cdd,,,
0,桃井栗KuRi,bilibili,660937514,10835,53ee7fe6-e29c-5e4c-aae4-cf7afd33a650,,,
0,林美命_Official,bilibili,1289581866,10828,8985748a-a016-57b6-bb3f-b1cdbeb404be,WonIDOLand,f49e8e3e-0dc9-5125-81c6-5c8d6c497f94,
0,祈绪-卡拉梅尔,bilibili,3546908402386989,10816,27b4cdcc-c7f9-5a64-8c62-3c0a97decaec,,,
0,梦野Ayanna,bilibili,2004784439,10814,3a80bdff-a4f1-5657-b64a-21abdbbe9ead,neko贩卖机,1ffea7e0-c456-564c-92e0-39055dd69064,
0,阿廖娜Alyona,bilibili,13264370,10811,bacd9649-97c7-5e50-a047-fdc2618d6f56,,,
0,w丘丘w,bilibili,88687,10799,22e5e2b1-05ba-5c98-8eeb-ab255112e342,,,
0,卡茵,bilibili,2029411327,10797,b4decb0a-a79c-5143-8657-63593fdfb391,,,
0,栩栩Jessie,bilibili,574030896,10797,1e1d10af-ee92-5a6e-9b1d-1c338c37be77,,,
0,盖娜_Kaena,bilibili,161082853,10797,48b5745a-0614-5260-be94-db6c086af089,,,
0,芙咩咩Mie,bilibili,299461780,10797,bd6d604f-1433-5b52-b01d-8d5e9fac5723,,,
0,椰岛又沐风,bilibili,1770475809,10795,f44350a6-4ed0-5a98-840d-2538eedf843e,,,
0,橙织,bilibili,3546827104192613,10795,2165d7cc-ea4c-5194-8a6e-28be65c6b061,Fulaco-Official,8bb1dc25-7b74-547a-8bef-634263794404,
0,三三,bilibili,1353152128,10794,5e5431c5-efe7-5a8c-a4a7-71105a01cc7f,,,
0,多莉Official,bilibili,5453827,10794,b6094e47-a984-58b5-b69f-f112c9728cce,,,
0,浥昕sora,bilibili,408696,10789,ab480671-8ccb-5bd1-9d49-770d0b419a6a,,,
0,莉莉安,bilibili,164967923,10789,93f11b53-d58a-5abd-9b43-22e55f1a23a7,,,
0,枯汁锦狸,bilibili,3546821309762422,10784,ff91a97e-c556-5ae0-8d4d-c3d512e81391,,,
0,ST伊绮高Ichigo,bilibili,3546558106700250,10774,7fd62914-7f2f-579d-9bbe-6d2d2acd659d,,,
0,惘生祭夜Saiya,bilibili,7624444,10772,b2f152ee-bd96-515a-91e6-bdc464ddf3cb,,,
0,修伊Huey,bilibili,18214288,10762,6d2d44b0-b5f2-56a7-aaa7-7a691ea1797f,云光计划,f96c12b2-b935-5c29-9a31-46c97eca9c4c,
0,诗凛_Official,bilibili,1348728457,10758,bb4540e6-8222-508e-a164-08f9027e1945,椛榊计划,aebb8a27-96ad-575f-99f7-485fb958d709,
0,可丽奈_Rina,bilibili,1740780921,10756,01773591-c43a-5c2f-8ab3-7d2a78945b9c,,,
0,芥爱凛official,bilibili,3259819,10753,895c0c56-42fa-58ff-ac07-afc1e7a85bd4,StarrySky战姬学院,2a539dd2-fb7d-578c-8730-153bb8874a62,
0,布谷小羊,bilibili,595211,10750,d4ef28ef-ac79-5e7f-8958-9b65f53b2679,,,
0,金鳌珍宝_海蛟,bilibili,185333,10750,3e26939e-00b9-5e81-b595-56b54c63d781,,,
0,熏小染,bilibili,22092066,10745,9c0cbc5e-ca90-57ce-b428-029339c7012c,虚研学园,da7a049d-15cc-57f9-bb68-49af75ad7b52,twitter:XunXiaoRan_Ch|youtube:UCOUjwo_r0CIKZe2wuzjamEw
0,MEM project,bilibili,406748610,10744,7a4cd326-16d2-51ad-a95b-5d2061b0ed18,,,youtube:UCp1Pg6NVz7c3uVfpphEn6Og|twitter:monaka_amamiya
0,柯燃Raven,bilibili,3707016755284794,10741,fbbdac7c-2005-52ab-90cc-7176b5677121,淬蜂计划（北立交桥）,b30df939-d5cd-5c9d-a6a1-ec905b14e77d,
0,雾川Kirikawa,bilibili,3352523,10733,fa417977-3b47-5a56-bfba-722bbd662732,,,
0,星奏璃Rin,bilibili,394860672,10728,ca3c502e-a237-5a74-b5ec-52245719a420,,,
0,维多利亚,bilibili,1027973491,10723,6ed07890-aa35-5f42-9970-68fd2fde3bb8,浅海Project,08e83e80-ba92-538d-b63d-fe0592e8af6c,
0,魔仙女团-小蓝-official,bilibili,600956210,10722,ec28febd-6eaf-549b-95a2-449acdba9b10,,,
0,姬七汐,bilibili,3494379805215386,10720,c7d3d6fb-d612-51b7-add0-12811e583831,问尘仙会,5f2eac9f-dc17-577f-a22a-19003e81fcdf,
0,青诺Cyan,bilibili,3546569940929461,10720,197e294e-4024-5056-a807-f5ea091d9278,,,
0,奶皮nya,bilibili,3042127,10716,f6548ea6-4779-5b90-999f-42d2aaac6454,,,
0,奇纳_Kina,bilibili,1768511,10708,a5a50920-5f46-50b6-b2f7-5364e5c7ca69,,,
0,幽游Yuu,bilibili,5570510,10707,23f94eeb-16e4-5bd1-ba70-1c5736e8b9b3,Croven教团,af7d8e20-2164-5373-a4b1-9a31c085fb7b,peing:zigong|email:yuulive@qq.com
0,沙羽,bilibili,436846433,10686,d7be8a0c-9876-5f5f-9f24-9910286f31c3,,,youtube:UCuP6SgYbqVg2Vkp1Q866O8A|twitter:sawa_neko|pixiv:864512|userlocal:UCuP6SgYbqVg2Vkp1Q866O8A
0,熠,bilibili,402050055,10679,9f4bb171-4f47-5db7-9a4a-04e768086a70,,,
0,兔豆尼Doki,bilibili,3546570897230224,10671,dc068cb6-173e-5149-9adc-b56b0608cc5b,,,
0,西困シークン_Channel,bilibili,535848,10659,443fa38e-674e-5af3-90ec-ae92f2ed8e6a,夕映结社,820597b7-9f1d-5ad4-83db-66aa8aef89f2,
0,Esaru,bilibili,170484,10658,244ad9bd-9848-59fa-a821-d1a1d800677a,,,
0,御坂黑琴,bilibili,296803,10658,5d6cc68f-b31c-5be9-bc39-e3e53f5428e3,,,
0,王凛,bilibili,1335561563,10657,9335b2a1-661f-5020-8051-abd137b05943,,,
0,伊格莉特Egolett,bilibili,3493108545227146,10655,3c98873c-e3ac-525c-b0df-ca7cf32fd019,,,
0,虚研社经纪人Official,bilibili,636674318,10653,9fd8ac59-1fbb-5bf3-814a-8d0274440934,虚研社,d7af6703-ed00-53bf-aa46-0d5cf679925b,
0,早乙兔Saototo,bilibili,235999995,10649,61da0517-7287-5350-9b10-32f691d5ca77,,,
0,籽芋,bilibili,3546580527352661,10648,094bb05f-70a5-5530-9bda-202cf5c881e7,,,
0,浅仓池,bilibili,1911626217,10645,c1d35b74-bf0f-58eb-8b43-a5e4d368af27,,,
0,石榴ZaKuRo_Channel,bilibili,2114905950,10641,31529b0b-345b-559d-9993-53a0c7132610,hOuOu_Project,3056975b-305b-54cd-b28c-0e005b612a5a,
0,织爱崽,bilibili,365131049,10641,2e03aa70-faa5-51d9-81e8-74b9803f4689,,,
0,鹿瑶Clover,bilibili,3493125305666041,10634,2e727443-2395-53ea-a598-0b243aff7927,,,
0,Cai鲤捺_zZ,bilibili,531211613,10632,a8d07905-57ff-5d98-883b-fc6a76d0714c,,,
0,一小汁-,bilibili,475014431,10630,5eeab195-c508-51f7-9802-d21012655a69,,,
0,南笙今日依旧好困,bilibili,3493280998231009,10630,a342f9de-1578-5a93-b1ba-36cfce8e9083,,,
0,於今昔,bilibili,671031766,10622,d7e83e02-3018-5900-a5d1-091971be95ca,问尘仙会,5f2eac9f-dc17-577f-a22a-19003e81fcdf,
0,凯洛,bilibili,1095323126,10613,9af851cd-db9f-597d-9e58-d81c10b7fcb9,C-Live_Project,54f12813-1527-5f52-b566-3b36f51d676b,
0,绘理纱Erisa,bilibili,5341246,10610,bb2a78d0-9edb-58b6-9756-76236fec96c3,,,
0,王富贵RichW-原创音乐人,bilibili,3546786285226747,10609,1a86b8da-c3dd-5e93-802a-98cf7d8ec1ac,,,
0,你的迟叶,bilibili,7341215,10606,c2dae6bb-3427-5ce0-a34b-990afd0c0ef4,,,
0,潞竹,bilibili,3546392779819713,10600,9c4d6e96-f3e4-5720-832f-ea97c78af344,,,
0,软绵绵-star,bilibili,408367406,10600,a715702f-3a61-56ba-a221-8ab8e6c45872,猫铃社,6eec14e5-38cd-504f-a995-b7bd15b4c51f,
0,水谷雫ちゃん,bilibili,3690980102376039,10599,ffce91b1-fae8-54fb-8b37-b2f841a17ba5,,,
0,波子Ramune,bilibili,3461577237858462,10591,be489dda-a175-586c-8e8c-b06104c09dcc,,,
0,诺贝Nubes,bilibili,3493273119230233,10588,680584ef-661d-53b6-8adc-5d26746d13da,,,
0,小布偶丫O_o,bilibili,1061272336,10575,a8abba23-7d77-5b41-b7e6-a3596ea8b476,,,
0,绯宁Frenin,bilibili,3546387429984346,10574,f29b6d94-fe14-5ce2-bfd7-d3e2a3f13a06,极光社,9548b50d-dbb9-5b8e-9a4f-a86239ac14ca,
0,痛苦Pain,bilibili,25346364,10568,1f7e012e-31b2-554c-a704-641be0384ea8,,,
0,紅_Kurenai,bilibili,1308393,10565,e340c432-1c78-58a6-b5b0-f1062feac13e,,,
0,爱厌,bilibili,6603333,10560,e2b0410e-8c42-5fcc-9e78-b747920adbb1,,,
0,赤伞kasa,bilibili,1326080431,10556,44302118-7e28-5b53-896f-a81eff04fc2e,hOuOu_Project,3056975b-305b-54cd-b28c-0e005b612a5a,
0,能能Nori,bilibili,1439370289,10555,d0b33bbc-7a04-5e38-9010-d17eb92e9583,VirtuaReal,6a8d2bed-dc2e-5ce1-a3bd-e31317aa4e23,
0,蒼乃幽姬,bilibili,397222615,10543,a92d8dd7-6ff8-5927-bd61-9eb99bee6430,,,youtube:UC7HixHznciTQf1DhlbBIZmA|twitter:aonoyuuki_
0,AIFans,bilibili,351759799,10528,ec481b34-4d5e-5d2e-9f42-230d66c5ba02,,,
0,静花Seika,bilibili,2035244864,10527,8bcbbdfb-8311-50e4-942f-195b9d331c6e,,,
0,涂涂,bilibili,626238878,10525,e3e27f96-a2d6-56d8-9fb2-30dd82e49301,,,
0,灵炘Xin,bilibili,3494369334135345,10518,a378431d-f005-51bc-92d0-c46f096be9cf,,,
0,白屿Baille,bilibili,1245595065,10516,102533db-52cd-59aa-a9f1-1b8577e010d2,,,
0,雨宫燕Channel,bilibili,1791514,10515,730bcb7e-c318-5946-a3f9-b584a8f0cb0f,,,
0,瑞兹Ritz,bilibili,580782,10512,742c0fd3-941e-5249-a37e-1c4f28952d7a,,,
0,菲格蕾Figure,bilibili,3494361151048420,10512,3a6c7aa6-f84c-5fdf-91da-e85cb9185b62,银河跃迁PHG(本社),81bdaeaa-2221-5ef7-a52f-aac975443377,
0,雾枝年年Kirie,bilibili,3546796475288503,10507,abb75729-cfef-5026-8d98-c8c66ef18d3d,,,
0,芙栗安Frian,bilibili,3546866377558195,10505,9be1d07d-aec0-5009-8e92-76a24ef2c2e6,,,
0,苏了个妹,bilibili,5963844,10505,b0713867-07af-573a-b3d9-503faa3f8457,,,
0,休米芽MIA,bilibili,3493262811728464,10504,d0555613-0955-5c8e-8e55-8bebb26b8895,,,
0,雾空不是大师兄,bilibili,3494369191528599,10496,3ebed37d-409f-5c04-8d1c-f3295fc11c98,问尘仙会,5f2eac9f-dc17-577f-a22a-19003e81fcdf,
0,星野铃月Channel,bilibili,821499,10487,e4348fab-7051-576a-8dc7-847e2d642f24,,,
0,梦仔Lark,bilibili,93720154,10484,4d10853a-e9bf-58d2-ac9d-d1f90a36164e,,,
0,扈欲,bilibili,3493121692272967,10481,f96380e0-b408-5e9a-be5b-c0eb67ed0554,,,
0,星娅_Cinya,bilibili,686145957,10480,0e3b11fa-f67e-58ba-a1da-451902f95b24,无限殿_Infinite,fb2c595a-af26-52f1-b433-bf339409d3d4,
0,酒酿水子,bilibili,3494377901000718,10479,ac641b83-e20a-52f7-bd54-c5f61845556b,,,
0,三昧妙妙,bilibili,3546668995709215,10478,ac973a82-d1ed-55c7-aa6c-b89a89f7e21d,GravityS Project,3dfee54e-d852-5781-b361-5b71c3d16b84,
0,娅可Arko,bilibili,1169958017,10473,36b624d2-9641-5a7a-aea0-a7b9ef6dc6ce,,,
0,洛丽璐莉LoliRuri,bilibili,547498202,10467,4a55c82e-d920-5547-b3ea-1c5192627340,,,
0,曦娅-lucky,bilibili,3493289172928881,10465,748a5d70-bcbd-58d3-b88b-9bbaf92ed0b0,,,
0,真白くま,bilibili,12920215,10465,abde4f50-55fd-5299-a668-79c195a178da,WACTOR,682089de-7fe5-5303-8939-37eeab633407,youtube:UCCNXAA3Ik_csiCkTG9ixUhg|twitter:v_sirokuma|userlocal:CA06273F7D6DDC32_c4c2fc
0,公主来也,bilibili,3537109860223833,10464,b7a7b804-70e3-5a76-9e2b-b532a0804585,,,
0,敛云烟,bilibili,26165227,10461,a28b9211-5b90-5c5f-9db7-8ab9ee61e1bf,多维变奏MDV,507b983e-c810-542e-b686-87f514722181,
0,不卡Noka_,bilibili,399999687,10459,e246cd38-5d08-57d9-8d0a-d7dbcf945980,,,
0,猫宫梦铃,bilibili,108398,10455,294b1b8e-ef6f-50d4-9f53-37dd7a5de6c4,,,
0,耀西Puppy,bilibili,62668953,10455,37fb82a6-ed86-5d7b-8722-4a1fa4e8902d,,,
0,Leia,bilibili,49464709,10454,569b96f0-4fa7-572b-923d-95ef7363a8f7,夜空Project,ccba2d70-dee5-5800-a307-b722ebdcdc4f,
0,硫酸盐Sulphate,bilibili,484541386,10447,e07164d7-ac4d-5c17-84e1-14e15de04c7a,,,
0,拾叁Oracle,bilibili,302084806,10445,0530102a-ca56-517f-bbea-71970ab37f7f,,,
0,斯途_Natasha,bilibili,8320848,10443,3cc206ce-5a94-5932-8f5e-779e1781fc9e,,,
0,顾辞,bilibili,3493265930193449,10440,c1434545-472f-5e36-8e28-45e3d6887926,,,
0,好奇小然,bilibili,50635063,10437,bd391e41-8b10-5195-add3-e426ad03a802,,,
0,歌衣メイカ,bilibili,354185995,10436,a5bb958b-0fb1-5653-a3cd-ac545bf3b0a9,upd8,62b750ab-e71a-59cc-b6fe-71a2debb5598,
0,早间由纪yuki,bilibili,3690986693724990,10431,2e16e1b2-93cf-5972-8243-504139df6212,,,
0,莫小燃,bilibili,515092658,10430,ead451d8-c884-54f6-89ad-f503e57c7347,,,
0,入福步Ayumi,bilibili,1297910179,10424,fd08037e-6bb3-50d4-a2ae-50f9c42a31c5,VirtuaReal,6a8d2bed-dc2e-5ce1-a3bd-e31317aa4e23,
0,木子吃饱饱,bilibili,13321242,10422,dfbf0846-0db2-54a9-a22d-8aa0f6d0dcfc,,,
0,牧桐Mute,bilibili,3494372066724054,10412,0d09fd55-b0cf-5576-a04b-4af063209b7c,,,
0,月之濑由美Official,bilibili,476866164,10404,233aab13-0f79-5006-9dc0-34154ad4b1c6,,,
0,发财-Koi,bilibili,1173763910,10392,0784e770-33c1-568e-8381-44c379227a51,,,
0,奇迹师九运,bilibili,397642837,10389,af76f663-5781-5533-be66-c46e98b807e3,,,
0,柿好好,bilibili,67636293,10388,6c7013d8-1eaf-53c6-a517-5ba1c03c57c7,,,
0,江小软软,bilibili,3546796225727272,10385,e759945c-9889-543a-b001-232026cb95f8,,,
0,这里是馍君,bilibili,29488539,10384,7dafbe9a-d608-592c-8acb-a295b5fd15ca,,,
0,多萝希儿Dorothy,bilibili,3546665002731879,10381,15169073-6f4f-5e86-bbc1-354c0d464612,,,
0,苏格_suger,bilibili,394688237,10381,fce00126-40ca-5102-a7ae-475211e2a1eb,极光社,9548b50d-dbb9-5b8e-9a4f-a86239ac14ca,
0,湫湫崽,bilibili,3546660019898606,10378,f97031f0-3378-5397-939e-47cf22ad2695,,,
0,洛洛freme,bilibili,574477,10376,80b3ff07-92a7-5fa0-a897-80541318ad9d,,,
0,璃亚,bilibili,414293809,10374,6bd0d9cb-31a0-52a0-b9a4-3b39f97f9b7a,,,
0,渺渺neko,bilibili,398513590,10354,580d1011-b036-5e88-b9c7-21fc46aada4f,,,
0,小鸟游Ayu,bilibili,3546767714945758,10342,e62f7349-2424-5af7-ac74-9d1f68e22847,果子本铺（北立交桥）,adb0ac1e-8f0a-5711-96bf-b7bc5676eda4,
0,豹豹,bilibili,3493124934470587,10337,bbcc4cbd-a127-5d44-aa44-c2247b475d48,C-Live_Project,54f12813-1527-5f52-b566-3b36f51d676b,
0,桓信Official,bilibili,5106924,10330,b3682265-4546-5e44-a3e8-a53352aca4f4,,,
0,陆桃,bilibili,431537245,10327,e040f467-e3be-5379-8eb4-a8312735f5d5,,,
0,瓜瓜偷猹-瓜皮护瓜,bilibili,1150417011,10325,d105e8ba-7299-5409-b0c3-10eb0ad85d84,,,
0,秋葵ovo,bilibili,1111372327,10324,77ff4d60-1846-5fe2-b1ed-94b01c9485d1,,,
0,佐仓旬夏Official,bilibili,642588972,10320,b1ec0ac5-ca69-545d-a612-f44b8bde841f,,,
0,千鸟战队_Coco,bilibili,1891728206,10316,7339cf24-2e65-5712-8493-5af10c236aaa,千鸟战队,0fd2499a-5caa-51d0-8946-7d61d5aba18b,
0,猫玄玉,bilibili,439033207,10316,0585dc2e-ed19-5a65-aa5b-e4de8fd250b2,,,
0,黑酱猫kuro,bilibili,699094856,10312,bd6885ba-0d53-5aa2-b279-9f06bc966d4e,,,
0,星崎洛_Channel,bilibili,11228262,10300,a5b33ebb-2cf2-5a9c-831b-d2610cdf38d0,玄月神,a466cec7-5670-59a2-8dd4-66d1a73ad32a,
0,青椒kumo,bilibili,495899901,10300,4f8ddebe-edd4-50d0-8f4b-1bfc033995b5,,,
0,荔汁o,bilibili,3494369036340091,10299,535dd730-0830-597b-8d42-33c35e3786f5,,,
0,白薇Vivia,bilibili,11512994,10298,93a6e2dc-8d5b-5953-b7eb-b72c64016f25,,,
0,因颂Insong,bilibili,3546903033677934,10293,48cc422b-444c-5d71-8aa5-3cc4ad13e5bd,,,
0,☆桜咲梓葉☆,bilibili,15252734,10290,f4c21232-439a-5dff-b395-7ae26bd59fd4,,,
0,Yuka碳,bilibili,1753451,10287,1c3907ea-5fdd-5517-8bfc-12753b3a6295,P.K.S,9fbdaca0-7e23-551b-83ce-22c60b226c51,
0,IRA艾芮,bilibili,1895255207,10281,a18c9fd2-13bb-50ee-850f-114360843161,,,
0,CocoTsuki,bilibili,407980569,10263,685c123a-5432-55cf-83f8-e66165e172be,upd8,62b750ab-e71a-59cc-b6fe-71a2debb5598,youtube:UCH1B9AR8sfWJVf9zcu9rbGg|twitter:CocoTsuki_Mane
0,莓泥小酱,bilibili,3494368814041403,10263,a60d56ad-7346-519a-8668-dad027ce9131,,,
0,战术猫猫yukina,bilibili,33643280,10245,20759a1b-0224-56fc-b750-df01b63c3b28,,,
0,夏日碎冰冰,bilibili,3706998208072014,10244,0708bb3e-6f0c-5880-b9e4-ef87b9ddef36,,,
0,马哆Tramadol,bilibili,3494377297020962,10242,3133b4fa-80f5-5b15-b762-943b5cd822b4,,,
0,奥莉Irina,bilibili,1918601471,10229,7a463425-fe83-5442-b71b-40e572e6364a,,,
0,冉晴Apricus,bilibili,3546852299377457,10225,8cf11d7b-3f44-556d-b47e-c79d859ad50c,,,
0,任盈霄,bilibili,3493087210899946,10217,653c9795-e385-52ef-ac11-c9277fe102da,,,
0,恶月满满-鱿鱼,bilibili,415839306,10217,03c3827f-a79d-58c9-b253-7b0d1901de36,,,
0,狸飞,bilibili,3546564005988461,10215,1ba24ded-8dd2-5ae4-9867-1598e1231596,,,
0,达令sweet,bilibili,416541808,10207,f41ada37-ae12-5f6e-851c-33bcb66582d4,,,
0,猫紫丶,bilibili,927860,10205,deb03738-7085-58f3-820b-c5d68cdb50f7,,,
0,柏岚_official,bilibili,90885100,10197,eff881d7-1f7b-532f-8c4b-fcf3472cd98a,,,
0,糖酥小废物,bilibili,57584675,10196,1b362987-e48c-554d-b50b-6c754fedacf6,,,
0,喀什罗蒂Official,bilibili,19461407,10193,b0bfdb03-0f14-586c-bc33-aaa8ededdd25,,,
0,炽心_nya,bilibili,342745627,10185,e27ca6e2-75f5-57d0-81ce-c7f08f91e3a2,,,
0,祢礼,bilibili,22606862,10185,72bbf9fa-7cbb-555e-b6a2-baa1cd99445c,,,
0,相玉yuu,bilibili,3493143838198409,10180,2ffd2b34-9da9-5a21-b268-483c80bb3055,,,
0,桑小柔Roro,bilibili,1198058576,10175,9c3ae1fe-301b-5860-a678-2d4f18bea1a9,,,
0,微子喵,bilibili,157697,10172,274161fc-6816-5a6a-8023-3c0fd76baa11,,,
0,祈夏夏,bilibili,3537114289408636,10160,b8a37854-2d08-5ad6-a1b7-713d0c8e9072,,,
0,浅野和人,bilibili,478822,10159,cae04a83-4983-5f24-9083-75bdcd1e4943,,,
0,UTAGOE放送部,bilibili,451377668,10156,672b6fe5-8e2a-54d9-bb9d-61175220cec1,upd8,62b750ab-e71a-59cc-b6fe-71a2debb5598,youtube:UC84RYorF7UcJzt_iAYXBisA
0,萝九铃-萝半鸽,bilibili,12588077,10149,80200113-aab0-58ac-8b5c-957c66e2db58,,,
0,夏原哈纳比_Official,bilibili,1463794242,10146,65b5c8f6-2544-5032-abf3-ab20431d7354,,,
0,御伽乃aria,bilibili,615777886,10145,87e847b7-83eb-5276-b2a7-db96d3f1f27f,,,
0,雨寒Ameka,bilibili,17646698,10145,97f38428-115a-5a78-86f3-a23e8f04787d,,,
0,不怜水Hisame,bilibili,3707022289668908,10142,2aa0dfb1-489b-52ab-a5ab-f5f5e93b8107,,,
0,蕾菈Layla,bilibili,666946916,10142,11b1227a-7e1f-5828-bc99-bc3a0bc74751,,,
0,姜汣音Nikita,bilibili,3493267693898266,10134,669a6a0f-158d-57b5-8ac8-4c8774d3a5e3,,,
0,牧枔Morri,bilibili,2128083005,10133,ef5ab90a-6381-554a-81a8-30f68921b65a,,,
0,卯野琪琪,bilibili,6197764,10124,037c7f5e-369b-58e1-b26c-29610fccf76b,,,
0,兔璃Tulie,bilibili,3493121853753922,10119,2905f67c-22fa-5125-804a-24909c2d56da,,,
0,是轻冰哒,bilibili,23503039,10115,90e34587-75aa-53e6-b8e3-b1b3be9a01fa,极光社,9548b50d-dbb9-5b8e-9a4f-a86239ac14ca,
0,雪歌Hana_Official,bilibili,2284456,10111,eadfd806-ee16-53c1-9d84-5cd689c0e9e5,,,
0,菲琳lucky,bilibili,3546726417828701,10110,4640d020-ea25-508f-a9b2-861c7bbfafa4,三光五色（北立交桥）,70f1bfa7-4270-5eac-89ef-a52c777a6ff7,
0,猫吉Millia,bilibili,3546836472170553,10097,e9f93b1f-69b5-557a-899b-9f01abeb888c,幻想社Fantas1A,5074200f-7ef8-5480-920e-6c21f74cedd6,
0,_かがみ_镜,bilibili,43187576,10088,674ea725-7ce6-58dd-a162-c981e0775586,,,
0,沐歌mukei,bilibili,3632309391592393,10087,85d27818-47ab-51e2-86de-c7f8992092cf,,,
0,椰蓉糕糕,bilibili,3546603795253744,10079,2e9848db-b4f5-559b-818a-2123cc3ac32f,,,
0,兔妮Tunika,bilibili,161184176,10076,1d992c7f-4bb1-5fcd-a901-bfeb42eb1b24,,,
0,久世9c,bilibili,102265085,10075,4335f9db-f503-5b6c-af83-6deafeaa4fa1,妖精管理局（北立交桥）,c8d7d021-ce8c-56f6-90a2-ab8758b3ac8a,
0,喵小酒-Yami,bilibili,3546645167868342,10075,b2135e26-0c19-5aa7-9f78-d53abb95c43d,,,
0,Ga哒酥er,bilibili,3493081800247470,10068,aed3f092-9d83-5dfe-b6c4-da6f26117d87,,,
0,紫蝶来了,bilibili,664220579,10065,ea216bb7-09e4-5f92-93be-97d45656c08c,,,
0,北见曦_Official,bilibili,495824057,10064,e7f2526f-ce4e-5e62-8eaa-048e99970092,,,
0,江屿_Jarel,bilibili,3537111359686703,10059,4fadb489-31e7-541e-b057-0ecf8c0baaac,,,
0,找呀找呀找乐子,bilibili,8337028,10055,cd826f3f-348b-5e6b-ba9d-b48836f1ab0a,,,
0,豆团子_Channel,bilibili,4711217,10055,5d9a1816-d208-56e3-a67f-f1ab1b44789d,ChaosLiveSprout,e67fb222-1c4e-5f19-84da-9e8beba2c365,
0,野里Nosato,bilibili,499135372,10049,c862fd06-b2b6-51b7-970a-12643f53effc,GravityS Project,3dfee54e-d852-5781-b361-5b71c3d16b84,
0,星瑶Xyao,bilibili,3546645773944860,10047,bbc4f571-b150-5875-868e-340fe1a8d78a,,,
0,琥珀ねね_Offical,bilibili,595112179,10045,405b5327-d938-5c5e-9ffe-1a85256214c2,,,
0,爱上幼一,bilibili,3493274532710557,10039,3950d46d-fcb7-5a87-9a73-8bd8531974c9,,,
0,雪松子Snow,bilibili,502183334,10039,a32168a4-cb6d-52f0-baae-e96336e86b88,,,
0,半口菠萝包,bilibili,646358674,10036,2904b0e2-1a63-5389-b523-804084be6d3d,,,
0,翎眠眠,bilibili,8039356,10033,c337c246-6a8b-5d2a-8d23-989a1c87fa51,,,
0,ゴミOfficial,bilibili,34612975,10032,e75ffac0-5eb5-5d21-9866-cef52509691c,,,
0,幼虎Dodder-8-,bilibili,5430003,10031,ac9435b4-65b0-5a47-97d4-03afc219503a,尼比陆,e91a4eb4-14fc-500f-a8f5-f8650d62dbd2,
0,猫渺渺Mio,bilibili,200523215,10028,bbf1f62d-4284-51b9-9268-a71f3ec9c808,,,
0,音绵Otowata,bilibili,13105825,10027,6bf2a6fd-57e1-554f-919c-9b54471f7e34,,,
0,初霜Shimo,bilibili,743603,10022,8b5dc879-cf91-5c96-acfb-cc0fa1da4566,,,
0,雪芽_Snowy,bilibili,1832233549,10006,0495b4de-e295-56f8-b413-308e6f38f74f,,,
0,星濑千绘,bilibili,3494349614614534,10000,ebd7961c-01a1-55f5-a0bd-dd3eafe496b5,,,
0,桃乃Peach,bilibili,1459446062,9996,9255abcc-77bc-56b7-a600-770b8f36f18f,,,
0,艾斯托蕾拉Estrella,bilibili,694399266,9992,dc901ac5-1fd6-5c55-b139-133ca9ed70e8,,,
0,皮皮channel,bilibili,357892988,9987,ead42b18-ef16-55ac-93d9-2b03c4f688fb,,,
0,阿塔塔Gioro,bilibili,1847549601,9980,b0cf78d5-8c3c-5345-a616-4dba5850ad4f,,,
0,星梦_Elsa,bilibili,3493277498084282,9979,50717a8d-15d9-5e9b-9ccb-f91378501115,,,
0,兎紗みみ,bilibili,216648,9978,0f53ae12-fb26-5b63-b3d4-7690f7008b0f,,,youtube:UCBAopGXGGatkiB1-qFRG9WA|twitter:usausachannel|userlocal:3338C141F587ED66_645cc2
0,奈璐Naru,bilibili,474856218,9976,8707ab90-2a5b-5f80-95d0-ca397798395b,超次元学院,cc64b75a-f000-5b4a-bef3-bc727dab00a2,
0,雪乃衣Official,bilibili,1584244834,9975,9117174c-dce7-596d-b5b3-cc048b4b6d4b,,,
0,蔴夢奈奈mamonana,bilibili,1875318335,9971,f4477b59-d9a2-541b-a4ed-2d4531e5696d,猫铃社,6eec14e5-38cd-504f-a995-b7bd15b4c51f,
0,结城amu,bilibili,1002731313,9961,fc8a2eea-2df6-52eb-a74e-497ac678f043,,,
0,暴白bw,bilibili,13954468,9960,c5c24e22-3629-5c47-b505-3e795947e6c4,,,
0,神宫极乐Gokura,bilibili,3546959558216017,9958,6fffd97d-33d1-552f-975c-bf20ea557ce5,,,
0,电子小猪柔,bilibili,498176231,9957,aaea870e-fa1a-514b-9182-b1628747540d,,,
0,李锦鲤Koi,bilibili,1074903531,9950,63deb862-4686-51b9-ad35-e7f7d320d9bc,,,
0,桃绘音serein,bilibili,511049879,9938,700c6d47-2c49-5e7c-ad14-9fc52c7cbfe9,,,
0,黎黎亚,bilibili,490700,9938,340dade3-3145-57f2-90d6-efdd6727c8d5,,,peing:riria233|email:Riria_17JK@outlook.com|afdian:Riria1115
0,噗噜泡Puru,bilibili,3546864230074410,9937,4eca8ee0-0231-5863-a822-58923779c241,,,
0,流明汐奈,bilibili,3461574234736872,9934,d75d5922-2803-5219-92a0-22a80603b3ef,,,
0,余不绝,bilibili,1932574039,9931,b2d38bad-7823-59a6-93a1-f9dd78c43316,问尘仙会,5f2eac9f-dc17-577f-a22a-19003e81fcdf,
0,莉莉安Lily,bilibili,3546379253189348,9929,4e5a8baa-e5d2-59ae-ad9a-fc268431fba8,,,
0,星熙子,bilibili,1265433547,9927,a1b89a27-9cc3-59c5-8d8d-86dbf4ac9bb1,,,
0,ittami,bilibili,3493119861459826,9916,b43d8da6-4c2a-5d45-9ec5-62d62b1dbb95,,,
0,Tilinme时澪,bilibili,7380366,9911,70f1f721-20b7-5862-abfb-608a72a7ab5a,,,
0,步海あゆみ,bilibili,1172063310,9910,f9eb35de-6353-5ab4-af43-b371bbdc0b79,,,
0,黑弦_Channel,bilibili,648053,9909,d210f3d3-832e-5b41-bc6e-54a0dcda26b6,,,
0,师云泽,bilibili,17214166,9905,7650706e-db62-5e2b-98a1-44c1ef1d3959,,,
0,流存Lexim,bilibili,3546885837031507,9892,3169b24b-301f-547f-8ba3-319cceea4321,构梦奇点GOMOON,dc551c4b-d1d0-5b20-8526-86d4bf348629,
0,切茜娅cheya,bilibili,1807115310,9888,15574d8c-a115-5ebe-86cb-386bd15d5e42,,,
0,艾妮INIE,bilibili,2084828421,9888,ba30c60c-3fa2-513f-9357-94d1dd65e84f,,,
0,沉默藕和Kururu,bilibili,2111835557,9871,42828c51-7b47-5c79-818c-bc28af72611b,,,
0,十六月兔,bilibili,28205705,9870,151a24b6-a63b-5ba8-8db1-a4c5dac64b26,,,
0,夕言就不睡,bilibili,10553191,9868,59a686c2-17b6-519f-9806-e6f2c7cc2cc0,,,
0,柊花凛-Karin,bilibili,492921093,9862,4d042471-665d-52e4-9a5e-49a842538f5f,ChaosLiveSprout,e67fb222-1c4e-5f19-84da-9e8beba2c365,
0,天使01_Nekoya,bilibili,110534132,9860,d100a107-59a4-5c71-9d47-e5da3d946271,,,
0,可可依_Circle,bilibili,3493130470951698,9859,6447b99b-595d-5c80-95e9-d2891e1dc307,,,
0,一颗困芽芽丶,bilibili,505986955,9858,63e09a0d-78ab-5a2f-9458-afe10c94371c,,,
0,钱香盈,bilibili,249250975,9857,52dc6b1d-36cd-5cf2-a5b9-34ba7c3fd57e,,,
0,あらちゃofficial,bilibili,1887889855,9855,f0ed9112-1ef6-54b1-89f4-9d73d36ccde3,,,
0,蛇目Janome,bilibili,1186762218,9854,86ac9b63-4959-55ba-8a78-8a8c5548f055,Tinsgoo-Project,e2e54677-6608-5996-9976-464cfd4ed739,
0,邱责,bilibili,410602048,9849,eb517671-4031-5196-a683-3eacf874f1f2,ChaosLiveSprout,e67fb222-1c4e-5f19-84da-9e8beba2c365,
0,洛池Volador,bilibili,1827655757,9848,f2aa62c7-cd36-5fdc-b524-37882fc6edf3,,,
0,爱吃辣的白狸,bilibili,316575926,9846,8d31e3f3-500d-58ad-bae1-469fe05737ec,,,
0,梦灯Meito,bilibili,477679591,9844,db3f4a53-b1cf-54a4-aa64-0516b4b5c304,,,
0,密涅瓦·劳伦特,bilibili,1172195900,9834,0ec72431-86da-5f42-9897-c79bb4f71281,,,twitter:KinniVT|twitch:kinnimin
0,微々微みくろ,bilibili,1487567861,9832,78dce903-a9c2-5dde-a5cc-9986f302475c,,,
0,哈库亚Hakuya,bilibili,58226190,9829,e6b18f02-32ce-56e5-b2a9-34bc7df98d34,风云社,66ab2857-8a5f-5768-a532-f9a05a6d7572,
0,阿芙拉Aphra,bilibili,3546382839318691,9829,fc618c52-6cd1-53d5-aacb-93714445a201,,,
0,犬飼御理Gori,bilibili,3493117525232492,9824,33a4001d-7376-584c-9edc-ef29f9e63d84,,,
0,诺白Hasaki,bilibili,670052102,9815,c2d3fd83-d644-5859-8070-a9c2d053ec70,,,
0,姜洛,bilibili,493990893,9814,49479be5-015e-59e6-ad64-15c2e4b2953f,,,
0,苏凰月,bilibili,586368653,9814,595bd9fa-059f-5529-8158-c62005d404bc,,,
0,hololive DEV_IS FLOW GLOW,bilibili,3546971205798177,9812,809f2058-1687-5c62-a21b-cd8804036140,Hololive,40e82f4e-40d8-539c-87c8-ed17c6ea519f,youtubeat:DEV_IS_FLOWGLOW|userlocal:03BC7B4B9A53794F_a10ed6
0,桃噗噗,bilibili,3546907255245583,9809,1b0da42f-9097-5eb7-b5a0-ad662c39b830,,,
0,乎乎_Fufu,bilibili,3493293170100832,9800,f12e2a64-cb91-58fc-8f8e-26f9a146f495,StarDust星云社,aaaa38ee-9cea-51f5-a5fe-795fbb0259ce,
0,铃兰书店,bilibili,3546665631877592,9800,b63205f6-3e57-5a61-ba10-3d2ea451b5a4,,,
0,小圆Nayo,bilibili,3494358231813035,9799,2d583b28-7498-594a-a7e0-4df810c2bd04,,,
0,小棉不是小菜包,bilibili,231881947,9797,8fdca0e6-b142-5ec5-995f-9e27cdb57f61,,,
0,权娜魏斯_KennaWeiss,bilibili,18808866,9796,e7e8ec64-97ef-553d-bbfb-f146e120cb4c,,,
0,贝vivi_唱歌的,bilibili,3494377395587810,9795,8f7cda44-5f93-5e94-b44c-0ce753792089,,,
0,奶瓶与人头皆失,bilibili,3493144242948099,9791,6ce53c17-e632-5262-ac9d-fee3aba8dd7f,,,
0,薇薇羽Viview,bilibili,3461581394413982,9790,dc685f93-19e3-576a-b9c9-c42a1ade9819,,,
0,绊月柒_kissne,bilibili,287769888,9788,56201821-f125-5eb3-977b-8083613edeea,,,
0,咸蛋黄饭团-official,bilibili,1382719257,9787,8035e1e6-5dd1-56bc-b1b8-2b6f99c4b228,,,
0,百合园悠梨,bilibili,1909777709,9783,1a1b0966-7d80-5b30-9e27-35ff18c87647,,,twitter:yurizonoyuuri
0,佑灯身高一米八,bilibili,1918837081,9781,09fd2d8a-61d3-5037-8ce7-868d8a2fe568,YOLO,a7195ae4-4ee3-5905-a447-4c528d788666,
0,夕莓Channel,bilibili,3592916,9781,117765b1-5bd6-5a47-83cf-80218befaea1,,,
0,恬酒酒,bilibili,1625792077,9779,1f24ac6b-e791-5240-a443-7a038bec00ec,,,
0,綿白詩茵,bilibili,76090342,9773,c272b910-d7d9-56c9-aa87-ae89bd93c482,,,
0,君野莉露露,bilibili,1253510454,9765,f8f7190d-53a7-51b5-bb95-e8cd53c66ea5,,,
0,Rata芮塔,bilibili,2065895628,9761,df139a31-ae91-5547-ab2b-a5734a2b7f24,虚研社,d7af6703-ed00-53bf-aa46-0d5cf679925b,
0,霜月栗子_official,bilibili,4997542,9759,383736a8-55c8-5112-856f-61633f374b29,,,
0,蓝芷Echo,bilibili,3546776451680608,9757,f52f6d4a-c43a-5a30-b6c2-6b761fe26a8e,,,
0,兔尤好困w,bilibili,1677271465,9751,8e09ec71-f466-5ce3-b3b3-65c2a0931ef3,,,
0,华枝雀Harpy-8,bilibili,3493270279686974,9751,9ee5eae3-fd15-5921-8233-1a67211bdf53,,,
0,沐沐_mm,bilibili,29420416,9741,6c3b84d0-adfb-572a-932c-f588c670fbfd,,,
0,莉莉小仓Kura,bilibili,3546606374751030,9731,6b63ef6b-ce80-5f62-81ec-b7b6c789dc82,,,
0,桃井眠Meme,bilibili,3189048,9730,2da30441-d7e8-5efb-9415-aa74cb21567c,Facemoe官方,621939ef-f164-5a7c-bd19-aadbe9679b01,
0,氿姬kyuu,bilibili,3546903350348268,9725,152a5e8d-5df0-5c63-b7e4-f9e4f9c31ac6,,,
0,海月茜official,bilibili,2005690250,9724,881adbfb-c3fc-52a7-b6eb-e09c195b23bf,,,
0,普梨魔芽璃流,bilibili,1759594112,9715,f63f922a-5af2-5c6c-b8ef-3780b439404d,,,
0,月小夜official,bilibili,3692491,9714,1f1e81d7-7c5e-57a8-837b-9b85c4ae98ea,,,
0,卡希娅Kirara,bilibili,3493119058250013,9711,f397aa5b-0072-52e6-af76-7e82d4d1271c,妖精管理局（北立交桥）,c8d7d021-ce8c-56f6-90a2-ab8758b3ac8a,
0,白米飯飯OuO,bilibili,3493285918149181,9703,d6e150fd-84e5-5bc5-80bb-9532e56cc249,,,
0,洛洛缇娅,bilibili,32713922,9694,685f391f-1896-548a-86d0-797e2bb06c30,,,
0,鲸头鹳channel,bilibili,3352418,9684,0d52184c-76a0-53f9-9f0c-80a39cffeba3,,,
0,胡桃果粒,bilibili,1947024575,9682,5ec64bae-a833-5cc9-8641-ec6fda728e4a,,,
0,决明Cassiae,bilibili,620499305,9680,64d62e00-6abb-52a1-b512-0c4daa0c734c,,,
0,苏卡笨蛋,bilibili,3546912969984921,9679,8ab48dc0-089e-5917-b351-aead7a0498a2,,,
0,萝艻看着你,bilibili,240686445,9678,60b9bc72-84e8-5286-801b-412c2fdcc8f5,,,
0,维恩蒙斯_Vienmons,bilibili,429507966,9670,bc5a2940-8406-54d0-b6ff-9a08e52dc8a3,,,
0,一之濑汐音Shion,bilibili,3493134921107737,9665,f67e25a9-a21b-57d9-b061-a705f1e30d3b,,,
0,繁秋Autumn,bilibili,89501263,9665,3d84729d-e6df-5182-b0cc-cdc6f4bf9db0,,,
0,槿初不加班,bilibili,35649933,9652,faf19dde-ce48-51d0-8583-cba871cce6b5,,,
0,西妮贝尔,bilibili,512033026,9648,651286ed-cefd-57cf-ba28-0230095f6d86,,,
0,亚诺斯Official,bilibili,666953,9644,62f12795-7ad0-5203-a5d8-868d4212b1d2,airΛtom,6fb3fa4d-5741-5602-b538-0117b8a90348,
0,祁卷xia,bilibili,3493121648232684,9644,b2e08cbd-fb61-533c-8e1f-9658a5046e0f,,,
0,水野沅,bilibili,3461576763902232,9636,767c0dab-4386-55e8-b8ce-39d331b8b1a0,,,
0,别抢我橘子好嘛QAQ,bilibili,10591930,9629,2b4c8d20-cecd-548e-bca5-ee70547e5e99,,,
0,知郁ukiyo,bilibili,1374298948,9620,8725f5e4-4d59-56a0-b4db-05c703ec0536,,,
0,飞扬Channel,bilibili,5085228,9617,92f59170-e70f-5f06-acad-a46331e36890,,,
0,喵诺mono,bilibili,524556198,9616,91bb405d-d250-5bdc-9a68-2616e2ea9ec5,,,
0,柠檬律师Lemon,bilibili,137962590,9613,cc684f0d-91b8-56a7-94ad-bbf3940841f9,,,
0,盐栗栗,bilibili,1812582238,9605,40e5558f-7df2-56b4-8159-980017007c78,,,
0,聪明伶俐的小糊糊,bilibili,13912189,9603,e7b01373-2dc9-5514-9f94-cb3a1c3d65fa,,,
0,特雷莎,bilibili,586849155,9597,93f88179-7770-5730-ac6f-647ac485ac8d,神椿工作室,8e11a33b-c9e1-574f-8300-c8e5aa050010,youtube:UCqG0skCM-dky7KGazl9bLqA|twitter:virtual_teresa|instagram:virtual_teresa
0,月见栗_TsukimiMaron,bilibili,3493104709536312,9595,5e98aafd-4aed-5507-8585-0b7b229017de,,,
0,锦里姬_Official,bilibili,626934757,9595,30df6015-14f3-5d4f-ba3e-8d00f5370575,,,
0,晚音有点饿,bilibili,490807223,9594,936a7059-678b-558a-ae42-a518e5f6be74,,,
0,米田木_茜,bilibili,297972069,9592,037b173f-9fcc-5ab5-9d61-d1514c116088,,,
0,阿尔忒弥斯Artemisya,bilibili,13491492,9592,4b4f84e1-ed3a-5d07-9913-d24734e98331,,,
0,一口一个Mao头,bilibili,3493261505202710,9587,bc77e8c3-4b78-5566-976c-ad49b2e140ce,,,
0,妙蛙理子,bilibili,1458295838,9585,a9da0666-643d-5388-8cbb-7f1aecaa7c37,,,
0,奈昔NeXI,bilibili,3493093812734297,9584,1d1a873e-178d-584d-8bee-9c1d07f3081e,,,
0,一只雏羽喵,bilibili,21685335,9582,7398fa10-054d-5ae5-a579-410cdb6c747f,,,
0,蒂萌奎茵DQuinn,bilibili,3493112741628777,9579,c120c88f-d37c-577a-9ae1-113d39dce2f1,问尘仙会,5f2eac9f-dc17-577f-a22a-19003e81fcdf,
0,H2SiO3笋,bilibili,5023410,9571,f370c4bf-500c-57d8-960a-bb2ec7715526,,,
0,塔露_Umierrrrru,bilibili,610601708,9561,0d4940c4-2ba3-57df-b4b4-680b50fe6fb5,,,
0,梦梦_Skr,bilibili,3546858385311925,9551,42b65773-4902-59f6-b966-b8c7c8f052df,,,
0,羚翎醬,bilibili,3546585239652561,9533,ec98d626-fdc3-54aa-8cfe-575ab929e717,,,
0,千春葵,bilibili,220293909,9530,17b5bc6a-96ca-53fb-b197-18472f43635c,,,
0,枫和fuuwa,bilibili,3493258495789418,9520,9f22dd15-d554-5083-a823-e132be94f4c2,,,
0,兔美咪奈-官方WACTOR,bilibili,1570133561,9516,609f5659-c11d-5449-903f-13fef6d7204b,WACTOR,682089de-7fe5-5303-8939-37eeab633407,
0,弥蒂娅_Mystia,bilibili,1247379069,9510,7c8426d0-cba6-5bca-b0f5-bf54fd521567,,,
0,彤宝可爱捏,bilibili,240658212,9506,62518f4d-dfba-5782-8223-ca87a10b304a,,,
0,巫天翼,bilibili,3493297213409571,9503,7e9f2950-e587-5716-91c4-9a74597700f0,,,youtubeat:KannagiTenri|twitter:kannagi_tenri
0,水水Mizu,bilibili,116418830,9499,12555701-9b8f-5bbd-8fa8-8d3b8cf5a27b,,,
0,贝崽_babe,bilibili,3546676390267608,9491,c770fc3f-58c3-5f1c-8456-7f3af43b905e,,,
0,Andy睡过头啦,bilibili,1941171138,9489,c9a3a6b1-398b-5e0c-8985-c83f759f60cf,,,
0,京九霜,bilibili,478425060,9474,210784b7-44f1-5ff4-b0af-02d02d4058df,YOLO,a7195ae4-4ee3-5905-a447-4c528d788666,
0,佐仓铃Official,bilibili,625220399,9468,a7abe2f7-c84d-5dca-ba96-5284f981be5d,,,
0,花财喵fafa,bilibili,3546873637898560,9464,936cf686-49a0-5f85-b42e-f6a4ed6c1405,,,
0,木须tamago,bilibili,1820024161,9462,cc2eecaf-22c8-5ae1-a810-c3615237a20e,,,
0,今宵Yoi,bilibili,3493263547828524,9459,fa9379a1-a857-55d5-b2a9-c82ad0cd2b9b,,,
0,清和月Kiyokatsuki,bilibili,3493299149081149,9459,42535544-b9e3-5cc9-ad50-4c9122e847ad,,,
0,卓玛泉,bilibili,608777966,9458,10a57744-a41c-5633-982b-5fd08875738e,,,
0,米浆ん,bilibili,4378782,9456,04f6764c-8bdd-56d3-bb1d-9fb0bde3d0e7,,,
0,神山眠_nemuni,bilibili,9224445,9425,7d8a6b21-2ca9-5ff6-8947-9cbd86ba705a,,,
0,弥可_Miko,bilibili,3494363256589187,9420,c6f6d97c-7613-521a-ab12-c83c5d5de599,,,
0,星夜Channel,bilibili,498506274,9420,dde7491f-f028-5c5b-b4f1-a5f44190902e,,,
0,叶纯会努力,bilibili,26227937,9417,68ec0237-d505-52d4-af97-3b26f71d08dc,,,
0,遥夜haru,bilibili,8001272,9409,4d6504fb-88a3-5df6-9ef1-dd37ee609cd3,,,
0,凛凛叶Ririha,bilibili,3494364745566747,9408,1deda734-a4c0-5819-90d8-d78117e87936,SparkQ电光社,7893a9ee-da88-54f3-8005-023fc8095d8a,
0,Kana_卡娜,bilibili,2115078,9401,149c29ed-6c83-5786-bd76-5bd726d5b569,,,
0,飞鸟葵aoi,bilibili,3546901567768938,9378,b0734c81-1d43-549a-b2dd-1667d83b9b02,,,
0,克琪亚Cookiya,bilibili,174494974,9367,efcd723a-1e90-5475-8dbe-45726523ddac,,,
0,零诺Zero,bilibili,93893014,9367,df6a67b7-9d38-5ddf-a5be-83dbc0b267bf,,,
0,言喻yanyu,bilibili,7468371,9364,4ce45e68-4f53-55ed-b062-9a0fa45b59cb,,,
0,可燃冰块,bilibili,34552854,9356,422bda37-7861-55f0-b19b-8937e93ebae6,,,
0,蝠又pupu,bilibili,1568890789,9356,49706bc4-aef6-54f9-8636-556db50b50f9,,,
0,爆爆坚果,bilibili,7978242,9352,78cfb3b8-e40e-5c7a-b471-4140481b2508,,,
0,星野澪_Mio,bilibili,1806974352,9351,f318cb5d-ce44-5161-a4bb-384c85ebd025,StarDust星云社,aaaa38ee-9cea-51f5-a5fe-795fbb0259ce,
0,醇月tipsy,bilibili,3546837206173987,9343,da324da7-59cd-53cf-8f75-dcd381f75e7b,,,
0,小鞠,bilibili,9986117,9337,764b8b4d-bae8-5996-939b-7de7be7505cf,upd8,62b750ab-e71a-59cc-b6fe-71a2debb5598,youtube:UCfiK42sBHraMBK6eNWtsy7A|twitter:kashikomari_ch|userlocal:D4069AEC24B3F8B8_ff1185
0,艾达不咕咕,bilibili,34107596,9334,4ce0efbe-9b08-5846-ae86-a683fccbe40f,,,
0,魔王MIMMO-official,bilibili,1070397650,9332,eeb1c9e9-babd-5a9e-ba6f-53df1b4c08ba,,,
0,雷娅Reyher,bilibili,3494378920216909,9330,8e8eddae-f232-5bb2-b4bb-b8ce49ca5bfc,,,
0,不想睡觉的洗洗,bilibili,4447907,9327,2036bf91-e9d8-50c4-9734-ae7956eb84af,,,
0,梨梨Eriri,bilibili,1495180530,9321,0611b3a3-c229-579b-8570-f71f377a1ada,极光社,9548b50d-dbb9-5b8e-9a4f-a86239ac14ca,
0,雾岛_Kirishima,bilibili,395572628,9314,6f947186-87bb-519b-860f-751cec75a2c8,,,
0,奇妙双子QAQ,bilibili,3537104510388570,9311,f4ccf548-994d-5296-9050-0879714e7e63,,,
0,墨风蝴蝶,bilibili,3493297104358161,9309,8c5c4ede-65f2-50dd-8d40-0850d746558d,,,
0,啵缇兔_Official,bilibili,1226850716,9306,bc5bec5f-1d5c-5f4d-b464-b8ecb8aba82f,,,
0,钟余_,bilibili,3546825571174470,9306,cca6edd8-8bc7-51f5-b163-c5294fb5f7a5,,,
0,梦魇Tsuki,bilibili,59275,9304,a04bebcf-b56a-5ba5-99f8-79d352685ca0,,,
0,赖赖真不赖呢,bilibili,3493087865210994,9297,da1a384e-11e4-5f91-a471-c1cf2356aa39,,,
0,见澈tooru,bilibili,2038511,9288,bb76b7b3-5bb0-5f02-8fcd-13c75cde59ad,,,
0,奇露羽,bilibili,18796087,9287,21ec33da-68bf-5772-8721-171a5ab74d81,,,
0,Kekon,bilibili,9561918,9284,dbfde20c-36e9-5fc3-8d82-c17c0c89426e,,,
0,饱饱,bilibili,3537120111101973,9283,c5c0851f-8230-5e17-b1fc-ee927300b541,,,
0,风尘雨w,bilibili,12163624,9280,0f9e5c68-b4b8-5aed-a1be-6d2008290c57,,,
0,晴一Hajime,bilibili,1616183604,9277,d606e6a2-564f-5269-8cd7-d0f720e38a7f,VirtuaReal,6a8d2bed-dc2e-5ce1-a3bd-e31317aa4e23,
0,菌菇酱_Official,bilibili,3345849,9262,d2f99d2b-2014-5e65-a788-a4e5d2f0881e,,,
0,Ttwo22,bilibili,3546614308277142,9259,c6b51691-5a6c-56c5-a51b-a2fb00e145a8,,,
0,咖栗kari,bilibili,1620747197,9257,0dbaac1f-abcb-5fd3-aae7-df2a3a34854e,,,
0,由希Uki,bilibili,1203581876,9256,065bf358-4d80-580d-a763-a9391d132aa7,忒弥斯project,114c0bc8-d905-5e64-80b4-6a09cdd389a8,
0,SallieRed,bilibili,3546839806642734,9251,5cb88ffa-f637-5c2b-af6a-a18759f16bc3,,,
0,兔绾绾OvO,bilibili,3546872469785387,9242,fc0b4d88-4e90-5a65-8b25-9af4db6a0a2c,,,
0,星原骏,bilibili,616152518,9242,2dceb4e0-6b5b-5c0b-92e4-6db766d606c3,,,
0,雪璃是只雪貂,bilibili,1091531216,9241,3d56fd10-fd8d-5911-aeac-010a6a990817,ColorLink,909b9dfc-3691-5887-8f38-40d8287fceb0,
0,MaiPrincess,bilibili,414753486,9231,19e4ef43-6a9d-5ff5-b79b-d59e8c98d19e,,,twitter:maipri_official|youtube:UC2c8dQYdDadn7tmK_d7o-HQ
0,先斗宁,bilibili,104561147,9224,c87ca207-7f73-5b9b-b3bd-4cadd9a0a956,NIJISANJI,5da64d9a-b5d2-5f3e-ae3c-35ec6aa42492,
0,愛里紗メイプル,bilibili,1800010,9221,538c93a1-b5d8-5f03-8944-0758bbc97a65,,,
0,苏梦瑶,bilibili,150123190,9221,74bb9840-e75c-59e7-8f78-8a3f6cafc262,,,
0,呜绒,bilibili,3493260825725825,9220,e3410c4c-ac5d-5857-8e98-3fa6d7856d79,,,
0,夢野澪mio,bilibili,3461572831742566,9220,7c414fdc-1750-51ed-b7cb-8ecd1534848b,,,
0,庞德科洛夫PonderClove,bilibili,1436978042,9211,f0ead80a-31f7-5ec8-aaa3-e1cfc6f74347,,,
0,西洲梦長,bilibili,294171961,9210,176882ac-99c5-516c-83a4-66a208d16749,,,
0,乖乖很乖吖,bilibili,2085050660,9206,3575b9fe-0546-5285-a240-01aaa4ce8dfc,,,
0,林南星Sivan,bilibili,3546885962860730,9199,ffacc912-8bf9-5ba4-b0a7-cb6b9519b9f1,构梦奇点GOMOON,dc551c4b-d1d0-5b20-8526-86d4bf348629,
0,霍柴玉铉,bilibili,4211156,9199,38a0acc6-b54d-507e-84aa-45fdf09bb3db,,,
0,旺旺小金鲤,bilibili,399925144,9197,55460395-ec32-547f-88f6-a18ea0d76862,,,
0,云一Samuel,bilibili,1384266315,9188,22a835fa-637e-5a84-b1ed-d1c9702dc5e9,,,
0,塔洛斯Tartarus,bilibili,1257095895,9188,26beac47-77d4-5abf-b08c-74b3dbea5226,Tinsgoo-Project,e2e54677-6608-5996-9976-464cfd4ed739,twitter:TP_Tartaros
0,影潞Kagami,bilibili,1706304861,9188,4caa86a2-32eb-5a8b-b3f4-c8b7ce1e974d,,,
0,是南溆吖OvO,bilibili,23279074,9173,02a093d2-14fa-52bb-9fb1-72efeec37613,,,
0,阿音Ayln,bilibili,3494371731180011,9164,0a898225-8a61-52ce-9c5d-80319ba48568,,,
0,_Sumire,bilibili,2284443,9157,9c910b91-1ec1-52db-a7e2-d88a9ef8c34a,,,
0,珠鮨Yi_Official,bilibili,605416220,9152,8046d2b2-9bfd-50fb-890d-bea230d674fb,,,
0,麻可可,bilibili,1277310992,9142,91c2dc51-2ac0-57f9-8a33-a66d7bfe4b4d,,,weibo:6476005913
0,安婧,bilibili,3493086428662337,9128,4abd93ab-fc78-5f6a-9e6c-bd9256ce5916,TTUP,33b56a7c-193a-5f5e-92e3-44d864560b44,
0,猫猫大王oi,bilibili,3546813252503740,9124,061703a9-8c1b-5835-970f-bf9a3a067d7e,,,
0,川崎桐切Official,bilibili,95061837,9123,bfb11c8f-b5f6-5e7b-8d11-9611ac9193bc,,,
0,獭叹叹_tua,bilibili,3494354217863618,9117,c7b4c499-0e21-597c-b1bc-c5a343a49a9a,,,
0,ココ双语分离研究所,bilibili,418344164,9115,f2381bc5-1bbb-526d-8f66-041fab39f208,,,
0,雨宮あいす,bilibili,3493077331216706,9092,fc316eb7-320d-5ede-ab69-c9b4cbf28af1,,,youtubeat:user-ug4ec1zt4y
0,攸仪Yui_official,bilibili,2005546384,9085,0c60105b-09d7-58ec-9a3e-d21894b7fd0c,,,
0,真綿真珠星,bilibili,2113007488,9077,488658f2-ae65-5df9-aa54-10693821f748,,,youtube:UCW9IM0Hns7pNCoOm1OSmfEw|twitter:spica_mV
0,鱼沢Orange,bilibili,3546980622010599,9073,6f9d55f2-e023-5970-bcde-0ca7e8535a66,猫猫祟祟（北立交桥）,0224316a-592e-547c-89b6-9f4f4e425779,
0,柚只大小姐,bilibili,1302129189,9071,26fd2e00-c925-5eb1-ba64-8310ee3b2ff0,,,
0,春野清子,bilibili,2058652986,9070,e789fd47-c135-5704-816e-ae5265263102,,,
0,哈雪橇,bilibili,3493087049419451,9069,237e1cec-8556-5e06-9b0f-c4d9514a26a2,,,
0,泽罗伊岐Zeroichi,bilibili,615541897,9055,6509b305-0313-51b9-9a27-6444bdccc4bc,,,
0,百合鸽Official,bilibili,18945413,9055,92c03cea-a29f-5385-97be-5b2d6f286d1b,,,
0,日和响也Official,bilibili,327334535,9046,3fbc7a8c-4ced-586c-8c65-a5e7569e269d,chaoslive,7d14580b-8154-5fdb-9777-b1032d302bfe,
0,You米o,bilibili,3690988428069453,9041,f34e3028-e692-5e4c-9666-3509a996c798,,,
0,秋乌不是啾呜,bilibili,5788217,9040,4398120d-531d-5266-8f3c-a765c2f64b2b,,,
0,濑熊淼淼Miao,bilibili,3546630372460562,9034,93418c62-b23d-503b-8653-7dc0075fadb8,,,
0,Rosalin-8-,bilibili,5430004,9033,e622ec7f-29e8-50f6-82c4-24855b42d8df,尼比陆,e91a4eb4-14fc-500f-a8f5-f8650d62dbd2,
0,西娅Official,bilibili,696050763,9025,4bffe33c-115c-5ede-99b4-34ca9d9c165c,,,
0,香梨Shannry,bilibili,1129417147,9019,c7920222-c560-5a18-859e-83d1561fa25c,极光社,9548b50d-dbb9-5b8e-9a4f-a86239ac14ca,
0,电次Volt,bilibili,1712492082,9017,edfd4c61-69cd-5730-9734-146028a34fd4,,,
0,星昼qwq,bilibili,1877403,9016,cce0305e-df17-5268-90e2-875a09518134,,,
0,魔夜依,bilibili,1242749123,9009,4afe0cfa-8de6-589b-b9d6-f937f2c420aa,,,twitter:may_o_i|youtube:UC2OkjhzRpv7p-a3IQfxJ-pw/featured|marshmallow:may_o_i
0,安娜里,bilibili,688059819,9007,d719e56f-ec66-591b-aed7-d27e7ca8694c,,,
0,红辣椒啊,bilibili,385167,9007,f23019d2-5953-534d-aa4d-258e2b602720,,,
0,壹妍_official,bilibili,3493122732460082,8996,cfda43f1-68c7-5cc7-a786-14aba084b7f5,,,
0,九条ましろ-Official,bilibili,1489920584,8994,bce59e9c-b0be-56fd-9ac6-ddc2c9b3a8de,神楽组,9709a2c5-843f-5615-aa16-a2e1d3cca78f,
0,七云洛,bilibili,6658426,8993,9965aad3-86e8-5839-b541-638041e591e5,,,
0,一口小小橙,bilibili,3546745998936607,8982,2cdde537-2b19-51ef-9998-62148c843c71,,,
0,球球_Qiuqiu,bilibili,3494377892612607,8980,2f5c02f4-2d16-5307-ac0e-90745c99f9b2,,,
0,雾间,bilibili,486144682,8980,438942be-f004-5115-a175-dc95b1e85dc4,,,
0,小天夏,bilibili,1943729690,8970,3d511a20-2dac-589c-ac38-c885e2e575aa,极光社,9548b50d-dbb9-5b8e-9a4f-a86239ac14ca,
0,BiBiDao,bilibili,171272634,8960,84e802ef-99e1-5e38-b7db-dc87811247a0,,,
0,入間綠,bilibili,1531227247,8960,cfbe6fd2-00b6-57cc-8025-acd40806f2f5,,,
0,Kiwimi_alien,bilibili,3707070712908035,8956,e7bc9160-5926-57c5-9470-71a47bdbd662,,,youtubeat:KiwimiYT
0,困芙芙_fufu,bilibili,3546896186476751,8948,fa949c5b-0b57-5c9d-85c7-0fc6bd50d1c8,,,
0,云萝Kinoko,bilibili,1384287229,8945,9e3e90f6-27fe-5918-86ab-5538f98fe45b,,,
0,星奈Sylvia,bilibili,3546959056996747,8945,afe61379-e8a5-5bd3-98fd-d97be7ecf6a7,,,
0,天使垣,bilibili,6970600,8942,b11a86e2-6598-553b-a2e9-d8457e4fd1bf,三垣四象project,a32f4ed5-ce5c-545f-bc6b-03fa2b3e6a9c,
0,未时Wells,bilibili,3493113312053886,8929,baab4ed1-c4fa-571b-9ad4-5f871f9a8f0e,,,
0,兎桃-Eri,bilibili,338867573,8924,3ea9ec73-89e5-5e89-8419-6af26d5d53cd,,,
0,柒柒的柒Kira,bilibili,2095825106,8916,2eeca199-ec5b-5d0f-842e-640c0f525116,,,
0,游莲,bilibili,8299419,8904,4dfabebe-3d17-5bcd-875d-19c0d817def1,,,
0,织一Zy,bilibili,3493291060366195,8904,60ba04d0-c1be-5e29-bff4-ffd049a050d2,,,
0,花黎Flowery,bilibili,108820222,8902,52a2941b-d203-5f61-87e7-a699ba2e838c,,,
0,阿夜燐歌_AyaRinka,bilibili,674955196,8895,105cc211-228d-5017-a5a0-5d178af95105,极光社,9548b50d-dbb9-5b8e-9a4f-a86239ac14ca,
0,丑城めうか_Official,bilibili,1899392933,8887,53ce5adc-2c91-5708-a9e2-7a494a0c5857,,,
0,忘川的涟漪丶,bilibili,24031529,8887,14fdfd7d-3acd-5f47-a9a0-f0e6cd335cdc,,,
0,011179号飞船,bilibili,13397626,8885,9cfcc208-5fad-588e-8aaa-c0cd806d142e,,,
0,雨寂桑key,bilibili,74186521,8883,3372c15c-e1f5-5e8c-be17-835c08d41dd4,,,
0,十_Tsunashi,bilibili,1951760606,8869,c34c329c-0584-59bc-bc26-b2066abd32f7,,,
0,柒叶茜音Official,bilibili,494387017,8850,5eff6bfc-d8ee-5174-86b6-e392bd98ffe3,,,
0,粢饭_Ri,bilibili,20801477,8847,d0d015c1-6e45-5b5f-b044-dde88f9f430b,,,
0,九宫黎奈Rina,bilibili,3494350170360436,8846,f9da3e73-0e3b-5e73-86e8-51c34855fed8,,,
0,樱木咲良sakura,bilibili,3546914895169649,8845,af6a7d42-eb05-52b1-b8aa-4af6e0ae36cb,,,
0,欧芙offu,bilibili,57160954,8830,1009678f-1a6a-5ea0-84f0-a9f0767efbde,,,
0,半夏,bilibili,3493086422370649,8824,f05c9f6c-26ab-5ef0-87f0-4f7ccab28071,TTUP,33b56a7c-193a-5f5e-92e3-44d864560b44,
0,铃见Suzumi,bilibili,3546757543758795,8824,b6634a42-ebe3-50ed-bca0-35480de9e67f,,,
0,赤夜幽,bilibili,1336581,8813,bc2137e8-19b3-512e-9046-0be18705925f,,,
0,Demeo阿死,bilibili,793061,8804,dd6e2358-b673-54b4-8216-aff27fdef775,,,
0,祂塔游吉KiTa,bilibili,3546576001698476,8788,58cea724-9e3b-5b22-ade1-0c953c298ac2,问尘仙会,5f2eac9f-dc17-577f-a22a-19003e81fcdf,
0,尤诺,bilibili,3546608394307820,8785,dedad398-6e0d-5d84-9b7f-40acd2a70bf6,,,
0,小怪受,bilibili,28198344,8773,77ba2158-b0b5-52ef-a4fc-1d2d57582ad8,,,
0,逸川,bilibili,2031918860,8769,286046bd-1733-56dd-a8f7-f14576d37a46,,,
0,六璎six,bilibili,179571076,8755,d02d4b43-25fe-575e-a47f-e7cdaf9f9cf9,,,
0,幼薇喵,bilibili,663577831,8754,a064f1e3-bc7a-520b-bf89-e0687a81d273,,,
0,佩尔茜percy,bilibili,507700138,8751,202986d9-819c-5928-ada2-8ed3a6f2ddec,,,
0,蕾琳Leylin,bilibili,1970153302,8749,ba9a1a8f-5bf7-55e0-a6b0-c9123b9c99a5,,,
0,凌魂少女,bilibili,394601599,8747,8d35b2d7-660b-567e-8988-321e22073752,,,
0,林林喜欢二乔,bilibili,2868254,8742,70b51eb7-7ca9-59f2-8f9c-e20a34ce09e3,,,
0,你要不要吃一口,bilibili,1043320599,8741,d58419ad-ca51-5b24-a92e-7d7bcbbdb2ee,,,
0,樱岛泽_official,bilibili,283260822,8732,6d367689-6f9f-5c2a-81e2-4060aa028bd0,,,
0,嗷呜墨尘,bilibili,170257657,8729,745e3912-13e9-5db1-9301-fdd91a945515,,,
0,汐汎_official,bilibili,3493122277379029,8727,e82f54e8-0155-5dc5-af9d-f73b5456bfda,,,
0,玛桃Myrtle,bilibili,228466198,8727,1197a489-f177-5491-995c-cf4d79c9d733,,,
0,空风Kuu,bilibili,199915,8727,8ef75a9e-b844-5efe-92dd-d5cdeb01ecb9,,,
0,千耘official,bilibili,5658712,8724,0b10c32a-ce5d-5169-9b6a-dbc039262f98,,,
0,华江兔莓,bilibili,609570409,8723,92e3080e-069d-5905-b756-c15a51eb7a6a,,,youtube:UCjSFy_YhrpWKxLG0MR0iSbg|twitter:hanae_ui
0,芽雀Yakki,bilibili,4516991,8708,dfe26dfa-29b7-58fa-9a16-eb7445b992af,,,
0,砚星肆_Hoshisu,bilibili,3546775522642312,8706,66cd94af-126a-54aa-8fe9-51d89eac56fa,,,
0,月上Tsuki,bilibili,364519161,8705,881ae7c7-88de-58f5-9967-b7aa63bc63a4,,,
0,银少,bilibili,4933266,8705,2978b16c-6d70-5dab-8a1a-eca464a940b5,,,
0,亚岚_Yalan,bilibili,2070988100,8704,2402457c-b20b-51c8-9959-d254c61c258d,,,
0,Q帕-ホロヨイ,bilibili,1658666672,8699,bf0921fa-c5ff-5516-906b-976933908015,,,
0,小兔姬,bilibili,2081913744,8685,f3d8bb2b-80aa-5228-89c8-41c151bc9bc4,极光社,9548b50d-dbb9-5b8e-9a4f-a86239ac14ca,
0,黎奈,bilibili,392546,8669,bdb7748a-84dc-557d-98d9-d5e5839013ea,,,
0,次元遡腐鱼,bilibili,673579518,8667,82a4324b-f95d-5860-927f-aac731251d07,,,
0,喀希,bilibili,35144021,8664,444f3952-3ef4-5491-b886-0eb8b3d586d9,,,
0,黑洞Eva,bilibili,17393395,8655,51408b4b-8b54-5a6b-b89a-123b14004e19,,,
0,桃川久美_Kumi,bilibili,2386343,8651,7ebf19df-5ab4-5137-81c8-65d330ef13d2,,,
0,星濑知世,bilibili,3493075143886938,8645,3239279d-e0cc-563d-b6f6-276f2cec9401,,,
0,芊绫喵,bilibili,341122517,8645,327b0d1d-99f6-5758-8831-d28f0dc888c2,kingdomknight,726d2323-bba0-50fa-af4b-92b9f5b6578c,
0,幼栗突然出现,bilibili,2082574877,8641,ca546b0a-7032-51e5-bd92-64280acd6e5a,,,
0,猫猫CATQAQ,bilibili,346071546,8641,3821f3fd-e720-5853-b0ab-bd6c4ceef2af,,,
0,椰子,bilibili,3493134140966946,8640,ff79d6e5-3f16-5704-af16-d403d74f7866,,,
0,茶沐Mazzi,bilibili,18313008,8633,cbc67008-af4a-5651-afdc-002d74fff397,,,
0,夕雁Yukari,bilibili,3537108906019651,8622,353098d8-0e74-57c4-a700-d5cd35682f04,Hanabi_live,06620aad-1e28-5c4e-995d-cf7c03d43f15,
0,A.I.D,bilibili,333325107,8621,8e9b02ae-78ba-5f8b-b825-0c0af068abb7,,,twitter:project_aid_|web:https://www.projectaid.net|youtube:UCoO6PIMIwatyMWRp7l6CvKQ|niconico:90274745
0,夏夜Saya,bilibili,1385310954,8619,e5a2b918-501a-5655-bc32-c1f21a69dd81,,,
0,路卡Miragu,bilibili,3493257017297732,8616,64ebd6ed-0b45-55d8-bbbf-ec0b506886f5,,,
0,是天天阿,bilibili,1750280186,8615,439f2507-8609-5c43-b29f-06985228e33f,,,
0,积律Corpse,bilibili,3494369514490661,8614,0758deef-e863-5ec4-9635-27e81770b6a0,,,
0,夜泉灵Rei,bilibili,7569822,8612,3fa4adbb-cfea-52fb-811c-f5f587a77df9,,,
0,识椿only,bilibili,416143104,8610,ef9fad5f-712e-5009-adc1-f8d43d162cc1,,,
0,埃莉诺_Eleanor,bilibili,197735336,8608,fde39af0-6344-5780-8bfe-e284245327ea,,,
0,寄思,bilibili,20183900,8605,47eaab4c-635f-528b-aa7f-473cc072019d,,,
0,夏璐璐Ruby,bilibili,1039093936,8602,ddda137d-828d-50af-b680-3938f66cb817,幻想社Fantas1A,5074200f-7ef8-5480-920e-6c21f74cedd6,
0,乐悦_official,bilibili,3493090694269186,8599,27767ce1-5776-51cc-98eb-8d27c294b5e5,,,
0,月見里萤,bilibili,15384077,8598,f178989c-b8b3-5e33-bd02-3a50284c7267,,,
0,桃酱从小就很可爱,bilibili,34128724,8595,4a5bdd23-7027-527c-96a6-85993ef07cd0,,,
0,切羽Kiriha,bilibili,531476319,8578,a7a32552-1bad-5685-b0ed-cad898eec55e,Croven教团,af7d8e20-2164-5373-a4b1-9a31c085fb7b,
0,妮妮Choco,bilibili,601771227,8571,a183e94c-06de-556a-8f50-8f51f4fdf384,,,
0,彭阿宁,bilibili,3546383013382614,8571,38853a8e-0eaa-59dd-977d-fc753a16f48a,,,
0,狐半仙Channel,bilibili,189654435,8568,f3932298-2f4b-5cf1-b06a-7a5a72ed05e6,,,
0,咖喱羊_Kari,bilibili,186647451,8564,7e23b11e-f854-5dc9-af95-c858506931c9,,,
0,Nus丶です,bilibili,38219397,8561,55d0a9dd-d280-5ad0-9e22-52364ddd2881,,,
0,狸悠ryu,bilibili,283801800,8561,79026bb9-f879-5776-a6e7-010b67abd958,圣魔社SeiMa,6632237b-4675-5fe6-b8e5-96d3b89e8d83,
0,雪璐_Sheryl,bilibili,516241502,8541,c93af1ad-a2a0-594d-a01a-267127eb9bdd,,,
0,纪伊光KiiHikari,bilibili,2897146,8537,3dfa369e-40ae-500a-b13e-6d70650861d1,,,
0,甘城なつきOfficial,bilibili,506261257,8535,bab2f895-fa8f-50df-9cbb-2623c7703dca,,,
0,汐-钰,bilibili,691002951,8531,d157da78-0350-5f50-a294-8d28abbb6603,,,
0,柚唧,bilibili,391760485,8526,3ac84d05-ce69-5097-893c-393a63468c64,,,
0,米芙,bilibili,3494367016781881,8524,2d7c1cbd-e7f6-503b-9f56-de329a07989f,,,
0,布仔O_o,bilibili,3493298419272404,8514,b09fe5c1-027a-57ff-ba3d-4d227c4bbeaa,,,
0,奥林olin,bilibili,699925151,8507,1c168115-5c73-5aea-ba9b-f9488676071f,,,
0,宝丽尔Masa_Channel,bilibili,1639833,8502,e4437d9c-0dec-5acf-84a1-96df7f6067a0,,,
0,星纱sinsaa,bilibili,1724856393,8501,86dda44e-1c5d-595e-97f4-bb99cae025dd,,,
0,芙洛拉Flora-,bilibili,3493272706091810,8493,7590f5f5-3d38-562e-be87-58f9766603a2,,,
0,啾可Cyuko,bilibili,1880288683,8488,ae2f80a4-852c-5757-baed-27162cb4fe4e,,,
0,卡露比karu8y,bilibili,479193165,8486,c6d9c7ec-b4ee-5d60-80cc-8e5d5b5210ee,,,
0,柊憐_Ronin,bilibili,25863173,8473,04b8d9d5-c887-5033-97c7-b92cfb127006,,,
0,一露Lulu,bilibili,1247845426,8469,2d121bab-69fa-58ce-ae3c-3d386a652aba,云光计划,f96c12b2-b935-5c29-9a31-46c97eca9c4c,
0,薇薇诺Vivino,bilibili,3546741391494055,8467,4ddaafac-d444-5beb-84a6-0ae677492ee5,,,
0,Elaine,bilibili,434319922,8464,49df9683-3768-5b7f-8998-6b81042ed7f6,夜空Project,ccba2d70-dee5-5800-a307-b722ebdcdc4f,
0,安纪亚,bilibili,1768094747,8460,ee3816b5-0e55-5fd5-9eb3-016c9e8bbb69,,,
0,安尔珀_Ambrum,bilibili,3493076827900379,8446,e7cf6242-fd6b-5781-a0f1-19b4850d8131,星云社_CosmicNebula,f8f7fa68-d6d4-594c-9c15-1741944d304d,
0,芙劳_Fraus,bilibili,3461574584961496,8445,4a9a1a6f-1b27-5c6f-886c-dddd780cf051,,,
0,黎七雪奈,bilibili,130155477,8438,a95fb721-82ca-5442-96ca-255cc0125727,,,
0,Sky_despair米宇君,bilibili,14397053,8435,458aba33-6d44-5444-8f2a-7c19986e8c4d,,,
0,君之宫Official,bilibili,363072546,8431,71bc7ef1-2087-575d-88b2-f03c3e8e35aa,upd8,62b750ab-e71a-59cc-b6fe-71a2debb5598,youtube:UCg8TPE5nLLOqlNnBivmQwww|twitter:MIYA_KIMINO
0,妙妙黛可爱捏,bilibili,3493275182828133,8430,0f9b7f5f-67b8-52dc-be23-427e9eb7a385,,,
0,抱眠茸茸,bilibili,3546912208718574,8428,965a0d01-d840-5434-8ef7-5cf01bed6fc4,,,
0,來夢Raimu,bilibili,2519929,8426,ac707ac8-5a5b-5a35-9994-44604f186a87,,,
0,多多_Tata,bilibili,835065,8423,f7dd80ba-ad29-5ed6-a813-1425171c8675,,,
0,KYAN_Official,bilibili,1316965,8422,b1367af1-430c-51e5-9936-668c291cfec3,,,
0,もこ田めめめofficial,bilibili,441666965,8416,44b02fb4-573e-5b6e-ac2e-ec3c56528e85,.Live,02f5f560-4646-5fcb-ac58-81279c7e2c1e,
0,爱菈Arabelle,bilibili,15098125,8416,bb67c1df-3a40-587e-a892-c668f4ab9265,,,
0,桃酥慎独,bilibili,8909403,8414,0951a981-712c-597e-8ff4-c5128f8bba4b,,,
0,云酒儿sake,bilibili,3493133727828717,8411,bb3e3615-5add-598b-bbcc-64b7b0d32755,,,
0,一阿克一,bilibili,68557482,8409,bb03271e-3b24-5afd-82fb-793b4b2dd261,,,
0,由紀南,bilibili,3461563751074682,8406,b1b55ab7-2bd7-5d68-9d1e-633b0b6e2cf1,,,
0,崔小茶tea,bilibili,1788435884,8405,97a91547-dc09-5320-ae19-a646172a6c1d,,,
0,绵牙幺幺,bilibili,512374980,8399,7d649726-ac48-5c0b-b7ac-7bb3609183f2,,,
0,朽木永羽_KuchikiTowa,bilibili,1278608297,8395,e73809a4-75c2-553d-9f51-03ecdd3ae567,,,
0,吃一口药药,bilibili,1191287283,8389,1095551d-2f7e-50d5-a308-2959c395827f,,,
0,落晓月,bilibili,1287090460,8387,646be8e1-5021-5496-97e8-ab2d561b5e78,,,
0,密斯迪_Magician,bilibili,2142803447,8373,35878e45-a272-5455-8664-6414c940bbb0,,,
0,牢丝r_,bilibili,3493276537588391,8372,0b806a69-f3d0-5e61-8f29-cb80a96c2922,,,
0,云晕晕ovo,bilibili,489204004,8369,ae13cacb-bdda-5abd-9419-51f19e1919cb,,,
0,爱尾家的三姐妹,bilibili,509836374,8369,c09772f8-b069-5432-8492-d2db7b959206,,,
0,TTT酱_,bilibili,29371864,8366,ad680370-3b00-55a8-bc53-343da44b560d,,,
0,糖小小爱吃肉,bilibili,1262316876,8366,11137fa7-e516-52b5-ba8b-2f8e0b757d8a,,,
0,糖芋小宝i,bilibili,3493144213588139,8366,13dfe089-3ab4-5799-a4b5-6044adda787e,,,
0,安思妮妮,bilibili,3546595180153424,8361,4526e160-ddfd-55ec-8e85-1de639c7c91b,,,
0,澪月Zero,bilibili,3493094221678918,8355,139723b3-090c-5c4f-9487-241814c9fa5d,,,
0,艾蒂娜Attina,bilibili,3461572475226803,8354,f9d3c5ae-2649-589b-bf97-d2ea8fc6ab19,,,
0,予希洛柔,bilibili,3494350824671880,8350,8d6f6a03-abde-5136-982f-550df4bfef27,,,
0,偷偷Toi,bilibili,397244810,8338,8d396fb9-9341-5af8-8b71-81e266e02084,,,
0,燕逐晓,bilibili,7326570,8338,ce59276c-3fe7-5487-b4ba-f19bf36d9b98,,,
0,麦芽不甜,bilibili,582225536,8338,e836fb41-b4f0-565e-814d-3d05578710ab,,,
0,月光Yumeko,bilibili,3546929896097795,8333,0503e554-06b9-5a8d-a590-b68a4b0b9db8,三光五色（北立交桥）,70f1bfa7-4270-5eac-89ef-a52c777a6ff7,
0,定水寺真鲤_EN,bilibili,3546957352011826,8331,1d072343-d88b-53a6-a3cd-5d445a02755f,HOLOSTARS_EN,bc439477-942b-5df6-91b4-19c7c3dae6bd,
0,零一,bilibili,3493086437050375,8325,6941932f-664a-51ae-8276-249d2b72e05a,TTUP,33b56a7c-193a-5f5e-92e3-44d864560b44,
0,久遠未来,bilibili,424090585,8322,3cbadab6-7cb5-5692-8fcf-be2353d0e50f,,,
0,莉塔Liita,bilibili,3546662104467910,8315,18285bf9-1b44-518e-b57d-d8f2db1ee651,,,
0,糊涂蛋uni,bilibili,3546760175684519,8312,9b5cb6cf-0de2-502b-ac2b-0bbd6151e1e5,,,
0,-阿予ayu_,bilibili,347784817,8308,66b62c7e-bd2f-56fd-a80c-23339c6ab7bd,,,
0,基路伯cherub,bilibili,3461576875051121,8302,104866c9-35be-5ecf-a665-f5eb0bc50ad4,,,
0,星谷呜冬Udon,bilibili,2123801125,8292,6ba2c829-0456-56f5-8b8e-77f7e1252d8a,,,
0,明曦-official,bilibili,1190257617,8269,531b6840-5f69-5c2c-a874-ceb2c8ed54d5,,,
0,爱梨Rico-8-,bilibili,5430002,8249,cbca3842-57c1-5cb4-8c9a-0fab730b05b1,尼比陆,e91a4eb4-14fc-500f-a8f5-f8650d62dbd2,
0,姜奴nono,bilibili,3493094664178207,8245,80b1de44-45df-5ccf-b8cf-309383ce0e9c,,,
0,本喵不服喵,bilibili,3493257195555106,8240,076fca13-a151-5e37-b2b1-ff7bb4db8cf0,,,
0,咕布谷,bilibili,1949244171,8239,9264441c-b661-5d91-a99f-721c16ae4100,,,
0,梵阿景不是啊景,bilibili,355093560,8239,dd41b5e0-4fb6-5a8c-9964-1e6f78dc9925,,,
0,月诗音Shion,bilibili,3493289896446091,8230,edbb10a3-380a-5225-b4e4-52bd49c99e4b,,,
0,龙芽Lya,bilibili,1072361203,8228,7b384182-c147-5eed-946e-24c28ed5ed3d,,,
0,玖野桃,bilibili,400895103,8225,b54c1867-6f16-520a-9fb5-48d6c3d03f7b,,,
0,豚豚秃了,bilibili,3537108427868696,8221,9b5f05a1-7405-55ad-81e2-81c521408d55,,,
0,一水还宗,bilibili,3454100,8214,b29163f5-f292-58a8-86be-b09ff631e657,,,
0,皮卡秋秋oi,bilibili,407390146,8212,ee035a52-eea0-54cf-9b82-dc7f3baa0e1a,,,
0,溧子喵,bilibili,180177570,8209,6edfc616-3b92-5e93-b98a-816b483eada9,,,
0,花宴ichika,bilibili,1274610906,8209,14b1c39c-ecbf-5b1e-ae15-466feb9e9176,,,
0,玩玩似了喵,bilibili,1750525097,8207,d345bd3e-778c-5abe-baff-fbb401a4c1ee,,,
0,通惠河海豹,bilibili,487925383,8197,148202ef-a624-5960-8dfb-50019496c399,,,
0,古乃叶羽留Channel,bilibili,1813007857,8196,7ef1f289-d056-51a3-97fe-398e32c263a7,,,
0,兔眠子Naneko,bilibili,1194210119,8194,d34c7df8-5d14-50dc-b46a-7e76f6e73154,,,
0,索莱sole,bilibili,174852846,8189,f2737029-6412-5825-9a9e-d3d4b0c56cec,,,
0,南小棉_みちゃん,bilibili,488744718,8185,65fbf80a-6f51-5c16-97cb-5b57be8109ec,ChaosLiveSprout,e67fb222-1c4e-5f19-84da-9e8beba2c365,
0,诺珂丝Nox,bilibili,1374724773,8185,5229e3e2-b3b3-5037-834f-f7c43739b401,,,
0,小鹿不秃头i,bilibili,3546596908206654,8163,60488a5b-e539-537d-98f3-5f2103e35320,,,
0,山梨,bilibili,453801943,8157,bb8f7b3c-29f4-5c2c-aa7a-749088c12bad,,,
0,奶浴_Bliss,bilibili,3546373314055029,8156,6cd96e45-986d-5851-8da5-654ad1f9667b,,,
0,酸菜鱼布朗尼_239,bilibili,1691240717,8154,cc8349cc-8509-5cb4-bcfe-49e8c5c37456,,,
0,初颜Soteria,bilibili,3493108843023307,8153,2f3b0c7f-dae0-5d73-93ca-570c32aaf4cc,,,
0,陆修修_Lucius,bilibili,22828947,8144,d365fde5-0949-547c-8303-156eeb00f32d,,,
0,念云ww,bilibili,41391533,8143,48a566a2-5c94-5bf8-8ff1-4dbb8b18c76c,,,
0,临界十樱vv,bilibili,2115602190,8142,abf6920b-e6c8-5b82-9ca6-e9ad488b41ff,,,
0,兎乃,bilibili,2076245548,8136,503b94e4-f6aa-5c9e-a500-48752aa23fa7,,,
0,夏烬川Gin,bilibili,3546885960764097,8135,c485fcea-741f-5f37-bb36-36686c165864,构梦奇点GOMOON,dc551c4b-d1d0-5b20-8526-86d4bf348629,
0,待忙,bilibili,1048674855,8135,00b14c3f-b5c9-50b8-8d96-140e3edb4368,,,
0,诶诶呜,bilibili,402664546,8130,7c512afd-a769-5ef9-9f62-aeb672536035,,,
0,咩苔Miette,bilibili,1418968119,8127,a93bdcae-13a8-5955-a19b-230e2b427b6c,虚研社,d7af6703-ed00-53bf-aa46-0d5cf679925b,
0,步秋Kio,bilibili,17100532,8123,d8330da0-7ebd-58b7-b8f5-ce4e4e7f0783,,,
0,棠之可,bilibili,3493143181789324,8122,b133df85-de4f-58e0-9bde-1fa564893488,,,
0,八狸桥Hachitanuki,bilibili,662219040,8120,b4ecf010-dd9e-53c5-b781-b3c86ae2e69d,,,
0,凛可_Channel,bilibili,320111,8120,5aa720b6-7ea2-50cb-89d5-8139a8b6575e,,,
0,Lin汵汵不是大憨憨づ,bilibili,3493283772762128,8118,e8d5516c-f78a-59a3-9d3b-0876c69a782b,,,
0,笙凉_Teacher,bilibili,1799974424,8116,3b33ebbc-7875-5981-a8ac-260908cfa490,,,
0,喵花娜hana,bilibili,2496346,8115,acf9aead-cfa1-59e2-b604-589f453c5107,,,
0,阿祁纳_Channel,bilibili,9733334,8112,5f9b2f34-d9dc-53e9-9115-3fdeef5f43d4,,,
0,黑咲凛,bilibili,430817403,8111,6fa08264-035b-5a94-938d-1999ede23228,,,youtube:UCNPu5zXzXvS6pLCCaI5SnSA|twitter:Kurorin_V|marshmallow:kurorin_v|niconico:85317680
0,露露露茜卡_Luzyca,bilibili,1851800822,8108,72211fac-f0b4-57ed-a796-9de5d9f4587d,,,
0,夏盐,bilibili,474397341,8103,bbcd2d63-36ea-5772-a91d-90cc290cbe9d,MZ次元,8d3239cd-4811-570e-a968-7c582e46ead0,
0,芙栗希娅Felicia,bilibili,442655565,8101,e0aed904-72c9-5e10-85a5-7e1afc84daf4,,,
0,莉莉安_Lilian,bilibili,12746611,8098,230bf1b4-d081-5b26-a376-5274b46ad9cf,,,
0,sanachanvt,bilibili,3744978087972474,8097,5569bb1a-f93a-52f0-bad7-35350df4e0b3,,,youtubeat:Sanavtuber12
0,苍乃火拉米Official,bilibili,406424123,8088,3bb079f0-e654-59dd-b380-c96b3a29ba45,,,
0,宫川雪乃,bilibili,3494379771660838,8071,fd5edb69-dccf-58ec-bd7e-9beca1e9cb67,,,
0,珞婉儿,bilibili,3494349962742196,8071,dc0aab7a-70e2-534b-931c-ea904b4aef09,,,
0,利泽特Lizette,bilibili,2036015357,8066,3a57e97f-01e7-51da-9826-bb60e1be92f8,,,
0,花曦乐,bilibili,1673493477,8066,4ed5f875-c1ba-51fc-a2c9-a414ab37cc9d,,,
0,猫祈_neko,bilibili,47772972,8063,be5152a3-df1f-515a-a429-6ecab3815355,,,
0,久瑠麻衣,bilibili,19650530,8056,9fe8085a-4223-5122-a472-03397218b00a,,,pixiv:4214236
0,加尔Official,bilibili,1857693,8056,d4dd82a6-b709-5001-b6be-ba50921adc9d,,,
0,米饭吃米不吃饭,bilibili,318591549,8050,22a60225-0349-594d-9e8a-e955cad74ad5,,,
0,伊莎Bela,bilibili,3546603340172186,8044,c8bec4f4-dff4-5cc1-8f31-0180993b128d,,,
0,REALITY,bilibili,390155514,8040,8050d2ae-476a-5ef8-8a7a-55cb3768e393,WFIE,e9965fab-5b00-5636-bc6c-31bee0a537af,twitter:WFLE_REALITY
0,可爱的圈圈熊,bilibili,1508930833,8038,3af8e066-3562-5d53-98f6-29a9e42207c2,,,
0,莓莓Ume,bilibili,3493121916668049,8036,a8822e7e-433d-50e1-a97f-c05386ed8549,,,
0,草翦葱,bilibili,3286364,8030,59dac127-7f75-5dbd-98e5-b1816e1a9c3c,,,
0,罗耶Royer,bilibili,40513,8021,d4efcdfd-7a2f-55a4-aafd-e1205bf8c86c,,,
0,小小水野,bilibili,488960955,8013,f068c71b-a32f-5a6b-9d8d-f729f9bb5efd,,,
0,阿否dayo,bilibili,1563623925,8012,aad56584-c61c-5a07-92e7-59db4989148b,,,
0,叶青玳,bilibili,24970050,8009,13f15060-1614-5d3c-aa46-a401f214b7c9,,,
0,柚夢_YUYU,bilibili,1152334866,8005,cce32414-57d5-5c08-a97b-9f9d196f210c,,,
0,貓小涼nya,bilibili,7664000,8003,6555e50c-6c54-5cd6-b8a4-ef18b8494254,,,
0,丨鹿灬允音,bilibili,392623740,8000,eeab9c06-3559-5d5f-86d8-04ae4750e7d2,,,
0,哈尔玛斯_Harmas,bilibili,11647609,7999,9e4e61ab-aee4-5393-80b4-742babbea1fe,,,
0,橘呆呆JuDD,bilibili,667097486,7999,bc0491e4-80f3-5d06-9c34-86d525aeba72,ChaosLiveSprout,e67fb222-1c4e-5f19-84da-9e8beba2c365,
0,阿睿琳Irene,bilibili,865868,7998,4aa2252b-31a4-5734-8ee1-4ee27e554583,,,
0,砂糖缘子,bilibili,125812535,7989,726ac304-82a8-531b-aa40-9b45ed4f1306,,,
0,电玩魔女,bilibili,209600,7988,934089ab-ebf8-5725-b3f9-d64ed66b608d,,,weibo:1910559682
0,唔姆umu桑,bilibili,3415362,7986,1eb090e2-7085-5c26-8110-65c15e365645,,,
0,孤佳冷沫,bilibili,3546704368372085,7982,df7f1ed3-8d11-5bec-b1cd-ffa1a4f77abe,,,
0,mojia_莫迦,bilibili,37109256,7978,d4ad3cce-5b50-5145-b479-ce9291394556,,,
0,月见奈奈Nya,bilibili,3493128965196150,7957,79e5113f-a841-5ef3-a743-45fb60ecd111,,,
0,FR贪狼,bilibili,10089305,7955,2ba88377-8ef6-5f6a-95bf-140c550caf00,,,
0,温言言_official,bilibili,515744269,7954,fb4a3efb-73a7-58cd-9300-094627c81330,,,
0,蛍川,bilibili,330525028,7952,b9666d13-0980-5846-9678-add55cca859f,,,
0,斯诺兰德Snowland,bilibili,33244914,7940,65a9255d-8906-54eb-b4c6-569226c9c6a3,,,
0,雨鹦RainParrot,bilibili,5352545,7940,08bac4ec-6c3e-5c62-b6f9-787a59e71e4c,,,
0,KK-9700,bilibili,1221406508,7938,e2bcda1a-2e2c-5af3-877c-c84fc8bec0b7,,,
0,麻理理_Channel,bilibili,598578,7928,0c83a7d7-7a2d-585a-b14c-49991f3d88b6,,,
0,我可爱大千,bilibili,394214997,7922,c727277a-064f-5f10-b58f-d7177a7f0e9a,,,
0,白井Choco,bilibili,2102060913,7921,f0c2cbfc-48c3-5832-a32b-4a4624dc5d4c,Providence,412f3e13-0742-53c3-80e4-a0ea111657d9,
0,小夏夏吖丶,bilibili,41163818,7919,dbf7c761-21f3-548b-a0d4-27adb04385b8,,,
0,小糕Official,bilibili,3546892795382436,7911,82582582-73d9-5842-8979-793a4efb2187,冬日之家Ultra（北立交桥）,748b837a-0f27-55d8-aae1-695e4cb77aff,
0,梨雅Lya,bilibili,3494365152414319,7903,2ee81ab4-e742-5d26-b888-b82d3e67cc5a,,,
0,盒桃Mia,bilibili,15514959,7903,9f1b823a-e039-53ab-8f47-72230af1d8d9,,,
0,麦宝不睡懒觉,bilibili,1247033081,7901,66756ac0-bf7c-5e58-bab6-83d3339c91c1,,,
0,白友shiratomo,bilibili,25923080,7898,282334be-067d-5baf-bf2c-dd2be832c33f,,,
0,夏行美Official,bilibili,492829394,7895,66aa7a5b-3355-5d86-b21e-b526de09919e,,,
0,枫茵kaala,bilibili,2035712820,7893,2de6ebe6-3b58-5064-836b-ac098a89be40,,,
0,鳯龙美Rumi,bilibili,1224950348,7892,ae174067-0df9-55db-9bb7-4f945aa621b4,Tinsgoo-Project,e2e54677-6608-5996-9976-464cfd4ed739,twitter:TP_rumi
0,东方绪_officia,bilibili,3494359695624911,7888,4b4d2688-f794-5789-95e0-a1ee60139514,多维变奏MDV,507b983e-c810-542e-b686-87f514722181,
0,滇中小青龙,bilibili,3493130819078327,7888,87e31a6d-c375-5b72-826c-a7d52ebb878e,,,
0,桜乃rika,bilibili,523968439,7883,fa3ddd62-39ef-5291-a9cb-de50f1520585,,,
0,欧翼_official,bilibili,5868110,7881,fb556b49-888f-5e19-860a-5533e30301ca,,,
0,桃织,bilibili,7011281,7876,2cdec754-410b-5157-9733-9483b0c477cb,,,
0,九月秋白,bilibili,3493108098533807,7875,e2c8debd-d7e2-577a-bf1e-770a35b3d47a,,,
0,辣味菠萝,bilibili,3395663,7873,58aa6748-8724-5d97-82aa-463acd3ec835,,,
0,霁望舒,bilibili,3493285494524746,7861,a61598f5-fae0-5e9d-9293-0ee18d3e4a89,,,
0,衫山浣,bilibili,13795293,7853,0b3b3328-c836-5959-86dd-ce99c697e262,,,
0,陆十壹,bilibili,1728950,7850,ba028f98-cde9-548e-b45a-9681f619a2ef,,,
0,波比金鱼,bilibili,437184734,7847,4c33d097-445d-51ca-89c1-fc280f38b719,,,
0,間宵雫_Official,bilibili,125979457,7846,5b0a9c7f-cd69-56ea-a3a4-f6d9e4aa980d,,,twitter:shizuku_mayoi|twitch:shizuku_mayoi
0,风早要Kaname,bilibili,3546649829837475,7846,d832b395-96c8-5d8d-b5cc-365f3503c4a1,,,
0,萨莉Sari,bilibili,1271931626,7844,3c75486e-a75e-572c-8c07-1b7ea9556040,,,
0,小豆沢AZUKI,bilibili,1103073471,7843,b335814c-941b-5765-b3d7-f08b17dd9e93,,,youtube:UCUSugZH_F7oQubVMz9CNvzw
0,咩啦Mela,bilibili,1648662509,7837,eb16e7ee-5489-5328-958d-eb7566f30365,,,
0,巧灵兮cholinc,bilibili,3493139983633114,7837,c791ae82-d05c-5868-bd30-6eb0d1cb71c1,,,
0,罗塞索拉-ROSE_SUORA,bilibili,1501145142,7837,b5838b0c-5a56-5693-ac9c-be7d8094551c,,,
0,赫莉Helia,bilibili,1523580174,7837,430b2f54-a2e6-5c29-82ff-a97c8beec058,,,
0,七代Erika,bilibili,3493133740410899,7836,1ac526fd-9757-5d52-a8f2-589591d0760d,,,
0,百音星幽,bilibili,1519968668,7836,dacf9fef-9b3a-5904-800c-79905f80cbb2,,,
0,织梦yume,bilibili,677974610,7834,32b40c5e-5a90-5efc-b0e0-a86f8ce7a48c,,,
0,风纸七鸣,bilibili,692283833,7829,847db325-e129-5be8-970a-e9a95434b404,星巡学园,6506d485-2cbc-552f-9337-6d4fc2d9b7fd,youtube:UCOozmdnOhOrk3mojTazi-TQ|twitter:fugaminanana
0,百南芋,bilibili,1299581,7821,12009b18-195c-532f-bd40-8bb1dc3457ef,,,
0,燐・珈尔特Official,bilibili,1938979031,7820,28e2f4a0-c597-5d6f-ab7d-b38d19fac461,,,
0,红栉麻那,bilibili,30729515,7819,da35bc88-c6d7-57be-b0eb-6e4823b45548,,,
0,苍崎夏露,bilibili,2108754496,7815,c2ff35bf-096b-51f8-bf61-ecf453481b48,,,
0,富贵睡不饱la,bilibili,51016811,7814,14bfb742-9262-5b19-803c-5fa6b6986467,,,
0,沐莺,bilibili,94484918,7813,38bb59fe-522f-5819-a9a1-b86fdceed3d2,winks,73f553fe-bc06-5b12-be20-44b1190b6237,
0,拓麻肩子_Channel,bilibili,198507,7808,52dfa45b-8634-5181-af3e-1bf6e7883bda,,,
0,洒洒猫,bilibili,2006075759,7804,5c37a4c2-8300-5c1f-b8b3-838067816e59,,,
0,梦璃Molly,bilibili,3546914620443605,7800,4e0cba37-898b-5f05-acb7-95d4434c68b4,,,
0,法兰Faline,bilibili,410699593,7799,6f58289a-711d-5c03-8c96-34b75725b0a1,,,
0,一只小情意,bilibili,378730,7787,8fb4794a-9e98-553d-953f-3ea1a8365a36,,,
0,莱塔卡恩LetaCalne,bilibili,4093836,7782,51cb1aaa-62a6-5556-a314-beb4b0424150,,,
0,灵源道长_Official,bilibili,1398,7774,b6ce1063-9ed6-53f5-8aea-72bdfefd948a,,,
0,柠宁,bilibili,1716560,7770,ec6c3c4f-5d68-51e0-9003-13000a73ead1,纸片人计划,cb8f50eb-2127-5a65-acef-df8ebe3743a4,
0,阿芸达・栗丝,bilibili,1829466798,7767,08a65581-1d5b-5596-8df1-5daa06ec83bf,Hololive ID (印尼分部),0c089df5-5af9-50fd-94ea-b469b6847d0f,
0,绒绒_RonRon,bilibili,3707032626530706,7756,19491652-208a-5477-8007-139f08f89faf,,,
0,奶味的芥末酱offical,bilibili,1292503081,7754,6ef40c15-6097-58e3-bd49-02f40e5d26c7,,,
0,蕾娅,bilibili,1589583375,7750,3b6c8bc3-8969-5eae-8fdb-ec42adafbd12,WACTOR,682089de-7fe5-5303-8939-37eeab633407,twitter:Lea_wactor|youtube:UCLrvv6cTzFRnM4DSfHynS8w
0,肚肚kiri,bilibili,3493138406574467,7746,066d84a6-825d-552d-9a84-728b2d120f7f,,,
0,莎珑姫Official,bilibili,2146809865,7746,dceee333-e287-599e-9ac6-4350ee62f887,,,
0,丢丢人儿,bilibili,15034394,7744,8df6d397-87cb-57b3-8372-3b69927bc992,,,
0,米西果Mixiguo,bilibili,11605092,7741,d59a98ac-c8d1-5f62-9a92-3586d669fd7b,,,
0,-清鸢儿,bilibili,229857077,7737,cb41da9e-7280-56d6-a602-0588997fda81,,,
0,半糖心海_可可酱,bilibili,3461573676894477,7732,bb12d986-2107-54ea-b767-d1963b59cbc4,,,
0,芙漓Foli,bilibili,3493269340162584,7732,dec27c0a-9491-5772-b239-9bcefee73d07,,,
0,箐Lilac,bilibili,2031102228,7731,6375b528-a66f-5695-ae27-4406572c7e73,,,
0,星海るこHoshimiRuko,bilibili,1157885046,7727,d427927c-2982-5db8-b002-ecc72fd00281,,,
0,-糕糕超勇敢-,bilibili,3546747513079908,7723,58b73ab3-bd19-5baa-b140-e42ff41b7415,,,
0,兰珀柔拉Lambroula,bilibili,3494378056190586,7719,d882024c-a290-5cd4-8890-393ca4683d4b,,,
0,眠眠羊asleep,bilibili,2041920071,7713,b64d05b1-0c10-51e9-95b7-c01657be1e94,,,
0,夜莓Mew,bilibili,457740720,7705,35ed729b-0426-56ed-bb39-d53b18d85ce0,,,
0,奶酪,bilibili,14251443,7696,a9152ee4-fa7b-549c-9b39-c77d7069dbed,,,
0,四季巡礼,bilibili,217127,7695,a5eb6a11-6158-5724-b93c-855837436f76,闪米社,a5a6750b-a591-516f-a261-f1a77f46d4db,
0,是你的小啊黎哟,bilibili,520366620,7695,dcbe4cb9-ec79-5e4a-a620-475f7515d2cd,,,
0,龙舍蓝,bilibili,3546828106631502,7692,c85e6ec8-788a-5a4c-af73-c87114508ed9,Fulaco-Official,8bb1dc25-7b74-547a-8bef-634263794404,
0,忒希,bilibili,3546572413470996,7688,b0e696bb-7084-5135-809b-b46ec4c62a05,幻想社Fantas1A,5074200f-7ef8-5480-920e-6c21f74cedd6,
0,萌流Mofuu,bilibili,4249389,7683,52c01b6d-ba1f-5c29-887a-e776de4a3c60,,,
0,子心,bilibili,147529,7669,58d20d06-767b-54d7-855f-020fe6402d6d,,,
0,织愿Fairy,bilibili,3546975274273636,7669,8fc04133-9e3b-58ac-ad40-d9e8f264f9cb,妖精管理局（北立交桥）,c8d7d021-ce8c-56f6-90a2-ab8758b3ac8a,
0,由米_yumie,bilibili,3546768509766533,7666,42566d7b-9a3c-5505-aaa0-f2d772f1447c,,,
0,呓酱Yuki,bilibili,3537111246440732,7665,80233fcd-7035-5f27-9657-e6a211388ec5,,,
0,小南莓,bilibili,488006873,7664,7f58e698-b5eb-588d-9bb7-a1d8d5537505,,,
0,味噌缇露official,bilibili,1430541064,7662,5e7766ff-265d-5c49-be9b-c55689066939,,,
0,雪绵绵yuki,bilibili,65717712,7660,1569711c-e7f5-5a68-bfd6-31ae7d74a57b,Mlik Cat 奶猫协会,89382922-bb93-5a94-94b6-06f217575139,
0,星夜hikari,bilibili,3546563076950921,7659,bcf6d21b-c9e3-5740-b60e-5c54df088d89,,,
0,小鸟游纱爱,bilibili,3546851731049421,7657,5e96fd74-fe61-5100-a171-abfb2cd9215f,,,
0,洛清瑶Official,bilibili,12981079,7657,c1746f0b-b8c3-52ed-acf4-4a1a36610d5f,,,
0,怜奈Leciel,bilibili,384085516,7650,274b7b33-c74d-5232-8e40-dc7ef9ffb934,Providence,412f3e13-0742-53c3-80e4-a0ea111657d9,
0,摩卡星奈,bilibili,1676372882,7647,47bfea78-e17f-5b82-9e97-5ac7316276f7,,,
0,呦呦YoU_oO,bilibili,3537107937135483,7646,f770592d-8c37-5de4-b1ad-4c051fc67209,,,
0,清蒸大砸蟹kani,bilibili,8078438,7644,2c339053-e8a8-5e8a-affb-c4a8515968ff,,,
0,風乃Official,bilibili,23943594,7639,026b5441-dbf3-5760-af68-c6d77b49d721,,,
0,白麻菌Hakuma,bilibili,429983758,7637,2749f895-cb4d-5ffd-8e9d-425f4e616665,幻home,61722433-dfba-5899-a5bb-fc9229f1f62f,
0,顾嘻gacyou,bilibili,3493095291226926,7632,d8af3fab-294c-5561-9de6-f2e97c2b7062,,,
0,桃汐,bilibili,3546885155457968,7631,f87239bc-1470-5fe9-a33d-e8431483bb3f,,,
0,约酱,bilibili,1202948480,7631,84f5c4fc-2b66-503d-89f2-22c7e5b6ce93,,,
0,盖洣洣kingyo,bilibili,3494371339012666,7630,32066d84-14ba-5131-8ab5-e0a4b7959811,多维变奏MDV,507b983e-c810-542e-b686-87f514722181,
0,糯米米MOCHIGOME,bilibili,17725484,7623,50499dd6-8daf-545a-80f3-2a6e784c6940,,,
0,月見夜兰Official,bilibili,1810779260,7620,3181b20a-1ab5-5525-8c76-13dfcbbecaf5,,,
0,年糕夹心,bilibili,31238140,7614,c91fbeff-c3f5-562e-8b90-bfe616f43c01,,,
0,步诺,bilibili,1483693028,7614,b54e32ef-1d9e-56ce-99b4-c8edb5152ec8,,,
0,阿尔狄娜-Aldina,bilibili,515640590,7614,1ecc4022-f6fe-5e80-b573-ba8878e962c8,,,
0,朝海澪Mio,bilibili,1444925721,7610,df7e550c-c2ee-598c-83bc-621a972d49c1,,,
0,早早碎Mochi,bilibili,3546864555133912,7607,9406b457-3146-57a2-99f2-0d1829188b47,,,
0,入夜Trey,bilibili,434306798,7605,82650ef5-6964-5d5f-a479-7d6e43e4a08c,,,
0,天使米谢尔Michelle,bilibili,627433829,7604,bb95ee49-72a2-5c02-aba1-9ee6210a9597,,,
0,法希Mimosa,bilibili,3493277883959743,7602,5bc44ce6-86b7-59f0-8b8d-5847f601e4d8,,,
0,fairy苏软糖,bilibili,43181735,7601,b14b89bc-2965-5135-b7e4-b2fd7a381fc0,,,
0,瑞葉Ruiye,bilibili,1141219033,7601,5713ddad-4056-5ffc-a051-0cc33a80fcd2,,,
0,箱栗子ShiKa,bilibili,3493258795681822,7600,f6a16617-09a9-5be2-a880-968ebcf36d05,,,
0,咪崽捏,bilibili,389891666,7595,8d430a4a-6125-544f-a0bf-c2c0fe781889,,,
0,妮佩科,bilibili,3546366466852921,7581,bf2bb49a-c2ad-53f2-8883-e19a903e46e1,,,
0,小毛ww,bilibili,3866641,7581,62ab7b80-97e7-563d-ac4e-a64373b079e8,,,
0,暮光-梦想,bilibili,21974189,7576,611757d8-0c2a-563e-aba4-bf731fb5bb9e,,,
0,路漫漫うし,bilibili,3546635659381367,7573,20b583c0-6464-5072-bf14-2eb1081fa90c,,,
0,海明威ogen,bilibili,180362032,7569,f5c17fdb-62ec-5bd7-8843-591e5dd64a4b,,,
0,桃矢Tosy,bilibili,1051961312,7567,908d7c69-8fd1-5642-8e08-43c0c269f6cd,,,
0,朝枝晓Akatsuki,bilibili,1502895122,7565,e5f96758-ed59-5dcf-a9df-3252df5bd66e,贴贴社,a9c61b37-d0c1-5bb6-a4a8-3ae38afa28c4,
0,小语若sama,bilibili,3537118886365252,7563,c60faef6-bff1-5d4f-be53-a28664d5451d,,,
0,奈切尔Official,bilibili,1033698887,7555,3597e6dd-fb5a-50b2-a0b7-14fcc04c2867,MZ次元,8d3239cd-4811-570e-a968-7c582e46ead0,
0,夕绘Eve,bilibili,3546383455881520,7542,9e322402-60d7-5a6c-a838-5c88f7049644,,,
0,椰几汁OuO,bilibili,3493142579906930,7538,944e3f15-51ca-59ce-b4ab-d453d570ca7e,,,
0,籽柃Euryaseed,bilibili,340806558,7534,9d1d824a-6226-5042-8c1d-aeae240e5f76,,,
0,嘉瑾姐姐,bilibili,3546677906508079,7532,3e1be5f4-e3f3-597d-b2a2-d4c715f0b6fe,,,
0,嘟露潞_aurita,bilibili,3546651719371225,7530,d3304ada-c05d-550d-b46c-ff2ef613d456,,,
0,抱萤有耳朵,bilibili,1054643397,7525,dcf55f11-6d76-5417-bb8c-007d62ac3837,,,
0,安心院菠萝子_channel,bilibili,297361951,7518,6c421634-3fc3-52c2-82c2-f765be7bd4ac,,,
0,兔田包包,bilibili,98874115,7504,abea8152-323d-56aa-bac7-02559a3ed88a,,,
0,大蔵優介-Official,bilibili,492724746,7497,e98f515c-599b-5c4e-94a0-c9e0b23135f9,,,
0,悠月Yuduki,bilibili,3546837608827396,7494,26c665ab-050f-5bb6-8a2d-b156323b3166,,,
0,苍苍苍Aoi,bilibili,443287,7490,3046b558-fff4-59ec-9220-e54f1908ff18,,,
0,宋三岁sss,bilibili,35819875,7484,24d7248f-b149-53f5-8009-53846c79b6f6,,,
0,洛汐亚Lucia,bilibili,22792002,7480,3cf1c690-0e30-5e37-a9d8-d3cacd868a82,Providence,412f3e13-0742-53c3-80e4-a0ea111657d9,
0,于岛寝不足,bilibili,3493280478136379,7476,2a04c3bd-ff30-59fc-8c35-89d18a361425,,,
0,克拉尔,bilibili,1044308417,7475,e18055d5-cd0b-570f-a485-49e30dfd1a78,,,
0,洲上光,bilibili,1968806678,7473,8069d99c-3d89-5e44-ac6d-4c649f4de4ac,hitorino,4d66bbfb-bee8-59ec-88f6-495507330f10,
0,狼莓酱,bilibili,3493298450729903,7472,49dbc69d-2a1f-5778-9a15-9675bc7475f5,,,
0,里沙,bilibili,3493086413982205,7458,4022371a-29cc-5a51-a525-3b196159b8c3,TTUP,33b56a7c-193a-5f5e-92e3-44d864560b44,
0,莱斯特小姐Lester,bilibili,3493282975845242,7455,19fae829-0514-5709-a21d-ec1270144827,,,
0,Ita,bilibili,166617,7450,0b9208ef-6b36-5419-8fa6-a63e4ebcc362,,,
0,秋_Choo,bilibili,3493264411855504,7444,9bda8337-df9a-5a85-b3d6-cd444f625f63,,,
0,雅凛,bilibili,432759379,7442,9a5afc73-67da-5917-a05a-9e255c11051b,MZ次元,8d3239cd-4811-570e-a968-7c582e46ead0,
0,夜来ねむる,bilibili,1659802595,7437,686660b6-d5e2-5369-b5a3-223ede85b187,,,
0,酣睡猫猫-cat,bilibili,457752070,7437,7e29e9eb-ff26-5946-afd4-e59fe219a179,,,
0,悠米,bilibili,3493262172096943,7430,145eb5d7-cd82-523c-b164-27d7c21a4252,,,
0,一个多才多艺的花瓶,bilibili,1501875279,7427,7c3cc740-7db7-5a8f-8f6f-1f181f382458,,,
0,伊织澪喵neko,bilibili,3546563123088035,7421,394fb8eb-c407-5098-a607-aa4d088eb65c,,,
0,二雲信Official,bilibili,6418902,7416,b0e76c81-0e92-507b-9c0e-f456dc46c53f,,,
0,鹿野修哉,bilibili,3537122988394668,7413,c9028d3f-c59c-5cea-8f5b-bd82d518c00d,,,
0,凉星狸子Official,bilibili,2790405,7412,c96f48c9-9a14-5a21-906d-2032390caeaa,,,
0,晴小萤hotaru,bilibili,1870201522,7402,dadee1e6-8c93-5d0f-8578-a964b49f6822,,,
0,花崎寧々,bilibili,1641117,7402,d919f3f8-a11d-544f-980c-f728bc34a0b4,,,
0,竹安hanhan,bilibili,3546393710955443,7392,fa959188-d5a3-523c-b35f-5bd100f1c396,,,
0,桃知夭妖,bilibili,3493271139519299,7383,d6bd9a98-b5e3-50e8-bf96-b8f6028f22d8,,,
0,蠢萌淇淇,bilibili,3493133713148047,7382,4424c399-8bcf-54fa-93e3-f3fb5e217486,,,
0,皖南小姐,bilibili,51457065,7372,64f7ba02-3772-52ca-bcf4-81ee07b29f2d,,,
0,桃桃酸酪冰,bilibili,1621973210,7371,e41ab76f-d301-546b-8ca5-257457e0e567,,,
0,温泽丶,bilibili,520776389,7353,6e4ef864-f748-5584-a61c-46d91c6d6063,,,
0,科特kurt,bilibili,3494354777802955,7350,ff1f5927-15f7-5816-afc9-3553042b3e45,,,
0,ruarua诺诺酱,bilibili,3546897526557386,7347,700c4bd0-cd38-51b1-8048-1e04b979e386,,,
0,咩小忒,bilibili,16955731,7341,1bbb3a00-92b9-5e04-a0c1-df6de92955ba,,,
0,洛清崖,bilibili,373263,7341,8f14ef7b-8a60-516a-a810-f02f2c579282,Vi-D,faf257d3-81df-564d-b5ae-2d9fd694675c,
0,腓腓の,bilibili,3546382088538897,7337,52cf80a8-2f0f-5c71-80cc-1e6c8d219165,,,
0,白苏Asaru,bilibili,3493261754763908,7333,1c38a1d2-036e-5967-8550-bb2b05541597,,,
0,鹿木博士鹿太,bilibili,588034,7332,445a6841-d766-5772-968d-bab01eda38a6,,,
0,神山黛黛_yuuko,bilibili,1060939035,7330,834ac527-181d-59ad-8f30-d10e1e2f3879,,,
0,兜兜Sco,bilibili,85776543,7326,7dee53a4-1b05-5ecb-80aa-a4ae4a329512,,,
0,切里_Icelos,bilibili,3493264873228660,7326,90405f2c-9b76-527a-a916-71767522c9d5,,,
0,夏凛karin_Channel,bilibili,895536,7325,35f33f73-f4fb-5292-b142-3c3c7b24eb47,雨林社,0c0c81b5-fc69-5ee9-a2cb-f77fb303b682,
0,糯轻音Crystal,bilibili,3546823327222480,7322,eaa5be78-01b8-553e-9718-b9be7e8a07ff,,,
0,星尘_StardustSAMA,bilibili,4637750,7312,dfae3f06-98cd-500a-a2fe-300f31ee77a7,狄灵计划,811ad373-4359-562c-add8-3c2492dc209b,
0,月野ゆめ,bilibili,491470,7309,bd2fa2a6-6175-5dbc-a52d-23356b7363e7,,,
0,猫音奈可_Channel,bilibili,8221825,7306,142d0704-4d52-5542-94ae-4184fc5f9700,,,
0,波莉Pori,bilibili,1685553399,7301,6a82de28-c468-582b-8f06-b6c7a8733528,,,
0,琳德Channel,bilibili,11693346,7296,8fd41a3e-f5e5-5623-95b9-7ef9947c4104,,,
0,豆油拌饭,bilibili,3493296158542325,7292,8ae0522d-4abd-5a42-9480-a1cc82f489e8,,,
0,尤可Yuki,bilibili,3546734949042805,7290,392ae129-6d29-50ac-bd97-7db5a50041cc,,,
0,蘭霉,bilibili,3546568684734939,7279,a0423a5a-508c-522a-9187-d4de50af1e68,,,
0,茸蘑蘑,bilibili,3493117382625629,7272,501be72c-30e9-54e0-aba9-a1238085ea67,,,
0,花里夜宵,bilibili,1427238587,7271,f423aebd-9896-5d55-aa07-ce04986a5b87,,,
0,猫可白,bilibili,509012278,7269,c9b073d1-40a8-59a8-9e37-dd70a3010b11,,,
0,萝北北_,bilibili,1389464337,7266,6e5eeaf0-5d0f-55d5-9456-a7d5c5ab5b99,极光社,9548b50d-dbb9-5b8e-9a4f-a86239ac14ca,
0,旺旺小力宝,bilibili,36278791,7265,87cecf08-ff6d-5638-9ccc-c8e1bd57d165,,,
0,疾风Haya_Official,bilibili,3461570965277362,7261,44cb31c9-1e07-5f3c-8446-7294af2231e2,虚数之海,32a9d077-2597-552e-9884-85282f5cd486,
0,可可洛cocola,bilibili,431337425,7260,e45ac362-01e2-5037-8450-0fba08a26eda,winks,73f553fe-bc06-5b12-be20-44b1190b6237,
0,李紫音VG,bilibili,351555002,7260,399a5fa0-8188-54b2-8343-d4d50ef6760e,,,
0,水一,bilibili,644237,7258,92b0d4fd-9d78-5456-ac72-f6f707f318f3,,,
0,雪祈Yuki,bilibili,3546386914085524,7254,9164579a-96cb-57f9-8550-239e4745464b,,,
0,雪狸Pip狐,bilibili,3546720562580430,7252,e0a40db2-94af-5981-99a7-70f712526811,,,
0,柒染official,bilibili,38890012,7250,fd75457d-e878-562a-92ed-6166e05161ef,,,
0,绘茉,bilibili,390021323,7249,1cb4d374-003c-5a3d-93ce-0b115e01c379,,,
0,Ch1kka,bilibili,796427,7248,13dad399-13af-5954-a04d-8c373d660013,,,
0,苓茸小师妹,bilibili,6161608,7244,68cf1ecf-9440-5bba-993c-a8a030432fc0,,,
0,蒲公英TPP_Official,bilibili,1010318732,7239,14afc8ec-3db0-5631-8284-ee5ad2f5e4d6,Vnicorn,33d285f2-b9a8-595d-a282-4a341ab9d020,
0,黑蝌Hekkk,bilibili,3493083203242433,7238,17591a6c-f799-50b6-b95d-d6180192a8a8,,,
0,贝利亚尔belial,bilibili,528497581,7236,0e7f89b5-6903-507d-9acb-c5b2023e5ba7,,,
0,绷绷,bilibili,3494365597010257,7233,4186eaf3-c5aa-5c4c-88de-bcacc5271cc2,,,
0,猫羽丘比,bilibili,1318310118,7227,d31f85bd-f900-58ee-ae46-2a71138dfd9f,,,
0,上月朱,bilibili,257226,7226,f635781c-8d39-5cb1-ba6a-cadc5e4686f1,,,
0,西红柿kiki,bilibili,3546654936402039,7226,8e3a8a1c-8d20-5b2a-8465-222453a00c1d,,,
0,SUKI酱_Channel,bilibili,2791185,7224,0de140ce-51fc-5a24-9d16-841decbb349c,,,
0,辉月兔,bilibili,438339386,7202,199fa2ff-e1d8-5ea0-81c0-e127fe8b79c5,,,
0,驱动露露Official,bilibili,694780077,7190,0b67188e-ca69-5c17-919c-98c53084c0ba,,,
0,鸣岐_今日见,bilibili,692631639,7184,4d9e3c2b-cdb0-566e-9f45-502bbfa57752,,,
0,萤くろまた,bilibili,907303,7175,d6f9dcf0-9c7c-555e-a446-a599016184d4,ChaosLiveSprout,e67fb222-1c4e-5f19-84da-9e8beba2c365,
0,叶卡yolka,bilibili,1964304376,7172,7b28156a-b9b3-5cc5-ab16-077f771c1e70,,,
0,温御姐姐_Camellia,bilibili,3546957247154900,7171,85be9529-ea1d-5c5a-8e1e-7d3e8f4e796d,,,
0,伊莉亚ELIA_Official,bilibili,401090202,7170,93d6f1a6-6406-55ce-a668-e755bf537caa,,,
0,花田暁official,bilibili,13684315,7167,3136764c-1a1c-596b-b291-7707020099af,,,
0,桃二月Camellia,bilibili,3546941533194611,7164,a336c819-d4d8-53a4-aaf9-7b54ee3c2882,,,
0,莉莉洁想吃点心,bilibili,1055615738,7164,d991c164-c2e0-5823-9bea-a7cc807acb9b,,,
0,明治Alice-Official,bilibili,249978573,7161,14519c30-cd74-5c81-8eab-5795fa7c51c8,chaoslive,7d14580b-8154-5fdb-9777-b1032d302bfe,
0,桃弥丝Themis,bilibili,331534143,7157,b1608f7f-071f-55d0-954d-9c1c34f298a1,,,
0,星名有米,bilibili,494699329,7156,2fd507c2-4292-512a-bf1b-70e03a0dd9a6,,,
0,可可,bilibili,1606207193,7144,82659d02-2d6d-5aab-8086-02526ff27e3d,,,
0,tsubasa鲨,bilibili,1592387,7134,7e58278b-fa8d-5ee6-bd3e-0c2dc3fa3225,,,
0,奶芙小泡泡,bilibili,402889282,7132,efc79d78-7db4-5268-a4eb-64c4091ae2ed,,,
0,凡绘,bilibili,15191730,7131,5f690780-f079-5149-bbe1-6c5fc33c0fa1,,,youtube:UCuJbz9TDLYnL7_XbvgMiCGA|twitter:KankaiChan
0,コリデール_電気羊,bilibili,542341668,7122,eb8f162c-8109-50bd-af58-4679068c6c63,,,
0,悠织YURI,bilibili,3049402,7122,e3d7f888-262b-5c95-a33f-7ff708362295,,,
0,西维亚,bilibili,1966790872,7120,89cf983b-8273-5f58-a7ff-fc162c854578,,,
0,明堂白音,bilibili,2004498331,7116,bfcf74d0-def5-5e48-ac94-7c1d05af831d,,,twitter:meidoshirone|youtubeat:shironech
0,呆呆小甜Tian,bilibili,1900978112,7108,9992e124-6652-5580-92bb-60d45210b8c4,,,
0,吵_吵,bilibili,85563631,7105,9aaad467-902f-596d-86a2-42afae25290a,,,
0,辣奶火锅,bilibili,1164726515,7103,69ce7ae4-4a93-503e-8e90-df66adbe5efd,,,
0,樱桃子_Nico,bilibili,1279599946,7096,0bf0b3e0-772b-5c1d-ad20-e0bbd2b0c918,,,
0,真島えま,bilibili,454101028,7085,22f9dd23-7428-5a5f-a84e-df1a667651e0,和遥树奈Project,03e5db22-f42b-57a1-b034-48a7f5642d8a,peing:kinapuro_ema|twitter:mJmEmA_V|youtube:UC98THnt3yBKNPMTVX7b2b5g
0,苏鹛Soulmate,bilibili,5464641,7085,c9f051e8-252a-5c71-b0b4-73a94f23009f,,,
0,宫本夏凌,bilibili,1319467,7084,58fc0f8e-898a-5b16-8eee-095ee28ece4e,,,
0,小新鱼Sakana,bilibili,1623959,7084,b38b112a-7c88-5a9b-8a40-fdd91ba63dad,,,
0,虚拟萌神七音sama丶,bilibili,39172927,7084,ab7a9190-1d9a-5e93-b576-6055d00fd53b,,,
0,罗姬_Loki,bilibili,3435007,7078,4bb285bb-5cd9-508d-af1e-72088a335fea,,,
0,乃原Noa,bilibili,388818784,7070,f2b32e27-e5fe-543c-ba67-2d6b24fa05c4,,,
0,栀鸢Chilali,bilibili,693875886,7061,63058f12-596d-527d-865b-ead4d89a606e,,,
0,玥_YUEE,bilibili,3546946803337417,7048,55840b12-5115-50ff-8bd5-e01f23dffe12,,,
0,达达几OvO,bilibili,3461571703474465,7048,4d70b763-6cf7-5aae-a9d3-e1764ae0d092,,,
0,鹤见杏Kyou,bilibili,13622356,7047,9163c1cb-8dc3-5ce4-afb8-d78b0af024cb,,,
0,PuPa酱,bilibili,6503385,7040,b9075154-a3b4-5b04-82b1-ba599c3797f8,,,
0,云笑Ceres,bilibili,289855575,7030,8ef6ea79-20bd-5bdc-96d1-920922ea691c,,,
0,可可萝娜Lona,bilibili,3546977444825931,7024,320b3d20-1d6b-55ea-8846-b57479f4bd2e,,,
0,雪姬,bilibili,1201709465,7024,0130409f-4c73-5ac9-8593-2dbfbf53e556,MarbleCreators,e7c5c642-480d-5f15-81a4-66cefd3975e0,
0,芋言Lila,bilibili,2064389464,7019,b646c592-4925-518f-acfe-4687816a5f2c,hOuOu_Project,3056975b-305b-54cd-b28c-0e005b612a5a,
0,奇奇喵想吃橘子,bilibili,17707933,7018,3ada0246-c2cc-54d1-a532-a39c5f3897ee,,,
0,星野娜_,bilibili,1952756215,7016,df80cd29-8a4f-578c-ae1a-31b83ec06136,,,
0,肆肆_Official,bilibili,679945,7012,78872544-2fbe-5166-9293-ebc024413eea,,,
0,觅柚知寒,bilibili,3546393822104187,7009,d593045b-3c48-53be-be53-4fb3098ffc5b,,,
0,芭菲Official,bilibili,333101112,6999,4442ab81-e34b-5737-9ce4-670bd55ac0a3,,,
0,花田田甜,bilibili,8247516,6998,ff639975-033b-57ff-9381-62459a65ead2,,,
0,末音むかさ,bilibili,3006717,6992,ca4382cf-952e-50b8-8fdc-5512ecd7fe3c,,,
0,石井小町,bilibili,3546631876119424,6990,4b7f58d5-09f3-5eff-83d1-df1515fe5b48,,,
0,猫一Official,bilibili,489133035,6986,b5a6af04-d5a3-5927-8653-bfdc58456a62,,,
0,sana紗那,bilibili,3461571550382871,6981,db8b9169-b594-52f1-a7c0-baccc6acef9c,EVL-研究所,67964ebf-d460-5c8b-96c4-d5ae68a17f2a,
0,吃吃饱饱,bilibili,3493135728511960,6974,e942d67b-42b1-58c3-a61c-07056504b1ce,,,
0,懒懒MURI,bilibili,456514587,6971,e4cfe79b-3a17-5fbc-b578-2f5f318109fe,,,
0,辉煌荣耀,bilibili,11314202,6971,3a3d4021-840d-5234-b0cd-558695a7f876,,,
0,雲中狸,bilibili,776844,6967,32edbeaf-d459-5762-bfe4-ad659d755f56,,,
0,洛恩Ron,bilibili,3546914851129711,6964,84801817-fff5-56d8-a097-0823e44f6d68,奥兹奇旅团（北立交桥）,1f2e8d1e-8b25-5c58-b808-cff4460a7ab0,
0,幸灯Singdom,bilibili,150301016,6960,26960605-33c2-56d2-a6bc-a80448444c1c,,,
0,李稍,bilibili,205059,6958,53ba8d10-b657-5232-8a93-ea2373f709c9,,,
0,早起喵,bilibili,479591145,6957,ee9cd91a-d23e-5222-8ab1-3d93a5f7241c,,,
0,阿尔兰蒂斯,bilibili,551114700,6952,2c36f7b2-db99-553a-b016-1426a085e830,holostars,9c1b1391-c421-5f8d-ad1d-90eefee8d3e1,
0,Siro0,bilibili,3546854516066477,6949,e3fc1a55-6d75-5e0b-acb1-cc306efa8ee5,,,
0,海洋馆在逃小鱼_Feli,bilibili,3546771231869418,6949,2fe13cca-89ae-50b4-8f57-afa6f2f9031a,,,
0,颜榞脸不圆,bilibili,352684736,6949,feead89d-48f2-54dc-92f1-f464e2bc2342,,,
0,月沢奈雪Nayuki,bilibili,11105669,6947,3b214209-fed8-56ef-bc5a-ed020e893d4d,,,
0,花山妮娅_花山拿,bilibili,4669299,6939,428c93cd-057a-5d50-b415-d032b959af6e,,,
0,Ano奈,bilibili,26939603,6932,4702b705-071b-5b0b-b05d-9656d203da64,,,
0,玉玉不想起床,bilibili,1962110378,6931,5e836836-2a13-5ccc-946a-3e06c35e60f2,,,
0,摩提_MoChi,bilibili,389052754,6919,d93967b9-a7a3-52fd-b374-eef70db15142,,,
0,虹河ラキ,bilibili,19910651,6918,d489fdd4-fedc-5cee-8373-ca5069e9a302,upd8,62b750ab-e71a-59cc-b6fe-71a2debb5598,
0,上甘岭,bilibili,197,6916,948ae126-061d-5245-a280-82423b5a5b7b,,,peing:2f5485aea71a5d|afdian:shangganrin|email:plzsjj@gmail.com
0,流司Ryuzy,bilibili,3493290729015553,6907,c062fd56-12c9-59b0-95fd-f6d23486ee7a,,,
0,暗黑猫娘-葬爱家族,bilibili,3546628944300607,6891,340a63f2-cc6e-5618-bac0-b89d9ac27cbc,,,
0,Ruki Roki,bilibili,403768239,6890,a49bf221-d17e-59a9-9662-bc247e8b24f3,,,youtube:UCf3DHSmd2DhZcoq2gwYXCIA|twitter:rukiroki_ch
0,糖酥方程式,bilibili,3493115390331580,6869,d05ae554-b492-516b-b298-7721b68f8a33,,,
0,小舟潞Kofunero,bilibili,1831179515,6866,936a1b98-e0cc-59d4-ba43-d2188bdc6dbf,,,
0,法信Faxina,bilibili,25898678,6865,246e0688-badb-551b-a519-238758c87cac,,,
0,铃木甘辉,bilibili,3494368457525928,6865,a72e21aa-27e6-5153-8edd-399e297425c4,,,
0,水原科科keke,bilibili,3493140291914482,6862,24540073-b2ea-5d60-b526-85561b68edef,,,
0,烛雾Brume,bilibili,3493110608825275,6861,88adbfb1-af88-5453-9004-3abb498dfb85,neko贩卖机,1ffea7e0-c456-564c-92e0-39055dd69064,
0,理理Lyrics,bilibili,1762978463,6860,a7e6955a-80ca-502c-8475-5ca0861d73aa,,,
0,花眠Kamin,bilibili,1488363532,6853,a0aa8a91-3ca3-57ab-b959-29742c72e98c,,,
0,萃萃莎_shark,bilibili,3537117577743118,6852,4111aa01-da7e-547a-8544-67856baed84a,,,
0,千千波纯,bilibili,3546771206703650,6848,ad1c670a-8394-5d50-b86e-4530fa71fa1c,,,
0,CandyPink乔弥亚纳,bilibili,3493077958265235,6838,93a5249c-667f-5b78-9660-57f520d16e4c,,,
0,冬月嗷嗷酱,bilibili,3494364674263195,6838,0fb83193-d3ed-5a75-aff5-36a9945732a2,,,
0,小乐希xixi,bilibili,1655293448,6838,0372caca-7fe8-5ea4-9aa6-1caeec360973,,,
0,银酥s,bilibili,1948592457,6836,e62519c7-654d-5baa-bd23-abf822b05322,幻想社Fantas1A,5074200f-7ef8-5480-920e-6c21f74cedd6,
0,哒凛,bilibili,3493137320249900,6834,7a477eb2-64b3-5be6-94bb-2cb3df144b8d,,,
0,麦格林_Maeglin,bilibili,1661917600,6833,081204ec-77c3-5cfc-b867-4d2c1b8430b7,,,
0,时音Shion,bilibili,3920056,6831,3e6dd165-cd7a-5a8c-88ff-99c92fad7d5d,,,
0,呱呱太吖,bilibili,295720746,6828,d7660dc5-a5e3-538d-a750-2ee48e418d42,,,
0,克罗刻Kk,bilibili,2036323283,6822,91942cb6-317e-586e-90a9-d4f6e581a9b5,,,
0,安森弥,bilibili,1902938129,6817,119a1a56-891d-539d-8bf0-9b6c026c0e28,,,
0,星名礼斗Ayato,bilibili,854442,6814,8d16e0bb-6c9e-57ce-a693-c2322170362d,V_G研究所,30f0a6c7-e49d-56b9-8dd9-60bf6539212b,
0,友紀みっき-,bilibili,472631609,6801,a561ec47-8b82-5a7b-93c8-e71de7dcbcf3,,,
0,哒粥,bilibili,385331182,6801,218af4dc-6ee2-5729-9db7-bf147ba41677,,,
0,生渊_4026,bilibili,1985279039,6792,af2a6b78-7a9c-50a2-969c-31d56a415964,,,
0,真白茉由_Official,bilibili,2127355475,6792,497b8896-a69f-546d-a1b3-f4e54a9dc3e2,,,
0,RED红绫,bilibili,416904059,6779,ee544e26-6c3e-563b-b758-283daa0dee59,,,
0,夏惟Xiawei,bilibili,430671301,6777,d196a5b5-62a6-59c7-8998-82100dd77b57,,,
0,海盐啾啾希,bilibili,274209328,6776,279fe53e-d1e1-5947-999e-c52a53c78aed,,,
0,宁南希,bilibili,3493279521835404,6774,3e270168-a24c-5dc5-b578-79d9f9df1d22,,,
0,贺见莲,bilibili,509337,6774,99482d29-04d7-597e-9431-40c4c695e402,,,
0,小沐城管_,bilibili,77092285,6766,f2782115-2f87-5cfe-8362-dcfd56c1315a,,,
0,宸煜_Astral,bilibili,3546385349609580,6765,f1700f3b-37c1-5ddd-a5a0-7eaaec244961,,,
0,月见梨花,bilibili,3493270879472339,6764,01c69845-eb96-53bf-a007-5415e6ea10f6,,,
0,离枝Richi,bilibili,2080519347,6761,0ab3b625-d8b4-5d71-a635-75cc743b62b9,VirtuaReal,6a8d2bed-dc2e-5ce1-a3bd-e31317aa4e23,
0,安梦梦,bilibili,11057151,6755,0f757350-4132-55ca-a0f2-21b5e2ee6351,,,youtubeat:andydream1145|twitter:AndyFubuki|pixiv:32989185|afdian:andydreamer|marshmallow:andyfubuki|twitch:andydream
0,凯莱Xella,bilibili,3493118590585505,6754,8d7ff814-d81f-5abf-9f73-3c9d4e59d317,,,
0,柴崎连_Channel,bilibili,3072262,6754,b411cbbd-5ce1-5ab8-923b-fe10993ae9f9,,,
0,别吃瑶瑶啦,bilibili,245822706,6751,4014185d-85ed-5793-a95f-fe99120de29a,,,
0,小松崎七Sama,bilibili,3494376500104114,6745,571e7049-36ce-5610-af23-29318cbd6746,问尘仙会,5f2eac9f-dc17-577f-a22a-19003e81fcdf,
0,樱丸桃桃酱,bilibili,3537123468642514,6745,9bb110c8-6094-5ed3-ace5-fc3fe6d21096,,,
0,柒予禾Kiki,bilibili,3493297142106737,6743,304465ff-fece-57a7-aa4e-c5e47c6b6765,,,
0,软糖吃不饱,bilibili,3546579726239816,6735,3aa9e802-3b6d-5b2f-b743-2353436d6d57,,,
0,无家可归的流浪鲲鲲,bilibili,20875904,6730,a58a35dd-0183-5fe1-98d2-7d6eaf659191,,,
0,圣芙儿,bilibili,3546654340810906,6712,b30eff4a-c0ca-56dc-b1eb-e5b088aed61a,,,
0,真嘟宅,bilibili,44921058,6711,4fd1dd34-7a4e-53d6-b559-f7b9b854b365,,,
0,山神カルタ,bilibili,35958802,6698,535ee8b1-68e3-5428-882a-52bef3c333c9,NIJISANJI,5da64d9a-b5d2-5f3e-ae3c-35ec6aa42492,youtube:UCllKI7VjyANuS1RXatizfLQ|twitter:karuta_Yamagami
0,瑞丝卡Risskar,bilibili,3493093267474601,6693,f3d0d058-09b5-5fea-889f-5c832d1bea23,,,
0,夜乃霓虹,bilibili,1341914,6687,f9470294-45ac-5408-95c2-49e9aa0977bf,upd8,62b750ab-e71a-59cc-b6fe-71a2debb5598,twitter:NeonNight_exe|marshmallow:neonnight_exe|youtube:UCLQIMDHNE0ZGAiHIdMbq7dw|booth:neonnight-exe
0,申悦,bilibili,3493256591575169,6682,3add69cc-cdde-50f4-ad82-e3450ab71a6a,,,
0,许诺MoMo,bilibili,1640145306,6682,83778787-fd2c-54a5-8d82-309feeb23be5,,,
0,露露C娜塔莉娅,bilibili,755641,6682,4f8bfee5-9e8f-56b6-b9e8-9f94870ec40d,,,
0,华枝雀_Harpy,bilibili,362628,6681,c69022ec-7191-5f26-9e89-07ef8387bfcf,,,
0,夜樱诺娅_Official,bilibili,612321074,6680,f860b14b-5d7f-5a7d-a3e4-0b6b02fc81ac,,,
0,蕉小欧_Okwin,bilibili,3493256746764958,6679,8444f34f-d685-50e1-a056-7ff64950fe5a,,,
0,音之呐呐_Nana,bilibili,2603750,6677,46565fc4-37a4-5e95-add8-36c390cfb976,,,
0,婉沁sin,bilibili,3546853257775767,6675,673e0154-f98b-5981-a8a7-8129ce781fe0,,,
0,澪眠,bilibili,589130737,6670,9cef81d8-eda2-5335-a33a-6bed3e7d0ac5,,,
0,铭澐FULO,bilibili,14295657,6669,2ff2e5e7-84cd-5d24-a6ae-7a326ed1e022,,,
0,冻梨-pear,bilibili,3546392238753871,6663,d950d0bd-3494-50ce-9341-36375f42f825,,,
0,拾伍司154,bilibili,1698803,6663,227af85e-9bf8-5031-ad90-960321b1e53d,,,
0,玛琳璱Official,bilibili,1585307828,6663,8e15f8d9-4255-5168-8953-9c4851ce9048,,,
0,朵狸娅Dolleya,bilibili,3494368656754834,6662,888f509f-989d-54e5-b1e3-28e87b27d8f0,GravityS Project,3dfee54e-d852-5781-b361-5b71c3d16b84,
0,Pelokio皮洛可,bilibili,149066,6661,e1387222-e900-5bd8-8294-81d1bb0e5f08,,,
0,万殊w,bilibili,1563192916,6658,0bcd43c4-489f-5b80-9394-2522e85ff8b4,,,
0,悠蕾娜,bilibili,620905044,6654,f42c043c-8a72-58d7-a744-66915f9b01d2,,,
0,山霧-Official-,bilibili,1969028,6652,a8faf901-bdce-568c-9f30-3b3590ea0066,,,
0,温知闲silly,bilibili,3546844992899784,6642,73603032-bcc2-5b39-9e58-c07433883600,,,
0,星罗薄荷,bilibili,1548880519,6631,9f9169f5-b1c8-5914-a53e-9a7b17b4ae76,NHOTBOT,1689a361-899d-5037-bd95-c45c3adaae15,
0,夜辞药Yiska,bilibili,3494379379493347,6628,fc396d74-3645-572a-8c0e-3f000dc86ac1,,,
0,艾冰phoenix,bilibili,8039394,6625,1b23f955-3cf5-5487-929a-983c4f276be3,,,
0,幽刹Yocha,bilibili,1827016353,6623,be88828b-47ba-5be4-bcb0-61eb14b75aa9,,,
0,旺宝咪yaの豆腐帅A专宠,bilibili,3493290938731128,6621,632bb71b-a4bc-5ee1-8aec-0d6515168cf3,,,
0,Alt_Vtuber,bilibili,371691012,6617,6e2ca6ac-ab9e-5f50-add0-c6d6a4cf5691,,,
0,佳娜kana,bilibili,11447510,6613,9a9d239c-11e9-5fba-a937-b69ad0bf7b80,,,
0,芥茉辣酱,bilibili,431493530,6612,902f5774-3288-5e72-86e9-7de17531c590,,,
0,优米酱鸭Yomi,bilibili,10923062,6607,9a75e4d1-ad98-55d0-bd88-2a166890db20,,,
0,小仓栗栗,bilibili,2493761,6602,10b7c8c2-7d64-530e-b3d2-8aa74f5f1a1b,,,
0,东堂琥珀的蜜罐,bilibili,38337667,6598,fbdc8ec5-029d-54fd-b21b-6ab0040085d2,NIJISANJI,5da64d9a-b5d2-5f3e-ae3c-35ec6aa42492,
0,立夏Licca,bilibili,1180703258,6597,57ffbeef-5ae8-5c38-aa8c-4e5722bc3c9b,,,
0,墨青玑,bilibili,1098845992,6587,ec675da9-0784-5d3e-b742-8d2765074013,,,
0,埋宝宝OwO,bilibili,438756539,6584,71913528-bc85-5c05-adb2-11e6f7ac9503,,,
0,黒澤鳩_HAtO,bilibili,3275471,6584,7f2bb010-8131-580e-ad91-b854b94b9639,,,
0,翼莉雅Eliya,bilibili,321515030,6580,828b3f86-48fd-5407-8513-42dbe834f52c,,,
0,猫羽空,bilibili,2106656188,6579,feff7a61-dbcf-57da-ab9e-23fed81e98fc,,,youtube:UCMeRRRZAHlYeOYzBV478Aag|twitter:sora_nekoha
0,朝月夜Asa,bilibili,3493078824389254,6578,107e31fd-074f-5e0c-8707-7e0b016f0096,,,
0,泠珑_lion,bilibili,3493289460238782,6571,540867bb-146e-5e1c-b139-119e8be6d316,,,
0,竭策凛,bilibili,32886516,6570,b1179c99-efe0-577b-9a1a-347611aadf92,,,
0,可琳Lynn,bilibili,3546566478531324,6569,e423c847-ca72-5cf4-aed1-f6c960f568e4,,,
0,天上院凛花,bilibili,13676468,6568,249a3d91-9db5-5157-a05a-a7e77b738fc6,,,
0,扎扎uni,bilibili,3546669335448490,6567,2cdbe400-5c27-5c52-98b6-054e18cae263,,,
0,獭可Tacoo,bilibili,3546734101792934,6556,c7c58927-01b7-5618-9e6c-1d73d3ea474e,,,
0,月铃汐Selena,bilibili,1386318437,6553,865f25e6-0d32-5d40-b969-a40ac6746ef1,,,
0,Aqu_曲儿,bilibili,3546935598255020,6551,1ca6af5c-bf49-5d51-9230-297a48296b0d,,,
0,羽生咕咕,bilibili,3494357963376987,6545,69f4ee7a-e684-598b-9f66-25df268f1bf5,,,
0,晴空-Tiso,bilibili,291232072,6541,18a475cb-b5c5-50ac-9134-0c518423dc7e,,,
0,可依koyi,bilibili,1913458182,6540,2d1688f1-019a-5169-85b0-8860039a1e84,,,
0,LLZ栗粒籽,bilibili,3537106875975991,6538,09079c4a-ac93-5ef9-b6d8-9219baf32ad6,,,
0,小鸠,bilibili,3657937,6535,d6f2605c-437a-5925-9f1b-c326d13b1107,,,
0,春霞みぃな-Official,bilibili,1738665937,6532,1388c2b6-5041-5293-bed1-4ada01717445,,,
0,江上晚棠,bilibili,3493268534856217,6518,d1b68339-ac67-5460-9af1-80ed6a8e643b,,,
0,可洛米娅_Chromia,bilibili,5132603,6514,9d3b0eba-b1bf-5b17-bab4-9cb799cc7ca6,,,
0,筱陌lucky,bilibili,132595192,6512,bd137beb-0ef8-5c8c-8706-7ac2239576b2,,,
0,月小兔niki,bilibili,3493291037297185,6505,a09278ea-da9a-52a2-8a99-34e5b85bc1ff,,,
0,南宫弈天,bilibili,13431768,6497,f2690fd0-843a-523b-b497-854d8daee00c,,,
0,多喜Sweet,bilibili,1665314733,6493,c23ee3d4-fd2a-54b7-b967-d1133cba5b6e,,,
0,素素爱吃螺蛳粉,bilibili,387204854,6493,e25df14c-f5d8-57f6-a48f-06625e8270cb,,,
0,小欣大爆炸,bilibili,3493275312851757,6492,131bb832-a40b-5187-9300-655cb360167c,,,
0,翼翼子,bilibili,489532,6491,e6558b88-4cde-5c93-a2a9-5ab20ce14f68,,,
0,刷刷堡QwQ,bilibili,308679756,6490,ae6f27ca-aee1-5c48-a97f-13e02a8b20be,,,
0,夜色Meow再也不赌了,bilibili,3493289724480336,6486,d48e2329-063c-501f-a2cd-d46c96f70f2c,,,
0,神山兔兔,bilibili,1750688671,6482,b3bf4491-2b8e-58d3-863d-4fcb79fa2edc,,,
0,三三niko,bilibili,1604544950,6479,4c3a22f2-ba19-5341-8c13-0418ab4761d3,,,
0,多罗pattra,bilibili,10501517,6478,754c87ee-43eb-5a42-b533-33452dbe40cb,,,
0,歩夜_poya,bilibili,2145655554,6473,1407bdf6-0a7b-5521-964b-f8495952806b,,,
0,花可落_kora,bilibili,39876273,6471,5f80ad55-02d4-5b0b-ad29-74ba86e9f6e8,,,
0,相相owo,bilibili,3493280415222475,6469,35a90016-bb11-5fd3-a137-e1eee0b55703,,,
0,岁岁Mier,bilibili,31223588,6466,cc27ae4e-7f6d-573d-b346-0cafae1af50e,,,
0,云子,bilibili,17987645,6460,02582eed-0001-5836-bdad-aea557c32dc1,,,popiask:kumoko
0,千洛爱吃肉Chiro,bilibili,424729808,6458,7cc21981-037e-5027-ba33-4af5ff3a30af,Virtual放送部,9abdd959-092b-59ab-aa0e-c4a8a310094a,
0,時葉美澄_Misumi,bilibili,8964888,6457,ac5ebe60-944c-5c22-a0cd-161a6efa7e36,,,
0,白鹭妮可ちゃん,bilibili,15513977,6453,b540c04f-6581-595f-b4e3-cf3a7ded4e34,,,
0,星野,bilibili,23268,6444,8f769094-5619-5057-81a9-9ee3484e4d9b,,,
0,星宫晴琉,bilibili,3546876051720862,6439,ab347029-fb3e-5bf5-8b58-e16945d2046a,果子本铺（北立交桥）,adb0ac1e-8f0a-5711-96bf-b7bc5676eda4,
0,千寻,bilibili,300400522,6438,b8591a9b-9748-5d27-9843-35186571650c,,,
0,duduluく,bilibili,7805371,6436,6ef3c1ef-b5a9-57e8-a7d8-1ffb696c87ec,,,
0,捌川-Yakawa,bilibili,8155464,6434,b0af2399-9ea5-5c19-857e-91ea20de497b,,,
0,琥珀と纯白,bilibili,675401466,6432,26fb6197-7c39-5557-aad1-18945f206fad,,,
0,喵尾叽OvO,bilibili,19827338,6425,27a9cb1d-c226-5064-8812-400bd471c937,,,
0,氷神葉,bilibili,47143337,6425,a7d929d6-1884-5af2-93b2-ebfa9e826123,,,
0,祝予和唤鱼-twikoi,bilibili,3546832527427588,6425,c4282f87-dc38-5de1-8ae3-113b2d79f041,,,
0,倾卿喵Mio,bilibili,3493135044839465,6424,c725927f-46d3-51bc-8152-e22b0f23669e,,,
0,春困Channel,bilibili,1970998002,6424,4eca5f5c-79e3-56a3-a357-6b4ff124ea9e,玹云社,a629223f-5cb6-50df-8d28-5400b4d1c497,
0,萌糸莉雅,bilibili,3493120748554589,6421,427338d8-6911-5e7c-afbb-33b5d07f5a63,,,
0,三嗪Lamotrigine,bilibili,3546935717792055,6420,deccdad4-a4d3-5a48-b6d7-d631f497968c,,,
0,和子_Kzk,bilibili,3550036,6419,fbd0920e-0db4-5568-9a4d-c789578fd6e3,,,
0,雅罗_Jaro,bilibili,1954380,6411,221a1af7-f4cc-5f87-b72d-482e75162c29,,,
0,仿生猹,bilibili,522384919,6402,c5564c27-574f-5927-9dfa-10fcffc5c55e,问尘仙会,5f2eac9f-dc17-577f-a22a-19003e81fcdf,
0,右飒Yuu,bilibili,630795548,6400,ccfe3035-c9f4-5785-8934-a1a1aac999c5,,,
0,桃仓双叶official,bilibili,702316072,6397,9ad7883d-df7a-5cad-a9c9-ffdfad0afb92,,,
0,白小宛_official,bilibili,288422491,6383,a1ce4f50-bc7a-568d-b45c-6fcb877190c5,,,
0,月宮レイナOfficial,bilibili,626746778,6379,6ac2f317-69ee-58d7-a5f8-0ad3b2c91655,MofuMofu Fantasista,1c22567f-c174-5e1c-b4d4-78389bf39d09,
0,骨头Bone,bilibili,10397182,6372,08de2ee5-b2e2-5602-ad37-ed0181cf2e05,,,
0,帕拉露_Pararu本体,bilibili,8172211,6365,8d0a869b-626e-5ed5-aa13-0dc876aa8554,,,
0,星空恋ren,bilibili,3494354666654512,6365,0176fe3e-6e6a-565c-9409-083dfeed5c37,,,
0,光之信信子hikari,bilibili,32577300,6364,b6c287e0-19cf-56f8-ac5b-e6759a1c141a,,,
0,洛歆叶,bilibili,124107064,6362,1f0befb5-71c0-5c4f-b043-0567439e6453,,,
0,六花-0v0,bilibili,698803411,6361,7046a62d-fe3f-5b43-b913-735a64c5a9e4,,,
0,奈乃nono,bilibili,3493270000765861,6354,198057f4-862f-5d2c-95bc-595e16a184cb,,,
0,清橘儿,bilibili,3493298528324278,6354,af481414-b174-53f7-a025-defde160a98a,,,
0,蒂雅Dia,bilibili,1601078731,6353,6507c20b-a506-5911-83e3-4ba18626d4e7,,,
0,秋糖Coco,bilibili,1513739351,6352,6a72247d-e6f3-52b6-94c0-1edde5defbde,,,
0,奥卡塞特丝_OrcaCetus,bilibili,1219797330,6350,ef15130f-273f-5859-927f-4b05ff34f6d9,,,
0,糖啾Channel,bilibili,136037914,6346,09eedd4f-8f99-5943-a562-d40abfdc2186,,,
0,雾奈fufu,bilibili,1833371045,6346,55ecf7d7-5ab3-5073-b914-955b533a1eb1,,,
0,脆鲨12138,bilibili,188888131,6345,b77f6ca3-963b-52fb-ae86-f30289d4d2f9,,,
0,卡卡Kakuma,bilibili,1981393420,6344,f6c62269-9689-54f1-9f9c-19982989ccfd,,,
0,理可可可豆,bilibili,354066260,6340,56ffc8d6-f9e0-536b-8ae9-df6e48b95cdd,,,
0,小松奈_Savi,bilibili,417317775,6335,3ed9be74-5fa6-5edc-955b-00edb63b5fbc,,,
0,蠢猫merry,bilibili,21292023,6333,0b640c87-0f13-5a77-ae0c-226c73925551,,,
0,卡萝,bilibili,324642668,6329,eceb0b96-99d5-5647-99f7-4243948e4c8d,冬日之家Ultra（北立交桥）,748b837a-0f27-55d8-aae1-695e4cb77aff,
0,鱼蓉ONFIRE,bilibili,1691266137,6328,f8d40872-d74d-5f2e-8d53-5ab3e064f30a,,,
0,拉米是一只鱼宝,bilibili,4583836,6326,47cc425d-b1d9-511b-a4ce-28b7891f87a0,银河跃迁PHG(本社),81bdaeaa-2221-5ef7-a52f-aac975443377,
0,熊本遥haruka,bilibili,11666991,6324,f0df12ba-e8a2-5135-ac97-004206549c6c,,,
0,陈小芸VolCanO,bilibili,242644067,6319,7566ef0c-8cf4-5653-a8ca-a3b61ed029ef,,,
0,小野_momoko,bilibili,1664732288,6316,5dca75e5-6fbb-5d2d-8129-17905139b79d,,,
0,梨渝Liyu,bilibili,2098173126,6316,0be1a1f9-a235-5432-8f1c-2ab1a051cf9d,,,
0,邪魔泡泡龙Popron,bilibili,419290316,6297,bb59d0f5-eaa5-517c-a811-5289825afa68,,,
0,兔糖咪-本兔,bilibili,507379381,6290,141005b1-7b15-5526-b55e-cbdfd4395c5f,,,
0,眠猫MAKURA,bilibili,1918118972,6287,8365a14a-bd0a-5a3b-b3a7-59cefa432c35,,,
0,魔王小喵大人,bilibili,13950589,6287,bbc85956-efcd-5df5-91d0-2775e695878b,,,
0,想想没肉吃丶,bilibili,3493261905758601,6285,5f0c3a03-74fb-5fac-9589-03b55715bbf0,,,
0,慕影真,bilibili,1625243,6281,784c1432-139a-5f0c-9191-7d8a731df77e,,,
0,千夏由依,bilibili,3493270487304418,6279,24f94936-86be-5707-93ec-7733c1bda7a3,,,
0,希拉依,bilibili,6534118,6278,15ca8cc8-ac34-5083-ae67-d8b752a80d19,,,
0,泽维艾拉,bilibili,3493262526515510,6275,e934665e-1c5b-5d35-9673-53ece9e4ae29,,,
0,聆虫Rei,bilibili,2348754,6275,a2aebc10-8852-5e10-a9c3-3bc839f0cb77,,,
0,芷羽_sola,bilibili,3546611269503460,6270,4f1c4454-29e6-5fdd-920f-219a71486455,,,
0,云母沫雪,bilibili,3546664549747467,6265,9310b991-eb26-5845-a1c2-a481734b502c,,,
0,鹿鹿熬不动,bilibili,481011963,6265,a8ef3f7d-025e-5d54-a0c6-144b46b3563c,,,
0,卡塔-Kata,bilibili,3493283028273617,6251,1d788b44-0e2a-5d90-976f-8c670a2bf298,,,
0,汐霂mumu,bilibili,1780457564,6249,9de4dcca-efbf-5e97-9c7e-4acb0285921e,,,
0,祈乃Nya,bilibili,17476582,6249,83336ed1-8cf5-52b1-ab5c-b708c0643f46,,,
0,维维尔viv,bilibili,3546586030278723,6248,c8286226-4ce7-5347-a481-b3b8e3360ed3,,,
0,爱蕾尔,bilibili,50350903,6241,24fd939b-3591-5e8d-910d-5c5cb8752af8,风云社,66ab2857-8a5f-5768-a532-f9a05a6d7572,
0,绀野芽郁,bilibili,3493081800247520,6241,0cc0bc35-dc11-5c0d-ac98-21e04822041f,,,
0,阿枣超难哄,bilibili,1369650463,6241,4d9fd6a8-54b3-54c8-84ee-a28d4131a672,YOLO,a7195ae4-4ee3-5905-a447-4c528d788666,
0,晏晏有个卡丁车,bilibili,3546374702369366,6238,6739f4d1-287f-5b20-8203-a858b96f8fc3,,,
0,梅可露,bilibili,1084472933,6223,bf00af8d-7d98-5744-83e1-9d7b6534dbdb,,,
0,手癌晚期天山w,bilibili,7417985,6219,d359948c-ffa2-57fb-ae7c-22880ad6438c,,,
0,度日有希,bilibili,371267,6218,5d9717e9-d215-5501-a2cc-313dbf616b46,,,
0,笳米不好吃,bilibili,701041148,6214,e76ee5c1-0da1-5fa6-ac4e-061297e8ab0f,,,
0,卡欧诺,bilibili,1358142752,6201,852d2dec-6d28-5828-ae9a-ac3e599201af,,,
0,咕噜吃糖果,bilibili,353764790,6199,13f38c34-4635-5222-8ac7-2d0a67f23dc2,,,
0,勇敢小暴龙Yami,bilibili,3546956831919038,6197,9de0c1ea-447c-5b43-8be8-5dca3cd30c80,,,
0,莉莉斯official,bilibili,7209795,6197,13570914-a5b2-5ebd-94ff-bffabb925eee,,,
0,雪豹Leo_official,bilibili,2146103492,6194,4a98c3de-f818-5cc9-9899-31fbc4742c63,,,
0,嫒法·艾克赛尔,bilibili,13376066,6190,6d72e2cf-961c-5339-a5ad-5fc942f60025,hitorino,4d66bbfb-bee8-59ec-88f6-495507330f10,
0,鎏今,bilibili,3493138138139195,6190,4981aab0-49b4-5480-b50d-f06dc7bf17ef,,,
0,雾花怜怜,bilibili,3494378291071555,6185,8b5b3683-9797-5a9e-b152-6bf6e6e86407,,,
0,烨璃Eiri,bilibili,3493280968870430,6184,a518e643-4426-5681-962c-1a1fefcccbc6,,,
0,米酒七分甜,bilibili,592366795,6177,828da79f-fd1e-55f9-bef4-70d6c7b32db8,,,
0,亓叶澜,bilibili,1886872816,6174,54708c6b-2c0e-5a43-9fbe-f0ef4b173e55,,,
0,莱普格_Repgow,bilibili,96259815,6172,672aee82-63c4-51df-b4c4-b841c6a14a23,,,
0,蕉蕉bana,bilibili,3493120318638494,6166,c25030cb-9203-5ad3-8319-2fcf13a44243,,,
0,长离_li,bilibili,3493273970673718,6163,491bf9ad-ac2c-5270-8b83-be92bd3e1593,,,
0,西園寺メアリ搬运组,bilibili,223580,6157,45e95578-fd46-5310-a127-c59b40382b6b,774 inc,15e9ec4b-006f-5bcb-bdd0-8dc56854d6f4,
0,風宮まつり,bilibili,387990044,6157,5149d395-bae3-56af-afc4-360da1761b63,,,
0,煜蛾不是凑企鹅,bilibili,485870239,6155,733c162f-4cf1-5473-9afa-b0020fdbc2ff,,,
0,玉兔鹅Nerina,bilibili,178429078,6153,452f54ba-4355-56a5-841f-3786d7b598ed,,,
0,冰旭_Sirius,bilibili,381310794,6141,06abf8ce-0aef-58ab-84e7-8faaa77fc470,,,
0,橘涼葉,bilibili,3660370,6134,ca006071-4bab-5f1a-9301-f9c1ce4a0778,,,youtube:UCLl6SoIaxp3cZQZ6g7jeMaA|twitter:suzuhatachibana
0,雪彩丶琉璃,bilibili,23643455,6129,ec87bef0-3429-548a-b553-e176378b1c34,,,
0,双荔,bilibili,489377505,6123,13c7c5f6-b12d-53ff-b2dc-cef970c52c6c,,,
0,御秋无水,bilibili,3493275388348816,6116,4ec902c8-525d-5fd8-8132-954fc0dd0673,,,
0,林麦麦MM,bilibili,299289971,6105,042859fa-779b-5190-a53c-3cc8c9d8f0ba,,,
0,白夜恒星,bilibili,3493075267619423,6105,37405b64-4208-5404-a6c2-c441ca0c4777,,,
0,桑崎Roxie,bilibili,3493282059389335,6093,56eca7ba-da61-5c04-9342-088b40970757,,,
0,夜行游鬼,bilibili,13967,6091,9e61cf82-96f9-5c6b-90c8-702bf8825f17,,,
0,月灰灰,bilibili,105081005,6080,287c6412-4938-5c2a-b27c-f71c6f9af1d6,,,
0,Yumio今晚吃什么,bilibili,1749672325,6078,3c0c12fb-8e9a-5286-8490-54ace8d3c693,,,
0,黑羽朔音official,bilibili,1895156,6069,c87c6f97-2dbc-5ecb-b12f-5dc543f4c34f,ChaosLiveSprout,e67fb222-1c4e-5f19-84da-9e8beba2c365,
0,西西里亚CCelia,bilibili,3461564264876150,6067,e2487950-c504-5a0d-b100-9298ee017b5d,,,
0,宅诺zino,bilibili,544074080,6065,b8d852cb-13ee-57f4-9dc3-5d2d8748f210,,,
0,小鹿比酱又迷路啦,bilibili,562935153,6065,bac25aa0-e072-5b6c-a1e1-b80b0204b471,,,
0,燃宝ivan,bilibili,3493131561470207,6063,5004143c-e843-5811-b032-78266ba18180,,,
0,琳伊neko,bilibili,475645,6061,e9a1431b-9063-57ba-b1f2-1c1412ea908a,,,
0,兮游游,bilibili,523570,6055,e0b5f147-84fb-5fa0-bfa1-a6a922d2d13b,,,
0,啊昭是啊昭,bilibili,5320543,6048,5e4e8595-ca5c-52a4-8740-01b3c658743a,,,
0,茶枳,bilibili,3493276436924430,6048,5c42da6e-9c4e-5417-a85f-71ff0f71ea40,,,
0,摆摆太可爱了吧,bilibili,3493138312202450,6045,f7fc9503-b7e1-5cb8-85a6-7db11b82d85b,,,
0,夕雾Yae_YugiriYae,bilibili,3546669673089060,6040,16534206-6b4a-5916-9cdb-79f364d07825,,,
0,游希yuuki,bilibili,249258,6039,7faf22a1-341f-5dbc-ad6e-77d8d90025b3,,,
0,薯亞-Chips,bilibili,355102502,6039,6aa2fceb-e140-594a-a3b9-7b3bc01c3a16,,,
0,赳栗娅,bilibili,297293105,6037,b1ddae5c-4682-59fe-b450-2d9139cbe64c,,,
0,花汐月Ty,bilibili,3546600957807502,6033,118a3a7c-9f4e-5fc3-b329-9b5205aa809a,,,
0,北熙North,bilibili,30367043,6032,f4807aef-868d-555d-b68d-0046c5120462,,,
0,米肆沙拉,bilibili,413337232,6023,056b3c24-4381-506a-a0da-9292bb8b2ef8,,,
0,艾瑞克_艾宾浩斯,bilibili,473226,6016,d1293a3f-6569-5332-aa40-f731d2e16421,,,
0,飒琳,bilibili,3546572872747271,6011,ce24069c-865d-59fc-a4a3-9bba85ed6bb5,幻想社Fantas1A,5074200f-7ef8-5480-920e-6c21f74cedd6,
0,仙贝不好吃,bilibili,224700425,6008,7899247e-c91e-5b56-b567-c8686ff3f5f9,,,
0,伊尔纳Aeterna,bilibili,3493131676813320,6006,646d47dc-a8ed-5b10-be9c-91ee6b20f21d,,,
0,璃烟正在长大ing,bilibili,3493277703604876,6001,628ab46a-853d-5e36-b436-592fdc6e5637,,,
0,卿卿竹,bilibili,3546697030437325,6000,4d63fb48-505f-5c88-b689-914e6a166f93,,,
0,祀祀大西瓜,bilibili,7701793,5998,03d67774-4214-5782-8441-eee8a9a44a7a,,,
0,婉歌_wanan,bilibili,3546690632026848,5995,cfed0e17-6acb-5d41-81f6-407e855b4bf8,,,
0,浜锥,bilibili,3168963,5991,3f6c69ac-22b1-5f29-b389-48ba47a31221,,,
0,延寿糯糯_延寿のの,bilibili,612430240,5983,7ab9aa75-ac94-5af4-b0ef-717a68066cea,,,
0,在逃妲己,bilibili,479327011,5982,42d60f60-fd7e-5068-91e4-198553f8ba74,,,
0,雪荔_Sherry,bilibili,3461570558429255,5981,f9e3e7b1-09d2-5b22-a3a2-cc43184df2ff,,,
0,长安唐棠,bilibili,8173234,5979,512acbdd-ecbe-5b0d-9e8c-b26d6cdd05e0,,,
0,七分yoyo,bilibili,3493296160639187,5973,759e4aa7-0357-56bb-8872-a75cbad97f56,,,
0,荧岁青Europa,bilibili,3546726669486167,5971,016297bc-c36c-558e-90e2-8a51dd2c97dd,,,
0,喵丸子yuki,bilibili,3493297859332607,5966,72c83b82-0472-5e2f-82e9-219996505d91,,,
0,有su忆忆,bilibili,3493141734754688,5964,f8d0d548-78d5-5da6-9ee5-b4b62c08e507,,,
0,世弥Yoya,bilibili,521885,5963,8ea5d310-48d3-526a-9d4d-1e0504c7f0d5,,,
0,子煜,bilibili,8353983,5963,f96ccc2b-50fd-572a-bae8-29e26a2fecca,玹云社,a629223f-5cb6-50df-8d28-5400b4d1c497,
0,水柳雪音Yukine,bilibili,3633644,5956,4c8aed76-eef7-5bfb-b613-9621df252501,,,
0,莱斯威特,bilibili,62294084,5956,b759f508-5abb-548f-ae84-04c2bb4f817b,,,
0,花崎奈子,bilibili,3033903,5953,ebb5af3e-bff4-5537-aa01-96a3a4922cd8,,,
0,凌熙之辰,bilibili,1913836091,5951,1ab7e1bf-4b24-50d4-8e43-583c6b5d8448,,,
0,米迦勒凌寒白羽official,bilibili,29616104,5950,6e90c061-5b14-566c-a3c7-a59665019cca,,,
0,無田虚,bilibili,2130856208,5948,0c04b6d7-936b-55f6-aafc-3329506ae932,,,
0,佑玥汐kiyo,bilibili,3493116074002752,5939,c08eedbd-bebd-5604-9b89-8c38c6a8c110,,,
0,喵伊坨,bilibili,568209135,5938,b3efdbac-15d6-5f51-a12d-c53e1ef8ef64,,,
0,鹿苓Luna,bilibili,180241690,5937,3d2022a4-053e-57e0-8411-00a707b416f3,,,
0,菟咲Tux,bilibili,1645741770,5935,8ab3e65d-fe90-508d-962d-821840d1e343,,,
0,露比嘟_Ruby,bilibili,3546738598087205,5935,bf48d29f-c43d-50db-86d0-50da93a89562,,,
0,软软云cloud,bilibili,511313707,5925,9cb3047d-af4e-579c-ae29-c6727752236d,,,
0,桃乐丝,bilibili,263091531,5923,ef3fc782-b9ef-503e-ac58-b2416f00a080,,,
0,安芙拉Furla,bilibili,701509363,5921,0499d087-ea08-5c0f-9946-5dd5b144d57c,,,
0,昼里,bilibili,1601484616,5919,2e7665c0-296a-5a6f-a9f4-1fb6ca1b3e0b,星果屋,14af1184-c6c7-5526-b984-714023090937,
0,梵卓,bilibili,9847819,5915,35cfd08d-c723-539d-b423-00ea8b6832ea,,,163music:131950659
0,黛棠OI,bilibili,3546585537448033,5915,e48aa1a2-8b6e-5918-b61e-7fdf663eea44,妖精管理局（北立交桥）,c8d7d021-ce8c-56f6-90a2-ab8758b3ac8a,
0,Amy,bilibili,2903285,5911,ab5c1e97-51b6-5eeb-aed7-30230c584e67,,,
0,杨远洛里斯,bilibili,609610777,5909,d84f9cb3-fc43-567d-af8b-c86e172967f5,,,
0,璐洛洛_official,bilibili,385803327,5898,7308df58-65af-508b-aa53-e6c7cf504ef3,,,
0,萧清清清清清,bilibili,3461570310965376,5896,f5480ad2-8d0b-5533-96e9-5af129822792,,,
0,沐玖曦owo,bilibili,564312710,5895,f6c98486-336e-5941-8453-23a01db7cd27,,,
0,阿塔斯_Altas,bilibili,1840878197,5894,2353f85c-5b5f-5f6f-a0bc-2f3b6e34a145,—MSD一,4119dbf4-9390-5a1e-8b90-6734005c8b85,
0,樱井妙妙,bilibili,34430379,5891,a023d06c-bc2c-50e8-a013-1f531c8becc8,,,
0,星午Hoshigo,bilibili,3494363652950996,5889,2221b583-045b-560e-a562-103c28eb381c,,,
0,猫可奈sunny,bilibili,3706983618185766,5887,46c097e9-2538-5213-9eee-09fd80b3f28c,,,
0,灵晓,bilibili,27632493,5886,a050d877-5ea9-5d93-a2ed-8ce6a07f5f93,,,
0,枫绫雨,bilibili,3546933675166587,5884,f872e85f-f9e4-5017-a8c4-041f6a4663a4,,,
0,海苹果小学校,bilibili,82859591,5872,b5cd7ee8-2354-596c-8883-b6d63a59c55d,,,
0,礼原恋rei,bilibili,3690971204160053,5869,670d54c8-fe45-598c-9f8e-a151473c7756,银潮project(北立交桥),208c906f-cd5d-567d-a8f5-6067d9d78fd2,
0,琥珀珀,bilibili,1863822023,5867,9f44739e-3677-5dab-b8a5-455a70bffe37,,,
0,河豚不是海豚音,bilibili,65566781,5855,331ab613-8bcb-5eba-8ac3-f83fded51d19,,,
0,砂糖Satou_,bilibili,2110481733,5853,77729433-141a-5f37-9b22-6cc1232cf124,Providence,412f3e13-0742-53c3-80e4-a0ea111657d9,
0,玖织捏,bilibili,3493139956369681,5848,c0f8b9e2-fbc6-5a01-befc-0fe94e469ecb,,,
0,苟誓,bilibili,3546917023779079,5832,84638f28-6278-580d-99de-7f182747597c,,,
0,蟹物语の,bilibili,524401942,5829,981af0df-d170-55cd-ac7a-1fbf2033ddb0,,,
0,慕澄熹,bilibili,3494365041265238,5827,8394102e-041c-574b-b55c-88a0bf474c2e,,,
0,林小可,bilibili,14110514,5819,8edf08ea-6b7a-5f8e-920e-366329edd498,,,
0,阿梨超甜,bilibili,35835223,5816,630cbb7b-3a54-5fff-af51-0fc25486a5ac,,,
0,卡诗罗Kashlo,bilibili,3546865819716385,5805,81964ef8-2991-56fe-9479-ecc96b81af81,,,
0,星野绵奈,bilibili,45336140,5798,0f3f9087-a3f3-5ff2-a091-38a333591a17,,,
0,霁春夜,bilibili,3461579414702155,5789,7280275c-d0f4-55cd-abae-793c593b780b,,,
0,盐月Yuu,bilibili,3546576484043539,5785,f148e709-b784-596f-857a-434e11aa5917,LBG,db0ee4df-8826-507c-8cd4-dbe478f0c0a8,
0,Tarina-糖妮娅,bilibili,11009752,5784,5689d559-ed1a-5cbc-9c8c-655339af4e3e,,,
0,食人花帕琪,bilibili,1171074593,5784,78ced854-934c-5446-9ffa-8f7ac8efc50d,,,
0,顶顶Din,bilibili,3546699679139894,5780,7a32ed5e-a7c3-5377-88ba-5411edf3bd29,,,
0,暮娜・惑星诺瓦,bilibili,3546795103750620,5777,c822a679-0ecf-50a6-85f8-84df2e77a259,Hololive ID (印尼分部),0c089df5-5af9-50fd-94ea-b469b6847d0f,
0,月见里朔良Official,bilibili,647575049,5775,8dfa2db5-0716-52ed-b2bd-d70e9774b1c6,,,
0,棉心Official,bilibili,1098488751,5774,62531a2e-72b2-596f-ac40-840ac2b5e64b,,,
0,鹅糕菌_Edible,bilibili,1910268505,5774,e0b80a0e-c581-5530-b23d-22a5bc04e568,,,
0,秋迟_Qiuchi,bilibili,21139669,5771,9bb9b6ff-4d61-5edd-9782-301ad4c8b607,,,
0,雪薇澜Viola,bilibili,3493275604355261,5770,c73fd703-feb1-5bb5-82fc-05abb771ebdc,,,
0,就叫郭保佑,bilibili,3546629688789047,5766,667445c3-4ae6-5193-83be-44f7d8784971,,,
0,小松步步,bilibili,3494358951135274,5765,eeb3724c-0785-5ab3-aeec-e7de73a995c7,,,
0,莓妮Nini,bilibili,3546375365069372,5765,9bdd70fc-56aa-5c24-a815-8498e798ae65,,,
0,丹羽加奈,bilibili,1421667,5761,10f6130d-1092-5bca-9370-d36aa5187123,kenlos,c3de0c58-3df0-5a4f-8224-7297a64c95ce,
0,辞晚v,bilibili,3493288449411630,5753,22ae8ad8-ce76-516b-8919-3590ef070d2d,,,
0,宫雅,bilibili,3493083742210681,5748,aa23846d-cd22-56d4-82c4-cfb331469c17,吾音坊,09f99c31-d239-57a5-b727-26c0f8651de5,
0,尾先悠Haruka,bilibili,1849542365,5748,00e77f48-3c0c-5fe0-b1ee-da8b85fbf7ed,,,
0,沧曙-official,bilibili,22995436,5746,00938f01-942c-53e4-a223-4ff2898abae0,,,
0,克莉丝Christine,bilibili,602116911,5742,009a9a92-699c-5f05-b74e-8cbc22707280,,,
0,羽川千弥Chimi,bilibili,1008551353,5740,acdc510c-81f3-5d24-88d3-8811b83427fd,,,
0,鸣悠Fae,bilibili,455842841,5738,a3e6a359-9547-5938-a262-8253b49dec33,,,
0,角角_jiojio,bilibili,3493108234848744,5737,106dc189-fbc0-58b3-8c0c-e1f9eff3fba5,,,
0,Tika_official,bilibili,1880226316,5732,e6811a24-4541-5778-b418-063de76ebb2d,Facemoe官方,621939ef-f164-5a7c-bd19-aadbe9679b01,
0,西里Cilly,bilibili,1762644434,5726,34feed45-da44-5601-87c8-49d9268da099,,,
0,夏威夷的尾巴是青椒,bilibili,3070918,5722,2c5b9b81-8608-5bf3-b6e9-7e71caef984f,,,
0,缨竹Yingu,bilibili,3546795594484040,5722,1e5655ca-12b9-550e-aac3-c8f5a08ecabe,,,
0,梦宸Malex,bilibili,37662927,5719,f4216028-265c-59ba-a126-03d82ed6723d,,,
0,久遠藍,bilibili,523481776,5715,602f9d12-59b2-5f28-a6e9-eef745984b36,,,
0,红茶tee,bilibili,475470388,5711,23ec3098-8695-5f62-a9d9-91f9f690f9fc,,,
0,鸭鸭yiya,bilibili,3494377815018355,5704,40657c0e-6c13-507c-b3ce-a2bf9d2b227e,,,
0,卯满满-Michiru,bilibili,2108617636,5697,630eda27-76eb-5a5b-a025-f5807be3e45f,,,
0,鸢児ting,bilibili,12736926,5696,86eba453-33ea-5367-a6cf-012d3246b5ed,,,
0,米莉安めか,bilibili,11617542,5690,0b3a9305-b6e5-592c-9b93-2c6af0fa1d3d,kenlos,c3de0c58-3df0-5a4f-8224-7297a64c95ce,
0,茉璃Marin,bilibili,5217895,5690,13337ac0-d471-5698-abd2-326e06f4b299,三光五色（北立交桥）,70f1bfa7-4270-5eac-89ef-a52c777a6ff7,
0,白荼,bilibili,3493282128595468,5687,3b378634-8508-575e-944b-e62b8d3008c5,,,
0,鬼霧シアン,bilibili,2090211521,5687,abf33ffa-036e-5a60-811d-8361e48b76df,,,
0,凌薇Ivy,bilibili,1793306366,5685,46dca109-4d92-5d25-baac-f2795e6d99f1,,,
0,洛蓠Rori,bilibili,3493284846504465,5684,a8ded3cc-aa9b-5b8d-89bb-b4f11691ee83,,,
0,花琴新,bilibili,13648015,5678,8ad4e0e8-0972-5fff-8848-bc274edf8946,,,
0,辛迪DevilCindy,bilibili,3493130684860772,5676,1f025add-fbe1-5f7c-9cc3-0730000bc124,,,
0,米可哩哩Miko,bilibili,487902881,5673,c576c513-92c9-5bdd-b180-aae3eaff4d7a,,,
0,玖尘JiuChen,bilibili,22596117,5667,f10df2e6-ff5e-5456-aa64-a4ecbbb0d2bb,,,
0,阳炎_Official,bilibili,692900,5666,9822d6d1-d338-5b63-ace2-cf4be6defad3,,,
0,风见三月MitsuKi,bilibili,3546384682715555,5665,f18f9461-77b0-5a8b-ac76-3e009bb59e45,猫铃社,6eec14e5-38cd-504f-a995-b7bd15b4c51f,
0,寒羽之雪Youkii,bilibili,51223107,5662,dfb3c274-12ed-5337-819e-3ac7cf281deb,,,
0,龙野铃铃Rinrin,bilibili,472360498,5662,923ede81-d267-5bba-894e-ce9c9b3b14dc,,,
0,铃鹿山月,bilibili,272983835,5654,54e0199c-1415-5012-ad76-dc79fdd7417e,,,
0,有纪茶茶_Yuki,bilibili,1747796166,5652,aa677432-134d-5477-9007-f249ef81e816,,,
0,伊吹千代,bilibili,1632064048,5639,d572edb3-b67c-553b-95be-5efee3d440cb,,,
0,海音Tata,bilibili,3546860039965255,5639,09bcecf3-240c-572c-9ffd-4fdd827067b0,猫铃社,6eec14e5-38cd-504f-a995-b7bd15b4c51f,
0,四日猫yokka,bilibili,3324664,5638,631d5c40-63f5-5958-be7a-e84b23d2d1e6,,,
0,噜玛RUMA_channel,bilibili,1300801804,5629,02d934ce-2963-548e-97fc-a3b2d14a60e8,,,
0,朝凪夜玖_Yori,bilibili,1556998898,5623,36cb539a-02fa-504f-94e7-a99ab067c7db,,,
0,言寺Yio,bilibili,436809386,5623,500fef67-809a-5ad8-b177-90310ca1a3d6,,,
0,LUNA_月老板,bilibili,110725714,5622,18cf8a2a-dfad-52f9-a54d-7caa7f02c00a,,,
0,MomoHippo,bilibili,2182817,5622,c1350a57-3d3d-59c5-8af8-08dab87dee70,,,
0,琥珀洵Cyan,bilibili,3706960528542487,5621,093fdee2-b1c2-5e27-b5e4-88533882a186,,,
0,空真密丽,bilibili,1491057187,5620,c1edbce7-2557-57b4-93b5-19bfb3c5f80d,WACTOR,682089de-7fe5-5303-8939-37eeab633407,twitter:KuumaMireille|youtube:UCUUjykb68Lf85CbWX6gAmog
0,吹雪的猫咪茶铺,bilibili,431210892,5618,7d838000-e340-5734-b18f-3b479973edeb,,,
0,甜悠,bilibili,19793760,5616,6a762b98-58ea-5b28-b767-26d8328f75b4,,,
0,新绘晴Kitsu,bilibili,2118563735,5610,67eb5dec-dffe-518c-8520-ad2462ab7a5c,,,
0,李华LiHua_Official,bilibili,297360465,5608,20c971e9-3f6c-5760-b4bf-eb8b58c6a094,,,
0,綴目日傘,bilibili,435569969,5608,22e335aa-afd5-5211-96ff-70427179acb9,P家,a5f67427-dbfe-5cb0-be05-ef701454c3aa,
0,娅丝咩Yasumi,bilibili,511017,5607,e9c4791f-9019-5192-a41b-7ca75169b136,,,
0,晚风甜酒Lori,bilibili,3546696388708380,5602,8e454287-fe61-58aa-9a88-a51a4da0ea2f,,,
0,星界璃海,bilibili,675652,5587,0082bd3c-5f7a-55bd-a1e3-6177a6d4e23f,,,
0,奈芊歌_Channel,bilibili,702843929,5585,d06ec123-6b62-5bc1-ae1c-41d99e3d62d3,,,
0,真夜黑兔_Official,bilibili,352878,5585,3246d66d-97ab-5108-a8e5-7fc0c6d79dbf,,,
0,花涟清衣,bilibili,152300383,5581,265f37c2-5d5c-5db1-b7da-a5af1af6a838,,,
0,诗意快醒醒,bilibili,1007610267,5579,21f94d40-d26c-5b05-9e75-86b51b23a431,,,
0,鹤崎泷,bilibili,16405753,5576,dea71fc3-6234-52c0-ae1f-a823e84fc777,,,
0,殊汶在学习,bilibili,649029391,5570,cce6bb59-9d3b-53ec-8084-d24ede8db332,,,
0,崇山悟,bilibili,66236208,5569,3074ba0d-634d-504c-a48d-87de713bccd5,,,
0,芋艿爱喝啵啵茶,bilibili,4841709,5567,b202a760-403c-5dc1-b255-40c667b853b5,,,
0,妮慕Nimue,bilibili,1085959883,5566,8de4eacb-d8ae-5c05-96fc-c59722c43a47,VirtuaReal,6a8d2bed-dc2e-5ce1-a3bd-e31317aa4e23,
0,MOKONA010,bilibili,7239,5562,b8cce1c5-649f-54f3-b34a-33c3ede2e6e3,,,
0,狐眯浅浅,bilibili,3493134071761343,5560,e7676072-eba5-51c6-a7ea-99c55af6491b,,,
0,池狱Chiel,bilibili,3493268100745716,5559,c3c71a99-ec8c-59b3-8a67-dd4aa33441dd,,,
0,龙霸天_,bilibili,3493293033786171,5557,b983d239-2a5c-5ab1-99c1-04f4aad0d259,,,
0,犬虎真一,bilibili,214029,5556,c8127b16-7c22-5f84-801a-0f62ced879f2,,,
0,北上花火official,bilibili,6539396,5554,bfb490c4-5cdc-54e8-a61e-daa42c0916e7,,,
0,亚亚喵Aya,bilibili,242067082,5553,8c43e46a-a728-5967-a4ff-106465f0877d,,,
0,虎Harima,bilibili,19721846,5553,51e2da43-d5cf-5cba-9d84-1f891b3cbac5,,,
0,菲诺Feno,bilibili,1906972895,5552,3d0c24e5-e9a4-5fa5-8b90-49721e9f84bc,,,
0,永夜花火Official,bilibili,3493086575462825,5551,bcd9b68d-67fb-573b-a114-a093cdd3ba6d,,,
0,奈塔尤Natayu,bilibili,3494375615105219,5550,347f8153-8023-5f1a-9bcc-40128c42f712,,,
0,奥因杜卡,bilibili,926620,5550,bdc9d7e4-28d4-5a07-87f9-a79848347d92,,,
0,梨蒴KiTsu,bilibili,190100014,5550,8e5f8e26-6bfc-5a6d-a6e6-688c08531f2d,VOISLIVE,94d69d93-5a13-5b53-950d-e037dc339d7c,
0,久远寺刹那Setsuna,bilibili,2044905,5542,b864b9ad-7aaa-593a-8de2-e798caed298e,,,
0,星海柠檬,bilibili,14831646,5542,79f46e03-64ac-5540-a5d4-f6d99364fdfb,,,
0,記纱,bilibili,3493283651127815,5542,5e1f477a-cdc3-5200-802f-ca6cc1cb41ea,,,
0,珺璈aowoo,bilibili,258592987,5538,116d8ca0-a5e6-5cba-8d3c-4d51697a1cb3,,,
0,秦夜Kether,bilibili,3493291960043544,5538,00aea523-02df-5d98-b24d-47b213b51e67,,,
0,睡不醒川奈zZ,bilibili,3493138213636629,5532,e8c6bc95-9b5d-5f37-bbb3-8a228cfc59f1,,,
0,初雪阿樱,bilibili,1791987762,5531,4b51394d-679c-5214-af36-20da5f39be52,,,
0,莺月Moon,bilibili,3546687702304905,5531,5d2d0c0d-b622-5290-aeb1-5dd6f7e49b79,,,
0,辰辛凯奥斯_K305,bilibili,2118433970,5530,37de398b-943e-5e7e-b440-fa13ae016005,,,
0,绯绯色,bilibili,2560234,5528,352ad198-38b6-54f0-8bbb-61353aae80ff,,,
0,一只路过的Pb酱,bilibili,66095184,5526,f5b2d0ab-5819-595d-a76c-6376b4856152,,,
0,紫苏丸maru,bilibili,3546702812285878,5525,0bc961b5-b25d-5071-ba3c-cf85133a3e3d,GravityS Project,3dfee54e-d852-5781-b361-5b71c3d16b84,
0,苍井瑞月Official,bilibili,677821699,5525,38c935a6-bdea-54e9-b31d-1efb4d28fb67,,,
0,池忬Luna,bilibili,3546879432329235,5523,1940c129-a5a5-5629-b2ed-35a94c282170,,,
0,芙喵-ネコフラン,bilibili,2522465,5523,d19da47c-6b9a-56ad-aca9-d1f367613674,,,
0,内兹米,bilibili,1947434,5520,22d5f337-bf7d-5b83-b650-19a377615858,ChaosLiveSprout,e67fb222-1c4e-5f19-84da-9e8beba2c365,
0,七儿あまい,bilibili,499255060,5516,4ed24d00-942b-515a-908a-dc0f7d46da9d,,,
0,天不生我小樱桃,bilibili,434103940,5513,8fde0824-0516-5f35-8cbc-28a515943e5a,,,
0,以诺Yino,bilibili,1997439768,5511,1047e7f6-7e46-5b85-a195-2f273c8ff8e2,,,
0,小嘘熬夜不秃头i,bilibili,431070724,5505,1b98cdfa-8271-59a1-bbe9-907c6a20c59a,,,
0,绵音柚芽WataneYume,bilibili,107029682,5504,1493df0b-7103-51f1-a352-7170769c2b54,,,
0,琉科塞娅,bilibili,21890016,5502,750523db-bfea-5179-981d-bd2c32f3fa01,,,
0,黛笙笙Mayuzumi,bilibili,7408687,5492,90c81e52-3902-5c1f-a44c-ba34e08dc75e,,,
0,咲音Sakion,bilibili,12752343,5482,c7232f38-d96b-5d8a-a9c2-2730f4a316a4,,,
0,路克lOok,bilibili,3537122445232361,5477,4c554c93-925b-5bad-b355-80fe72b35363,,,
0,呆卡普里奥,bilibili,478769889,5467,f571a409-ee79-51c2-88bd-97a4c52de057,,,
0,幻蓿不太甜,bilibili,7279031,5466,3e30ff99-6bd1-5b43-b059-7535885ab186,,,
0,音無星花,bilibili,351806141,5466,c6cf9cf9-4c22-5157-aa83-dea7838022a0,,,
0,璎洛Sama,bilibili,3546576939125555,5458,71783045-f85f-5dce-a4f7-4865c10e6af0,,,
0,许萧瑶是北极熊,bilibili,10293305,5453,fdec6e92-9578-59c4-918d-8ec16ef0c630,,,
0,Hibi_,bilibili,369349661,5452,d9f3f40a-5ca9-5905-9e0b-22f58586e104,,,
0,艾芮薇塔Areevita,bilibili,1931433809,5452,097c3db2-08c3-5c26-a919-3a9e42ddf305,,,
0,空蓂,bilibili,522059097,5450,ddf3a578-b3d9-5967-a9e8-3b99c3040881,,,
0,小情緒的妲己,bilibili,2137105227,5440,1ea5a301-1aa7-5f4f-a54d-e4045ff0cc08,,,
0,柚木玄_Teca,bilibili,409642496,5436,f5b57d3f-2087-5956-9437-b2419e0ea521,,,
0,一只沐川,bilibili,17473104,5434,262e59f1-74ca-5515-b5fb-a09b223b77b0,,,
0,九茉kuma,bilibili,3493290261350560,5432,46acfbd7-37b4-5e0e-b3bf-48e4bf8171b4,,,
0,林锡臣,bilibili,249348093,5431,7029e11d-2658-52dd-ba15-c0807b2544ff,,,
0,赫拉拉official,bilibili,1039584302,5426,bcf4b052-e6ac-5fc7-b9c5-bdf6a122307a,,,
0,桃稚不幼稚,bilibili,1957818490,5421,e1e2400f-b831-514a-9c47-3b8ff946090f,,,
0,夏悠Uli,bilibili,3494376722402179,5420,2f8d0708-29de-5e9e-816a-142069e55595,虚研学园,da7a049d-15cc-57f9-bb68-49af75ad7b52,
0,默尔_More,bilibili,1108549926,5420,5aa1afc6-36ad-5dca-a682-9f601375a8fa,,,
0,澪0_Echo,bilibili,3690994425924255,5419,cbf15e9d-54e4-5fe5-807e-f9c78235dde2,,,
0,小懒猫Meow,bilibili,2138226313,5418,00cf8160-de57-5476-b540-11864d587b39,,,
0,厄里斯Eris,bilibili,377711190,5416,dc611c85-535d-5a59-879e-d7e8d873945b,,,
0,灏夫,bilibili,34654292,5414,4acbe1eb-0203-5aa2-aa1e-a30e3fac0349,,,
0,寝月nero_Official,bilibili,1997210725,5413,f5c8a0b7-bb1d-51d7-952b-61cf64034fe3,,,
0,广末小季,bilibili,1965565735,5410,d46e6485-be3b-5887-b7c3-997e44761fcc,,,
0,芙芙不可能这么可爱,bilibili,3493269342259351,5410,4605c469-771e-5d13-bbea-007810ffc979,,,
0,中野流子_Ryuuko,bilibili,1482424,5408,472bff0e-1834-576a-b805-5ae910d3ee66,,,
0,姬雨露Hime,bilibili,3493273131812957,5408,1cd7a4d5-a7de-5cd8-8954-dacd3e179938,,,
0,千咲月月Tsuki,bilibili,1503177682,5407,360869bb-c0d1-5210-a2e3-bd78814c465b,,,
0,一粒月月Luna,bilibili,3493129065859624,5405,7a2ce6a7-a888-5fac-98b7-5d8e1b7ec569,,,
0,一颗星崽vov,bilibili,3461574155045019,5403,87ff3833-40f1-511e-95f8-86b07b5c41d0,,,
0,轻轻QwQ_Channal,bilibili,20592787,5402,12394630-5491-5f89-8b7c-60e8a4b975d2,英灵殿ValhallaClub,9149cba3-59e7-5dfe-84a4-4a8d3280de91,
0,阿洛_owo,bilibili,697186705,5401,0dcbe1a4-b723-53fe-b14f-84a71d2033e4,,,
0,千鹤凪,bilibili,1485786,5397,90ac0524-c973-5b38-be28-dbfb8f84002d,,,
0,芙狸fuli,bilibili,157705724,5397,bf78a7be-8337-597c-9c6f-b21d5b2c563a,,,
0,花月Hana,bilibili,483430868,5397,feab6fd5-a86f-51fa-8da1-cbccf02dffd1,,,
0,花糖糖_Florry-12,bilibili,3493078901983495,5397,76da356e-84e6-53cb-8fca-7ab305d35c05,,,
0,蒂亚Tia,bilibili,3546695530974164,5397,14528786-1e08-5396-bef3-74c3c1d4860d,,,
0,小南_Southy,bilibili,3493123997043240,5396,cc943427-0778-5dad-88f7-9b20f61ffa73,,,
0,德古拉丝大魔王,bilibili,3493120408816421,5387,a6d4d4bc-b07d-5ed5-975c-51c6747d855e,,,
0,鹿露子iio,bilibili,3546640476539792,5387,97d425c6-2643-5193-835d-c381759a348c,,,
0,湛蓝是个小啾啾,bilibili,286188809,5386,986b19e8-d9c6-5e96-8577-bb76850ed873,,,
0,清歌喵,bilibili,3546756161734935,5382,d9394ea1-b84d-564f-a4f4-0efea59e01ae,,,
0,园雅Yua,bilibili,23276233,5380,7c59139b-94b4-504e-8eb6-462fd233345b,,,
0,笙笙生,bilibili,3546930856593994,5380,a2c9517c-ac29-5ea3-a09a-37827a9bf140,,,
0,可伊Koi,bilibili,11909915,5379,0d0a6f7c-b67f-5ae9-94a1-f04717a2b1d8,猫邮社,fb7977c3-8198-5021-a136-3c8de14290f7,
0,英兔,bilibili,629586440,5378,39deba75-ffa3-57c7-b21c-6ceafa663029,,,
0,弥鹿mika,bilibili,1103361686,5377,ac40cc7c-19a7-5896-b20f-54ac4f4c7dc9,,,
0,铃言_kotori,bilibili,1776250848,5377,fc88c2e8-a072-56bb-95b7-be4161e08d5c,,,
0,菟子苓Doreen_,bilibili,1462391335,5374,1d8c2dd3-2d36-5c43-9be4-5c9e728ff578,,,
0,檸檬誘,bilibili,1187226603,5370,31262161-747b-5495-8bdc-d2ce4a63ec07,,,
0,洇希Inki,bilibili,3546389290159027,5354,40c05a62-a5a1-52eb-9f00-23491975284e,,,
0,阿贝贝_Goose,bilibili,434156076,5352,5176e6b8-bc37-5f32-babd-27a2ec015931,,,
0,安可西丝Ankhosis,bilibili,3546375623018605,5339,9a1a3681-7235-5373-8430-bd5531dcf3d3,,,
0,海月灵音,bilibili,3690998125300677,5339,c37501ba-5064-5824-a584-9734b8fed91f,,,
0,星野詩織official,bilibili,2930964,5337,a376b645-9a88-5dbe-89e3-958d66566802,,,
0,友理★HAGIA,bilibili,5294134,5335,10516bfb-957d-51cb-b286-909b14ad2a76,,,
0,鹿羽染染,bilibili,3853302,5334,fb68146b-4498-59b7-873f-26ee08cae62d,,,
0,絢瀬えりこ_Official,bilibili,9004535,5333,74b65f19-e545-55e5-88d2-47d872e86e39,,,
0,栗栗糍,bilibili,1355459439,5331,16a65b51-4328-5f41-bd11-3a9201309ea7,,,
0,千响_Official,bilibili,12212502,5330,c49db970-6f36-5a4e-b62a-73e1b7ff50b6,,,
0,莉晚娜,bilibili,3493257950529667,5327,f58a2bc3-b594-5e20-bf0d-b77889253e6f,SparkQ电光社,7893a9ee-da88-54f3-8005-023fc8095d8a,
0,长泱,bilibili,1545158704,5319,3b6820d5-b6d1-5932-b7c7-1e7f66c87bb0,,,
0,一只机智的兔子icey,bilibili,10255309,5318,b52b07e4-4bab-5b86-83c4-388b0d415498,,,
0,北也Lux,bilibili,3546624370411777,5314,72ed00fc-72af-56a6-b2d3-b784ea00f8e0,,,other:https://www.douyin.com/user/MS4wLjABAAAA5-mP2gPLPPYHT6jH1lo3-mZ9-pzZOmfU58top3aTKRdguLBDxxnFzou9oBZLgfiR
0,赤星Asuka,bilibili,3494366614128801,5309,0a271407-7d99-5209-9114-a75d514942e1,,,
0,Caramel_奶糖,bilibili,3493115748944811,5305,ef6f0b67-da6b-5bfa-bd35-b2dea6e378df,,,
0,白芸可可,bilibili,3494349612518155,5298,21906076-3f66-500d-b270-e7ed701e6fd5,,,
0,诺艾儿Noelle,bilibili,3546382140967404,5298,30aeb5fb-6e10-556f-9c6e-b1bf4f7811e4,银河跃迁PHG(本社),81bdaeaa-2221-5ef7-a52f-aac975443377,
0,星稚妖妖,bilibili,3494351978105218,5296,fba99627-37c6-5bc6-9203-1ec7aa8b6a02,,,
0,深山大狐喵,bilibili,495876,5292,632c5312-3269-571c-aceb-8234798c95e1,,,
0,仄架夜未Official,bilibili,2053456684,5287,1c883480-bb50-5ae0-a8d6-4029eb780c6f,,,youtube:UCL2Zp9wmnV9PMfaUKBEcESg|twitter:honokayomi
0,萌糖,bilibili,492472287,5287,a8cad7e8-c0fa-54a8-8ee5-bcfbfe6a7ab5,,,
0,爱芮丝Iris-8,bilibili,9332151,5280,fdfc9190-42a7-5dc4-9c28-ca4dc95dbafc,,,
0,神枝Rabbit,bilibili,3546555780959007,5280,e13e0b24-0882-5d28-82f0-4266143dcc6e,,,
0,未眠眠nemu,bilibili,3493127404915541,5279,631e80fa-ac52-535f-a069-2bc530fd0c4a,MUGEN LIVE,e4a9a919-a2c3-5844-a726-7a7f7d19f3c0,
0,阿狸超酷,bilibili,604484939,5278,075d0719-5cd1-5a7f-9dd1-85f3333893c8,,,
0,乌拉上线啦,bilibili,16099327,5277,d86afe33-bea4-5642-a627-0f44ca8d9221,,,
0,狐妖小时莩,bilibili,33010721,5277,af0ada6e-ffb4-5669-bca6-9aca3585359f,,,
0,時雨Zeta,bilibili,3151738,5276,f5a41def-c526-5013-8bcd-6f59d47a3b43,,,
0,Jasmine彼岸茉莉,bilibili,431509257,5275,0f9b7d90-b156-5ab4-aa79-98d288cc9886,,,
0,小兔森Koumori,bilibili,3112883,5273,b1ae4ed6-c2b9-59b0-91d8-f62dad394896,,,
0,阱途Gin,bilibili,1832654300,5273,00c6becd-c898-5402-8fa9-87f13f5f73c2,,,
0,萝月,bilibili,4351200,5272,29d4d0ba-b2ed-5dff-8fb5-f4762319befd,,,
0,克莉缇娅tia,bilibili,3546377774697314,5269,f028789c-35be-5c01-ba0b-6d4c30e667de,,,
0,九橘_JvzI,bilibili,3546694484494671,5267,b97af54d-8b6e-54bc-8a2f-a4d15a5248cf,,,
0,尤里卡-崔西雅,bilibili,42342944,5263,6ada5b08-7363-575f-8ef9-5e7368d0a95f,,,
0,耶斯yeki,bilibili,3494361983617781,5256,8e53e8de-5530-5872-9d75-249032de6cc2,,,
0,欧露露oulu,bilibili,3493272020322550,5255,88536390-f0c7-5db7-9600-bbaec9aab450,,,
0,百姫抄,bilibili,3494368858081709,5255,f9ce9152-88bc-5b55-8404-4b36e630ada9,,,
0,黑日鱼鱼子,bilibili,35148361,5252,81150c50-bf45-5f0d-bae3-773ddd3d5679,,,
0,九咪kisu,bilibili,497404458,5250,82a71b3a-77c8-5ea6-aaf7-365275740e57,,,
0,天空铃音,bilibili,885155,5249,8f8ef786-1630-5397-a7a7-9c3511368018,,,
0,尊贵的扇贝王,bilibili,3493291270081157,5246,b2d80748-cbfa-50fb-b372-bd7a32e79148,,,
0,亚撒Yasa,bilibili,3493265697409369,5240,8e36baea-3003-5bd9-9d77-9a59162f0394,SparkQ电光社,7893a9ee-da88-54f3-8005-023fc8095d8a,
0,小山内めい,bilibili,302464013,5238,eca06190-ac8b-5a33-9152-df14c46daa0c,upd8,62b750ab-e71a-59cc-b6fe-71a2debb5598,
0,本心Honshin,bilibili,58814,5238,5d24b316-2699-5665-80a9-1ca92be57065,,,
0,西园奈音_neyi,bilibili,3493259173169162,5238,18638f58-b950-5fab-803b-98e3a64f893a,,,
0,雾里里lili,bilibili,393660921,5236,ee217969-0b13-50c6-853a-ccf8cbc3584c,,,
0,弗雷米,bilibili,4885926,5234,6cc1373a-5d98-591c-8058-4d89a9f309d2,,,
0,维涅塔,bilibili,1055945681,5234,990591ed-c543-5b4b-8544-246ec9b044f1,,,twitter:VinettaEsco
0,玉米糊糊子-0,bilibili,2056036175,5233,ec9a5084-934d-5bc1-bd93-09f45b449dc9,,,
0,柊苓月,bilibili,1535788044,5232,14928344-80f9-525f-acd3-894eb547ea63,,,
0,鸽王小哒子,bilibili,7071478,5231,f78db790-55a5-56f0-90b6-670ad4e5fee5,,,
0,尤莉娅Yulia,bilibili,3493138104585131,5228,ebb24f35-dc2e-519d-ad98-a1a6bdf27c24,,,
0,丧彪彪,bilibili,3546883049917250,5227,3af61e83-70c5-5e0b-8225-eb9564722cbd,,,
0,-澈子-,bilibili,5914640,5224,c1a92e1d-d847-5454-b571-e115509ed699,,,
0,初崎Hazuki,bilibili,1944311,5222,d1f67c6d-1428-5fc0-ad37-9d641bab1c0d,,,
0,菲蕾嘉V兴登堡Official,bilibili,915387,5219,071f2648-f257-5d0f-9e1d-1c9f9946386b,,,
0,绘星不会撞地球,bilibili,1629232,5218,5ee0f2ea-3bbc-5849-bcb6-f10f64540104,PaPutok,8a72771a-347f-514f-b5d2-b83ee4cbebb0,
0,绯奈Hina,bilibili,3493116388575745,5217,7c80d588-0943-5a60-9ff0-cfa61db37972,chaoslive,7d14580b-8154-5fdb-9777-b1032d302bfe,
0,左素梨Sasori,bilibili,3494376720304276,5216,4e6345dc-caeb-5f5d-a667-95e60cdc5674,妖精管理局（北立交桥）,c8d7d021-ce8c-56f6-90a2-ab8758b3ac8a,
0,千面兔_Chimeto,bilibili,1477417,5214,f0ffce80-2c64-5127-a39d-2fa9f6e866dc,边迹社,2bbb487f-2542-5499-ac57-ebd6fedf1f94,
0,华羽立,bilibili,409300495,5212,0f81ee6a-6d80-5399-a72a-1c71c16beb6e,Avis,fe322361-ebad-52de-8494-089e3205892b,
0,喵哩MeowLi,bilibili,1927633577,5200,d71f481e-ac10-5990-a413-026c72c31ae2,,,
0,蝶妖妖灵,bilibili,3494359471229391,5198,64f7c316-42ca-5f71-a69d-46da3d0978f9,,,
0,橘柚柚Meow,bilibili,1747686929,5194,f786d5ec-dde6-5943-8cf7-6dbf3152f533,,,
0,伊奈芙ineffa,bilibili,7648471,5193,fbe664ab-dc8b-5450-bb6e-e72e5e7093c6,,,
0,姬村银,bilibili,597998292,5193,0facc2ec-5bfa-5c6d-a50a-39442695847c,,,
0,五玥Kitty,bilibili,3546857057815069,5189,1fea08fb-6178-5601-9177-ef2346d77d6c,,,
0,染崎绿,bilibili,90820845,5186,3762cbc2-7866-5288-a28b-56a85f134faf,kanae,73102f48-57f2-5d59-94ef-7aac41e97f65,
0,浅風イブキ_Channel,bilibili,480792125,5185,aef7cc4b-f8e0-537d-bbf3-edc3a0db562c,,,
0,上杉音oi,bilibili,3493278039149456,5184,2a08e64e-d1c4-5674-9f2c-f0c0440d02e6,,,
0,端木鱼,bilibili,30492633,5181,d5f8a9ac-8c4d-51a0-b51f-911da6f4f599,,,
0,松砂_Suna,bilibili,3493139683740579,5178,d6b07da6-ec52-5699-8809-f083cd072da4,,,
0,埃洛伊丝_Eloise,bilibili,3493264187460350,5170,dc6e0d9f-66fa-55bd-b25b-06bd1e067d7b,,,
0,壹浣一,bilibili,3493091218557858,5170,5da5dd10-e2d6-50d1-a3a4-f388c32add77,淬蜂计划（北立交桥）,b30df939-d5cd-5c9d-a6a1-ec905b14e77d,
0,炸虾,bilibili,506252153,5169,75d6415d-54d1-5ae9-89ed-b5800217b2e1,,,
0,竹语犟,bilibili,327618703,5166,9fd72004-6add-5432-bd83-82f4f151f511,,,
0,卡米尔doffy,bilibili,1999095012,5163,6e9d10ba-1974-5516-a6a1-d1f0fde57c58,MiosLive,bf741674-6d02-574e-b862-a404fdb6d6dc,
0,赤音,bilibili,507642729,5163,e57817d1-bfd2-5392-90b0-7a66e32c05d8,,,
0,花氤Hyin,bilibili,3546597828855899,5161,6694c5b7-f6ee-5d65-a9bd-ca6fdbcefad9,,,
0,黑桃Daddy,bilibili,3546700325062760,5160,523c9f29-dd4a-5430-9c7e-1789706ccfda,,,
0,么么爱唱歌,bilibili,3493293971212302,5158,18916e14-8e11-5a02-b94b-cde13cf23007,,,
0,咲间芽,bilibili,20098960,5156,69678e9a-3045-565e-a0ce-67bd0d8b7a49,,,
0,昭曈,bilibili,498722083,5154,37a683dc-0bfd-5763-a294-e8cc7068b956,,,
0,白凛初雪Yuki_,bilibili,13496620,5150,e3879adf-ffdf-5f18-b738-650a33d587d2,,,
0,笨笨很困,bilibili,3494358472985117,5150,cd7978d8-61ca-5acb-a3f7-c9c3bf396de3,,,
0,甜梦暖暖-Nikki,bilibili,441916070,5149,57e0e23c-c7e2-5abb-a1bd-4cd2e0faf358,,,
0,伊诺贝尔Eno,bilibili,3461579934796579,5147,728c4f31-0cfb-5ef9-86d9-14d79ed6dc69,,,
0,酒見十七夜,bilibili,1574811763,5147,32585622-03f8-5762-8e5a-ad7f8fba6cff,,,
0,绯间樱斩,bilibili,3493275895860032,5146,303e20c5-2892-580c-84dd-b6febc654b9d,,,
0,s1姬,bilibili,49653129,5144,37b81543-cae5-5fde-b1a9-b153e7b01dcf,,,
0,白白_Anlessya,bilibili,2081324,5144,2c6f93af-5c93-5696-8bd1-47ce0e967388,,,acfun:12891327
0,青月AO,bilibili,3493075747867553,5139,d30616bc-e8ef-5eb5-8ccb-d9a5a824233b,hOuOu_Project,3056975b-305b-54cd-b28c-0e005b612a5a,
0,亿狸狸,bilibili,3546765991086858,5138,8dd407fe-528b-592b-bc8a-62ffda3e9129,,,
0,铃悠すずゆうOfficial,bilibili,439074441,5129,a6eec774-8cbc-580a-a638-80fb7fc1903c,,,
0,人生LING_Channel,bilibili,29002992,5126,8c3f0a3d-aa0f-5abd-bb52-7bc21923cbae,,,
0,风见雪舞Official,bilibili,15697109,5124,5c638b0d-7763-5eff-9640-378111241a9c,,,
0,纱礼Challee,bilibili,1648836961,5118,1613af52-0fd8-571e-b7e2-66e5f67951e3,Facemoe官方,621939ef-f164-5a7c-bd19-aadbe9679b01,
0,蜜莓茶_Moriquendi,bilibili,486281806,5117,5c19c635-7160-5d08-a683-4ee549c827cc,,,
0,幽乐咩Ureme,bilibili,1481781085,5116,aa008c58-96bf-5a00-b6bc-0adc3e394f62,VirtuaReal,6a8d2bed-dc2e-5ce1-a3bd-e31317aa4e23,
0,墨菲斯特Mephisto,bilibili,698116914,5109,2f0f3eda-3000-56a8-89ef-945bb6d91a68,,,
0,时寒商是颗大白菜,bilibili,3493296148056641,5109,fb27ac6d-a75c-51d9-8258-8f9713924e9c,,,
0,鸶鸶鹭揚,bilibili,1898580542,5097,8678835f-de74-5781-aa7e-a0273046f031,,,
0,電子惡鼠_Nuli,bilibili,3707048625703882,5088,89bb2f20-3982-5a4f-9ace-0489ef431ef1,,,
0,年熙Hazelotte,bilibili,3494353255271209,5083,b0516ba8-4476-5db2-9a58-aca1d0c4327e,,,
0,云抚子_Official,bilibili,1676482866,5079,26e6171f-338e-5698-b875-3e03cb98935c,,,
0,神木潼潼,bilibili,1147353799,5076,40e283a0-79c9-54ef-9558-819b10c67328,,,
0,御坂万骨坊official,bilibili,42770455,5074,066a0eb9-b441-587a-86db-29abeba5e80d,,,
0,暖阳_格子斐斐GOFI,bilibili,411547760,5068,e1f3519d-3f81-5e5d-a3ea-9cf512cdd14c,,,
0,泠梦-YiYo,bilibili,173335353,5064,b4f0a50a-bba3-5b65-9a4f-60df17229676,,,
0,七濑昴Officia,bilibili,700359526,5061,d11793ca-94c2-545c-b6c5-18bb4aacdec2,,,
0,月泉莳Komaki,bilibili,2103954767,5061,c7c29734-8e53-526f-be64-1db075e5f081,Palette,d0827515-9a79-5e6a-b445-b1145bacfea4,
0,Shishi,bilibili,345819729,5060,a6aad021-a354-5b95-b932-ab2c1984414f,,,youtube:UCo5uTjnUikW0giyrKOIrOQA|twitter:n_sisi_channel
0,叶月休,bilibili,189745,5057,287d01e3-6b1b-5b2b-9aff-6be35c31cbcd,,,
0,阿鲸Official-好运莲莲,bilibili,3546826105948304,5052,89afbe2b-031a-5826-854e-19bc0e9062af,,,
0,Miaa美亚,bilibili,3546600464976311,5049,554e11e9-257a-5317-8224-4a08a48f9e72,,,
0,小优乃酥,bilibili,3494367595596276,5042,572df95b-8f5c-53b7-a78b-cce85c8d2775,,,
0,花咲汐汐子,bilibili,3493296015935612,5040,598572f0-6126-5c30-a3d6-9b34e916c696,,,
0,咪露_Milu,bilibili,3546595490531412,5039,1b63a92f-3bcb-5463-8b0a-296e2594013e,,,
0,阿梧Lucky,bilibili,3493092304881686,5039,2275eece-71d9-58c1-a28f-9d5136f75007,,,
0,蕾伊娜Reyna,bilibili,1657621,5038,bf0d1c0b-f25a-5d50-9b14-02d84b0d5294,,,
0,天姬楽_Rakii,bilibili,3494349406996945,5036,58068c1b-661a-57c9-b706-74f7a3220225,,,
0,夜夜子Nighty,bilibili,3494350942112645,5027,8f73130a-ef22-5727-9811-001732e33fc4,,,
0,长谷美琴_official,bilibili,603811931,5023,c0b47539-8697-5ce3-9fa9-b1d94b7444ee,GEMS_COMPANY官方,62f90b65-e8cd-54b1-bae2-ed0fc47d063c,
0,五音不全的晚小辰,bilibili,3493271510714658,5022,5c7c67a5-0d39-5934-80b1-94c2aa9b89b8,,,
0,白桜みこの,bilibili,482303454,5019,0d67c293-c297-5093-9154-228c21d46b47,,,
0,ShynnKa_白乔,bilibili,8084810,5014,341ea148-e8ae-5e59-a4fb-f679c8c665f8,,,
0,兔筱柒Tessie,bilibili,3546833116727714,5009,89f1b379-c504-5e69-8c8b-1d852ab82953,,,
0,花云燻,bilibili,521780993,5009,069508fe-cecc-5461-8377-7973548b518d,,,youtube:UCTJ15i3Bl-QbeBA4NCcpyJA|twitter:Kuyuri_Officia|web:https://hanagumo.jp
0,千橙Official,bilibili,51788138,5000,d90be4f1-aa4a-5ba4-9e8e-850b42273f5b,,,popiask:qc1000
0,猫咲あんじ,bilibili,1839308715,5000,72d61dfe-8147-516b-8ceb-d4db5804976f,,,
0,薯片前来报到,bilibili,310826494,5000,e8c8a41c-efac-530d-9437-ba3a04004115,,,
0,嬉野那姬Official,bilibili,687741776,4997,076a1984-c890-540c-8247-6b0cb81e7dc9,,,
0,伊菲露诺_channel,bilibili,2037141,4996,fae55fa0-6436-5c69-ad8b-5ca21d967761,,,
0,樱千奈,bilibili,609100583,4996,73b33313-7e09-56bc-bd4d-752abcafee19,,,
0,希露卡_特瓦伊莱特,bilibili,4568261,4994,face022a-c79d-52e5-bfdf-8543118692b1,,,
0,雾光Nora,bilibili,3494364863007024,4993,9ea2e225-c2d6-540d-972c-d8900e84351d,,,
0,洛莉莉安official,bilibili,3691006648126322,4990,972239ac-6fc9-5432-8fd3-272074991e23,,,
0,星野桜Sakura,bilibili,351220000,4971,1a107dfc-3654-5cd5-8cc6-1be42d4f5a93,,,
0,井上沧月Tsuki,bilibili,1329861887,4969,336f7fde-99f5-5c3e-a44b-633ddcd5f920,PaPutok,8a72771a-347f-514f-b5d2-b83ee4cbebb0,
0,是筱筱大王诶,bilibili,3546678088960005,4964,e734d0af-70c7-5521-b72e-e403b30193ed,,,
0,鹿蜀shu_,bilibili,1510444081,4963,f6eb39af-c92d-51d8-ba9c-e24fd67c16d6,,,
0,LAKE熊熊子,bilibili,1024097195,4962,dd5e83e5-41c7-5fbe-846d-1f4f95ad56a5,,,
0,皮皮BiTi,bilibili,3537115480591144,4952,913cc244-2a17-5780-956f-134405bed207,,,
0,神山奶茶,bilibili,3493257069726157,4951,918bcde0-a5f9-51ce-acad-c2a08378f09b,,,
0,兔莓莓Ciiyo,bilibili,2093653,4944,3d335875-c43f-5c16-83cf-7d2d5d44fa70,,,
0,提亚alchemy,bilibili,2061306,4939,a0141062-6ec1-5c33-abeb-19f3a31d6fde,,,
0,久酱kiyomi,bilibili,44528471,4925,c5ab2cb3-d664-52fc-bb7e-7f48162d6626,,,
0,拾夜在拾夜_Official,bilibili,74130542,4924,21c31260-54de-5354-af1f-3282fe7e882c,,,
0,鲨鲨Zjings,bilibili,396785163,4923,2cef2a2b-0912-570e-a7c4-2bf4f8cd0e3b,,,
0,我要眠眠了,bilibili,2132607711,4913,35ffd6fd-7e5c-5c63-92f1-623ed31fad98,,,
0,冰羽机Tim,bilibili,3493298551392363,4911,868b9e8c-8a00-515c-8a88-8cefa2fabce1,,,
0,冰果冻Jelly,bilibili,3494352827451667,4909,0c4479c6-c411-5e2b-9eb3-0136977085e9,,,
0,索拉菲尼official,bilibili,1517789984,4905,2c212887-5336-5691-8a02-7bc72d25ab86,甜瓜社MelonLive,863b38a4-e1fb-5d0a-8d0c-89c54abbad35,
0,まりなす,bilibili,507997842,4903,7b2ab9cc-fbbe-51b5-8ef2-5c022673b2da,,,
0,小青草Official,bilibili,475052410,4903,55d61518-4907-59ff-9bea-9311b25f266d,Vi-D,faf257d3-81df-564d-b5ae-2d9fd694675c,acfun:34235815
0,离落め,bilibili,511911998,4903,e9c84c29-76a1-5f3c-8e55-46be8b8c8d36,,,
0,青筝语芋鱼,bilibili,3493281589627433,4899,f76ceda3-f74d-5f4e-8be4-569dda7754dc,,,
0,路捷辛,bilibili,3493146101024963,4897,0582c165-65cb-5ea1-a264-885755b2f8c9,,,
0,鹿野千秋ChiaKi,bilibili,5082470,4896,8f55ae71-6c4e-5906-807d-2875c2158298,,,
0,麻里绮Meraki,bilibili,3546776569121106,4893,3be24240-5786-5fe9-bad6-173926f162cc,甜瓜社MelonLive,863b38a4-e1fb-5d0a-8d0c-89c54abbad35,
0,药Kakin,bilibili,93892643,4892,657626af-8aee-552b-b833-f14fc748ebf7,,,
0,莁骸,bilibili,1621028717,4892,b107981e-73c0-53f9-b681-683aca16e041,ChaosLiveSprout,e67fb222-1c4e-5f19-84da-9e8beba2c365,
0,水野茉可可,bilibili,10724753,4891,673af2f5-dcf7-57fa-98e2-0b61695c2b3c,,,
0,德沃莉,bilibili,3493283244279996,4884,eb56da52-5b85-50a5-9838-8173b1456601,,,
0,纳兰玖酒,bilibili,3706944667781306,4880,5bd93f38-91cd-56d9-ac05-676815a5102c,,,
0,齐时安,bilibili,3546693003905122,4879,41ff6294-471c-5919-9487-41b188e6cfa5,,,
0,月森夢愛,bilibili,3494378511272288,4878,ffcbd960-042d-5106-b3ca-9b2c3de21192,,,twitter:TsukimoriMua
0,水无月林檎,bilibili,801836,4877,ceb1d070-a6d6-5234-91c0-c3858df2ae89,,,
0,钻宝,bilibili,3546928038022021,4877,f9e9d873-6b73-59fe-87cf-2358a2e622c5,,,
0,Lyra天琴,bilibili,278618574,4876,a3c6f619-ac19-5fd5-8bf6-fe186b482c0f,,,
0,天劫,bilibili,206856478,4872,5d60faec-903e-57c6-a432-86b283f5afb9,,,
0,佑乾,bilibili,3493287012862654,4871,fdc50e16-1d5e-598d-a80d-e29f714336c5,,,
0,梓丶喵枫,bilibili,32199222,4871,c7e23134-69b1-5fec-8a5c-a131b5ee4151,,,
0,入星祈望,bilibili,3494373450844209,4865,a6fbe9ce-3f18-5db6-a454-28dfef4a2ecc,,,
0,波汐咚咚,bilibili,3546705693771829,4864,e078a346-fa80-5d7f-97b0-d8a9134f4838,,,
0,橘朱夏_official,bilibili,506316177,4862,e72944b5-a6fe-523b-b1e6-fc05856396a7,Virtual放送部,9abdd959-092b-59ab-aa0e-c4a8a310094a,
0,纱霓,bilibili,415463870,4859,992f0195-2a09-5534-a73a-2876f61bc835,MZ次元,8d3239cd-4811-570e-a968-7c582e46ead0,
0,幸奈yukina,bilibili,595780285,4857,238b91a1-16fd-51f5-b69f-62a9e7573aa1,,,
0,小鱼海棠li,bilibili,535308596,4852,d31710d8-94b8-5db3-9f40-b1cc3ac19bac,,,
0,白夜墨,bilibili,12571355,4851,393705e3-d581-5e2a-b9a6-74c4734a6e4c,,,
0,白小苏susu,bilibili,3493259263347190,4851,5915cb23-c8ea-5fee-b673-f05c588234cf,,,
0,安梦琪AmQ,bilibili,350838179,4850,7d3c05c7-6986-57aa-b032-b8d0aec30951,,,
0,蒂娜Tina-,bilibili,7998005,4843,24de7820-3af0-5073-8b42-2aabc2eb4ea5,,,
0,八重沢なとり,bilibili,441666963,4841,f2578b8c-e6fa-5434-b1ad-a3ecca255a88,.Live,02f5f560-4646-5fcb-ac58-81279c7e2c1e,youtube:UC1519-d1jzGiL1MPTxEdtSA|twitter:YaezawaNatori|userlocal:ECC14D7B5AFE3909_2629ee
0,和美Kazumi,bilibili,1380983092,4840,22b992df-2dfe-5e51-b0e3-5cea763a65b9,,,
0,未米7,bilibili,3493090291616237,4839,fff33d87-a7c3-5d27-9e0c-a818ec110a12,,,
0,若水琉璃Awai,bilibili,383007642,4839,505f830d-cd85-57c5-a19f-ba4cf1fc47f7,,,
0,一只橘柚,bilibili,3537118123002250,4838,cba8baca-0d06-55ef-ad04-6d0dd93e3f59,,,
0,花泽香桃,bilibili,429638518,4838,d3d84c2d-7cd2-5e94-a59f-42b90ee8dfb6,,,
0,万万不可,bilibili,22755,4837,db5ccaf9-4d29-5a1a-a2ed-af920ce38d2c,,,
0,阮阮Rabiice,bilibili,215453261,4835,87b4e14c-5b93-55e1-89df-146ecdf4e079,,,
0,栀狐kori,bilibili,1432697325,4831,8c3367ff-2f4b-5149-afba-5251b32d4fcc,,,
0,南海星光Seikou,bilibili,1566652449,4827,974ee197-db05-519d-9060-e8c187219ad3,MiosLive,bf741674-6d02-574e-b862-a404fdb6d6dc,
0,清弦String,bilibili,3546376495434249,4821,766bffe0-267f-5d78-8c24-7d9cd626a260,,,
0,玖羽子,bilibili,50455382,4820,75af6c12-7b5b-5ecc-82bf-436174e00522,,,
0,默然-mory,bilibili,20714271,4817,ef6fc095-e9b8-5b9b-98d1-79cbfa01824f,,,
0,慕岚御mlayr,bilibili,3546377195883336,4816,46ef6408-d925-5b77-a06e-515fff54d98d,,,
0,晚安栖夜,bilibili,1230691714,4816,3e436fab-77ed-5a71-9c53-c15a09a65452,,,
0,翡柏Phober,bilibili,3546850441300440,4815,00bdd393-4971-578b-a422-f5864d69c19e,,,
0,葛城奇跡,bilibili,1742274827,4812,c4309420-284b-5cf9-afe0-028f8da405e3,,,youtube:UCOnatvMEoDD-ARYySwnvr6g
0,余若_,bilibili,150467539,4810,beab02ad-d52b-5877-b836-eb3cc49c20e1,,,
0,离月-Echo,bilibili,3537112047553325,4807,b80d4a7e-b34e-5841-9222-76f5da09f98b,,,
0,羽泽奈奈咩,bilibili,406861467,4801,911e7ead-5051-5799-9107-f8b70175d424,,,
0,Athy-White Kitty-,bilibili,1291193028,4800,b5c6e989-a2e8-53f0-86ca-42fef72d629e,,,youtube:UC2AMzTy5lCUOQKyiEKo5hyw|twitter:vamp_at|twitch:atvamp
0,星野ニア_Atria,bilibili,13475,4800,4d120563-08b1-5eff-ae2e-eec2c454e429,,,
0,冥夜一二三,bilibili,3494369699039624,4799,284b941d-38f0-5228-b095-c7edf67e337f,Providence,412f3e13-0742-53c3-80e4-a0ea111657d9,
0,森永唯Yui,bilibili,12870480,4793,67ea9521-62ab-54b0-a57b-b5e29f945488,三光五色（北立交桥）,70f1bfa7-4270-5eac-89ef-a52c777a6ff7,
0,餅村尾丸,bilibili,3546391341173032,4791,a7b47951-fedc-5fef-93bd-f7277a1186db,,,
0,塞弥娅Semia,bilibili,351782431,4789,e1d174c3-b4ff-5f71-ac25-da6583bc904b,,,
0,晴小绮Koyki,bilibili,587246022,4785,86d51b18-3577-5f19-a901-5f8c8b8e7f74,GravityS Project,3dfee54e-d852-5781-b361-5b71c3d16b84,
0,今井玫瑰Bala,bilibili,3493124219341078,4781,d2b8f3e9-33a6-54f7-9e79-e9ccf249d1ec,,,
0,莉娜_Rena,bilibili,1576034711,4779,00fd9a6d-a4d3-5ff5-927a-4a4ec1b68f1b,,,
0,柯米莉亚_Kamiria,bilibili,3546846913890718,4778,b8e74d93-45ee-5229-b84d-86df49d50682,,,
0,叶叶犟,bilibili,1315114576,4775,655d2882-ba60-5326-a820-6302df24ca90,,,
0,栗小枝桠,bilibili,3493117233727927,4771,9bf9a826-7240-5406-9fb0-826b4eecb085,,,
0,天竺葵Geranos,bilibili,3546851458418917,4767,3e9a2332-d6ff-5647-b852-836f6a210a57,,,
0,小鹿儿困惹,bilibili,3493290712238202,4761,47db361f-7ab6-5381-a511-4b5bf33d99e3,,,
0,灰原浅草,bilibili,428074295,4758,08af3b72-c76a-5ef3-ad10-f9f2143204ba,,,
0,夏橙_Cia,bilibili,1638437,4757,5d453c6d-e315-55b8-b6b1-8e6e7f76d6dd,,,
0,遥光Haruka,bilibili,383784478,4757,14f20531-ed98-579a-9dbc-62d6d5fbe753,,,
0,Yvaine可可,bilibili,9638159,4754,b55f4d7f-7863-5618-8a82-bbe13e74d0e7,,,163music:427909325|weibo:5103974015
0,帕妃Pafi,bilibili,431950491,4754,4c15bc5e-b7f0-53e3-bedf-c958ee5cf586,,,
0,映瑶,bilibili,3546805117651064,4753,c5f7a4ed-c50e-55ea-8dea-f7a49204c6c2,,,
0,根羽Neva,bilibili,727109,4753,6c646955-a85d-5eb5-b535-820a72f71ce4,,,
0,樱洛,bilibili,1400637168,4753,df0408f5-dc77-5d65-8d23-b5cf7843329a,,,
0,酥妲Starlight,bilibili,3493077192804446,4752,e5f6c6e6-a0ad-51fc-91ae-d5585317b672,,,
0,龙霸天上天下唯我独尊,bilibili,1882894940,4750,5c2df44f-f64a-5caf-91ca-2f39de6f8e7b,,,
0,辻音Rosely,bilibili,1881110844,4740,e5caa770-d383-59a7-9ae7-696f7f84ee5e,Wildfire野火企划,df9965c7-4901-5180-9ec6-e1ef5fccb550,
0,雪代晴haru,bilibili,3690998595062582,4737,488e3f66-f1cd-5446-af46-a7f144b9eff2,银潮project(北立交桥),208c906f-cd5d-567d-a8f5-6067d9d78fd2,
0,混沌之狐,bilibili,23494879,4733,d65e7045-3813-5739-bed2-09969bcf5624,,,
0,绾芍Wanser,bilibili,3493145629166257,4733,04fc83d5-aca7-5b10-8a89-033417897dad,,,
0,粉川井奈,bilibili,3494370638564099,4732,f809fece-a076-5f6d-8a5d-324009fd52ca,,,
0,宴丹卿Yanmimi,bilibili,3493261226281432,4729,10c7d56d-3a82-50ba-93f9-3b16cf1cf38a,,,
0,讷豆nedo,bilibili,1433861752,4727,63f1f30f-078b-5023-8507-857ad74c9826,云光计划,f96c12b2-b935-5c29-9a31-46c97eca9c4c,
0,潇琪Yoke,bilibili,1454341218,4726,ef1f74a2-a9a3-58d1-be86-3ef2acf0fbff,冬日之家Ultra（北立交桥）,748b837a-0f27-55d8-aae1-695e4cb77aff,
0,悠栗k,bilibili,3493109201635627,4725,89ee2e55-bcb3-58db-8c22-eecfc99d4f76,,,
0,青湜,bilibili,8523650,4725,1c70df95-e85e-505d-80f7-83ad9bcc1cb1,,,
0,石榴次猫,bilibili,26129556,4724,b7959579-1499-5459-86d3-79d9436b6716,,,
0,KXG骨怪,bilibili,349096048,4723,ddd82ec4-1da3-57b4-9b0e-8e26f40a0e1d,,,
0,诗乃鲤Shinokoi,bilibili,1766160737,4722,8c837947-f8ff-5e34-8d90-c31c0a2fcc10,,,
0,姜礼礼yo,bilibili,3546788919249663,4720,50e38d61-a1f1-5584-a966-d4c830123704,,,
0,小班长kusa,bilibili,2315247,4720,a174dcb0-b5a1-597b-bfcd-64fe7cbcd473,ProjectViberglow,fdb3ee6d-3a2e-5bfb-b724-aeb9b223de69,
0,柔伊尔,bilibili,3546632725465110,4714,25fbd476-4196-54f4-90ee-9f5fb8e257c1,,,
0,兔卷卷curly,bilibili,3493146033916740,4712,a222a03b-5763-52d1-9c58-e6ffe4e12585,,,
0,木木宅Mum,bilibili,383403043,4712,926be5b3-4aea-5af4-a761-40f6dd5f18ea,,,
0,柳戌LiuXu,bilibili,1983363085,4705,e7a20d2d-9781-5054-b80f-3798fffcb1f2,,,
0,祈里_1nori,bilibili,198263459,4705,16e71e23-291e-5181-85c8-cd38bd1facb2,,,
0,阴阳Chester,bilibili,5500096,4704,eadc712b-3366-51d1-bde4-063efd9895c5,尼比陆,e91a4eb4-14fc-500f-a8f5-f8650d62dbd2,
0,巫里里miko,bilibili,3461565011462803,4702,6216660c-f61d-5c0d-bdcf-43ecb3a2ee53,,,
0,皎交_tsuki,bilibili,6285309,4702,a9e3937d-70b6-56f1-ad2c-fd5c487eedbd,,,
0,弃暗投我鸭-,bilibili,15272213,4700,39201748-6c2f-5f75-bb1d-7903bec362c9,,,
0,岐原念念Miya,bilibili,203471128,4699,2bab3be5-8dcc-58f4-aa3d-0d726029123d,,,
0,柠柠Asama,bilibili,8056674,4697,dd1c682d-5b4f-5c12-a910-7dd557fd171d,,,
0,柚可ke,bilibili,651264964,4694,a59b0566-58ed-5c6c-9aea-0f1f85c76eff,,,
0,航母珞泉,bilibili,1165088594,4690,2faabdd4-7de8-5344-88ba-c89899b0ea67,,,
0,阿克鲁鲁AKlulu,bilibili,3494367603984670,4689,0bccd50e-4f13-51f5-b5f8-11a6b334bdb1,,,
0,小困包学妹,bilibili,3493258139273477,4688,d509d479-c588-5b90-aaca-af30a71b3d60,,,
0,木棉_木槿,bilibili,3494353970399822,4687,923d96c2-b1d9-57ed-9df7-298adcf8d3e2,,,
0,Baywe贝维,bilibili,21527821,4684,882df440-7c91-57a6-b0af-0446271cfcd6,,,
0,Roya_official,bilibili,516543529,4683,9ea2aec9-5ddf-5ba1-839f-89a33ae4a2b4,,,
0,千辉Nina_Official,bilibili,50754735,4680,194736f0-2b98-5652-8cb8-4ce483e09a1e,Palette,d0827515-9a79-5e6a-b445-b1145bacfea4,
0,禾梨holy,bilibili,3546578071586921,4678,2e756d33-ac7e-5585-87c3-fe04f180f86d,问尘仙会,5f2eac9f-dc17-577f-a22a-19003e81fcdf,
0,梨子_子,bilibili,1953879158,4677,5f727a7a-36ae-5340-a311-e01fce415f53,,,
0,魔王城Official,bilibili,1940186724,4677,de34dbb9-6c1f-53ad-9d04-c28ae8c0b7e1,,,
0,団帕帕Danpapa,bilibili,3546908419164327,4675,c36ea829-db1a-5245-b797-e29666cda6c6,,,
0,波奈奈bunny,bilibili,1355322618,4675,6b7b63dd-25f4-51f6-b5c9-19e489232d3a,幻想社Fantas1A,5074200f-7ef8-5480-920e-6c21f74cedd6,
0,诺诺山大王,bilibili,12702519,4670,0a465768-4ffa-563a-83fc-5a4e7d6e1a60,,,
0,CC,bilibili,3493289365867263,4669,87ee8576-0852-5802-9c00-a1f7486c8853,,,
0,风-间宁,bilibili,3493132048009974,4668,6e49481c-afd0-529c-b7e5-9dbb5aba07c7,问尘仙会,5f2eac9f-dc17-577f-a22a-19003e81fcdf,
0,尤托_Yutto,bilibili,3494379937336147,4666,72f4782c-2fc7-503d-a607-9e5bb01ce5b0,,,
0,桐谷Riky_Official,bilibili,14003142,4659,66af72b7-9e56-537a-9893-0b23c366dc13,,,
0,有狐稚衣,bilibili,3493086336387942,4658,8a357d3b-7dc8-525e-9557-6943aff9762b,,,
0,沐原莉莉Official,bilibili,476755934,4657,c2b196ef-ac81-5024-9ec2-284960cd826a,极光社,9548b50d-dbb9-5b8e-9a4f-a86239ac14ca,
0,南乔_official,bilibili,2095656081,4649,d03cc45d-f7c7-5096-ae38-ff7e5d64bf2c,,,
0,宵悠悠,bilibili,3493286859770444,4649,30bd7d54-59ac-554b-9615-dfbce1e8a264,,,
0,白夜天存,bilibili,502916449,4649,03198eb5-8312-5f40-aa76-9f9585088bce,chaoslive,7d14580b-8154-5fdb-9777-b1032d302bfe,
0,诗心芽郁,bilibili,3546380314348320,4648,18438d48-6475-514f-bce7-a37ef732413d,,,
0,冬眠期小鸟,bilibili,3493122224950106,4646,b7633796-99a6-5035-87d1-7b77e76a6df7,,,
0,纱布文轻子Official,bilibili,11912741,4642,202b1a87-d8dc-5fec-a52d-a840ca543a35,,,
0,绵绵饭,bilibili,3546618783598801,4642,199d1796-211e-54fe-8b01-1b467f709bc7,,,
0,阿清_kiyo,bilibili,3461573542677337,4639,39045094-f8f0-5ea6-8bf3-2a8877da06fc,,,
0,黑桃胡桃Official,bilibili,1319863621,4639,e0643730-b9fa-5d21-9e4b-584f27b4c692,,,
0,白银莉莉nyaa,bilibili,3546679064136633,4635,adcd5867-ae52-52d5-adec-e2f43d037283,,,
0,V-Star,bilibili,373109470,4632,852cbe7e-95b1-5301-871b-25a53a8da777,,,
0,洛宝ouo,bilibili,3494362281412959,4631,1fe8446a-44a7-5c7a-90ba-d0152859ee24,,,
0,猹子Meles,bilibili,5603756,4624,f338bd1e-63bb-5d70-b4fc-c5fc6a49441f,,,
0,HIKARI-Channel,bilibili,4365322,4623,0b9abd5c-f869-5491-9213-dde3aa5e33f3,,,
0,佑伶,bilibili,3493263281490387,4621,4308de75-9bc1-582a-a736-3f53ce9e2a16,,,
0,药药yakuyaku,bilibili,4680858,4621,ef3fe1e9-2105-597b-8f26-56165fbfa5ac,,,
0,幽咪yumimi,bilibili,525311901,4620,1016179b-d732-5c52-848c-b3a6d3f5e149,Mlik Cat 奶猫协会,89382922-bb93-5a94-94b6-06f217575139,
0,木木puu,bilibili,3546719369300954,4616,2715c030-38d6-52bf-b55f-33487cd1d590,,,
0,桐音笨天official,bilibili,161287332,4615,cadce4cd-6482-5ca2-bf6d-c7d14c1919d0,No.6 Channel,6203f877-a1f8-5c61-99bb-ed20fd02ffef,
0,路过的露比娅,bilibili,354361730,4615,f8586fa5-f621-52bb-a485-4669b2a55f2c,星野旅社,464d8696-2f1b-55f2-8091-d4b53ae1df4c,
0,鬼灯童搬运,bilibili,1644476000,4614,ac230a3f-9e8e-5f41-bcb8-40d211f91781,NoriPro,5ca43bb4-d060-578e-a040-2d924bab8fb1,
0,惗惗neko,bilibili,1039030928,4608,0fb107af-0d36-52fa-b35b-9ad012f9eaf8,,,
0,秋田伊子,bilibili,583256,4608,67ea532a-262f-5215-9671-dc56b079f7ef,,,
0,椰芙eve,bilibili,499713932,4607,8e8adec2-f8d6-5092-a441-a2bfa27992e3,云光计划,f96c12b2-b935-5c29-9a31-46c97eca9c4c,
0,桐真花绘Hanae,bilibili,3494357357300507,4606,e34bddb5-be6b-502d-8382-3478521c9c62,,,
0,小可爱焕焕吖,bilibili,1483670,4602,08eb207a-8139-5b69-acba-ec1c043429f0,,,
0,祈Pex,bilibili,1725335296,4598,ce29c41b-8c35-55bf-a8a8-5acadc9da579,,,
0,莉蒂娅,bilibili,686493225,4589,95b1a598-16e0-5794-af36-51b9163f29f0,,,
0,芋弥Ellu,bilibili,4070897,4584,a84ad377-62e9-5d61-a67b-7f97b2e516c7,,,
0,伊弦Yesa,bilibili,1629204134,4577,5d8299e6-bd4c-5ff0-8f34-12bb313df975,,,
0,ひこひぃ_Hicochan,bilibili,3546571908057684,4574,3fc99da3-3305-51df-a5ab-f7298fb70597,,,
0,泠泠岁一,bilibili,3493291817437468,4573,98d094c3-043a-5d7f-99e2-c7ec245d4af2,,,
0,柳野酷儿_YanagiNoKuL,bilibili,25933381,4571,3d210231-ff25-58e7-8576-5c172750f46b,ChaosLiveSprout,e67fb222-1c4e-5f19-84da-9e8beba2c365,
0,病井心爱_OvO,bilibili,1729590620,4571,d219b46d-d7b8-529d-8a07-5e37e4e180cf,,,
0,羽咲梦蝶,bilibili,797356,4566,a10e9eb6-0977-5eed-8f6f-ddc024155362,,,
0,Nadak0_Official,bilibili,211683,4563,d59fd3c1-5c4b-5b83-8ce1-8bd15fee9529,,,
0,初晴的小葵,bilibili,19567598,4560,97412a10-7651-562b-9490-d80e53c2f0e5,,,
0,春璃,bilibili,669216819,4556,1a67abac-08fb-5967-9dda-8f5472105ae5,,,
0,蓝莓小糖豆,bilibili,3461562889144477,4554,7112321d-4dd1-5838-a60d-d87a87b59923,,,
0,魔福mofu,bilibili,3546648460396958,4553,b9642418-f5d6-5b7c-94f9-43d881b50896,,,
0,帕斯特paste,bilibili,7840180,4551,fcfc190d-11fa-5077-aa23-b6c5fc5e16b3,,,
0,银杏_Official,bilibili,679318148,4551,89fcba05-222f-54c0-8041-5ab40f824063,,,
0,璃舞_Rimai,bilibili,1388414536,4546,b264ecdc-bf59-58e9-aae7-febdc6175142,,,
0,水梨奈奈Rain,bilibili,3546960598404026,4538,53045ca5-1a31-543b-8ad6-6f64164fce95,,,
0,鬼喵,bilibili,1854569186,4538,11a5d823-d88b-56e0-b70c-3fada2b3e282,,,
0,雪桜うさぎ,bilibili,4201037,4525,41c306c1-cc42-5e1a-aa90-b9963d6d3e22,,,
0,毒奶基,bilibili,50152652,4521,e89e42cb-4e0c-5d8e-ab9f-4f2f8f2903e0,,,
0,喵大力darling,bilibili,3546617005214634,4519,bacba08d-a55d-507d-9f13-4468fb5df48a,,,
0,塔诺_Tano,bilibili,7912791,4517,8ca2c5e5-2635-5a2e-ab6f-5fd64f9cb3b4,,,
0,小薯条promax,bilibili,3546878058695554,4516,95fb9edf-2b79-5e28-9a75-0259a3d558d0,,,
0,电波酱,bilibili,454109173,4516,392e2502-f66b-521f-9f59-1e68308d387a,和遥树奈Project,03e5db22-f42b-57a1-b034-48a7f5642d8a,peing:denpachan|twitter:denpachannel|youtube:UCh3bQf20rJnEtiU25vIK2Hg
0,白魔天音Official,bilibili,1980588332,4516,8c397bf9-143e-582a-88cf-ff9c562ea9d6,,,
0,开绿,bilibili,489182,4513,1bc8d661-6466-5d03-8da9-78eb6eae0c83,,,
0,优米欧Yumio,bilibili,3493124563273752,4510,e70180b7-677e-5160-ae14-c729337f113e,,,
0,竹子Official,bilibili,12304275,4510,4057f144-408a-5981-84fd-7b9ac7a50c64,,,
0,熊喵黑曜,bilibili,11430737,4509,13edf085-741e-5215-9ca8-a644c50207f1,,,
0,小玉叽在画你喜欢的,bilibili,677977564,4508,8e578a68-5b73-50cb-b3db-339a2dd8fe6b,,,
0,七海幽娴,bilibili,4280541,4506,7fde2439-27f0-5f80-acbf-9169231c6d7c,Vi-D,faf257d3-81df-564d-b5ae-2d9fd694675c,
0,丘年年,bilibili,3546585308858510,4506,e915fa20-ab37-537b-96e8-faf18ada4ed8,,,
0,Nexture,bilibili,209306657,4505,9e8988a9-1289-5bfa-8b25-16a28448c03d,Vi-D,faf257d3-81df-564d-b5ae-2d9fd694675c,
0,冰良Aysu,bilibili,19870901,4504,c3e7c6f4-30ac-5e4f-807e-2ed79cde84a3,,,
0,JJ,bilibili,382821371,4503,30138858-4879-56c9-9697-030145bc39cb,,,
0,夭六_Chessia,bilibili,9020941,4499,25e755b3-a77a-524c-b0a4-7e756760fed8,,,
0,喜多川凛音,bilibili,3546889093908670,4498,a95b3b14-dab0-56f0-95ed-17e29f8fccd2,,,
0,栗の安沙_鮟鱇official,bilibili,2416783,4497,d8e71dea-6718-5ada-8d01-deafe45764d9,,,
0,瑞希Roxie,bilibili,475481230,4496,7b0c5c94-a4b8-58cf-8a81-c78169dfc4aa,neko贩卖机,1ffea7e0-c456-564c-92e0-39055dd69064,
0,弥生月,bilibili,411016,4494,706147ce-dcaf-5f45-89ad-266d3b5ca442,,,
0,糯米狐nome,bilibili,238242280,4493,1454a2b7-a8dd-5730-baef-47af61b8efe6,,,
0,艾达琳_adalyn,bilibili,2124291576,4491,01ed955f-38d8-512f-a371-bcbfc4472684,,,
0,铃姬Kori,bilibili,3493279427463866,4488,1e3a1ec6-7743-55e0-9738-06405d8891cb,,,
0,米菈Mirra,bilibili,3546662460984291,4487,6c144cb6-46f7-5814-9d98-ff0cf65d8b13,,,
0,穆遥Meow,bilibili,3493116860435294,4485,f77a0470-fda9-5a93-93ff-ca0fdb6eef1a,,,
0,三鬼葬MikiSou,bilibili,6595843,4484,1b138b9e-c4c1-56f0-a89d-00d9ba00b7a9,ChaosLiveSprout,e67fb222-1c4e-5f19-84da-9e8beba2c365,
0,塔罗狐狐-华子甜宠,bilibili,3493297437805491,4484,ddc3174e-bb52-5118-b6a2-fd0ca88c3450,,,
0,贝尔会发光,bilibili,1640010859,4479,c674230e-76cc-5607-895b-8413919275f5,,,
0,白茶SAMA-_,bilibili,3493137628531491,4477,df9bacf3-5d3b-5ff5-a7e0-1af33eeb0a92,,,
0,御狐様結衣乃official,bilibili,1680597886,4469,503b9a26-4646-5413-921c-dfaa6392e8f4,,,
0,流泪鸡蛋饼,bilibili,3546961537927564,4469,fbb58ccd-af4b-5d7e-8d74-bfa34297225b,,,
0,弥饼不是饼,bilibili,1571392281,4466,d866feb4-3903-5275-8686-bbd4c9627614,,,
0,星野白玲,bilibili,3546968292854376,4464,6b979bc5-408a-5503-9f10-47d4c569b175,银潮project(北立交桥),208c906f-cd5d-567d-a8f5-6067d9d78fd2,
0,诗诗崽CC,bilibili,3493144364583648,4464,1999723f-0e57-5da6-95e8-9af1780682ca,,,
0,茶乃叶Official,bilibili,834903,4463,11ec799d-8869-5814-b36c-d02b1fd26fcc,,,
0,叶启棠,bilibili,3494366781901024,4461,9411ccca-8806-5a29-966e-9f0b6ffd7843,,,
0,一只蜜柚-may,bilibili,3546388688275737,4460,1bea5bcb-0a4b-508f-b242-4fddd32a572e,,,
0,米勒,bilibili,1921456703,4460,23567104-fcc5-52a1-a853-edf2fe59268c,Perciva,25dcec92-82e4-5a70-a909-35e86afd2069,
0,柊音Serena,bilibili,481548508,4459,f11370c5-1bc8-5ecb-b75f-4e47ac1b935e,,,
0,柚夏丨知芽,bilibili,3707042338442132,4454,0c9f20b4-4625-5812-9d19-b5ce7ada1200,,,
0,咕嘟小意喵_Goodu,bilibili,3546879174379953,4452,b74655a8-caa4-5dad-a01d-aa17478b3c3d,,,
0,花芽荔枝,bilibili,34582979,4452,18495418-398b-5d3b-9141-ca29ad6e8c33,,,
0,H蓝色大老虎H,bilibili,3221223,4447,cc82d65d-b865-584f-991a-4e1a72e14970,,,
0,海萌姬,bilibili,335942,4447,0575c67c-6bb8-56e9-918d-213b51a98d86,,,
0,碧艾尔-Kyle,bilibili,3493273870010526,4430,aa063a19-6c8d-5c5e-bf84-b093871312b4,,,
0,桃栀peachi,bilibili,1834047,4426,4a7b13ec-68b7-53fe-94c2-a7c2d0fd9c8d,,,
0,莉露拉,bilibili,3546387220269353,4426,34643132-984b-5b51-89f1-11d9cbbd9060,,,
0,艾朵莉娅Edolia,bilibili,1402972302,4424,39fef5ed-57c6-593a-8629-f45debe70229,,,
0,煤狸猫neko,bilibili,3493263304559033,4420,a047fe28-c782-53f4-8366-1d8c94746350,,,
0,小清somi,bilibili,3546895022557398,4419,0a1eedab-2dbc-56f6-8f85-fd4f1a2340d2,,,
0,星猫,bilibili,485374,4417,faad4eb6-8453-56b1-953d-ab328b320e07,狄灵计划,811ad373-4359-562c-add8-3c2492dc209b,
0,兔兔船長凉飕飕凛,bilibili,8091859,4416,72dc7530-7682-5125-a3a1-351808739f00,,,
0,世界第一の天使蕾可奈,bilibili,348391115,4414,9e323a01-255f-5023-8d4c-3f8e6e9f7f67,,,
0,羽连音legato,bilibili,2996496,4412,f91762dc-c982-507f-9094-a07c056f80c4,,,
0,妮洛Nian-卷心菜,bilibili,479134330,4409,1fc6c436-e4d0-5e5f-86cc-973dd6ae8a3b,,,
0,東雲うむOfficial,bilibili,1324935979,4403,14454ab6-8f70-5047-a6dc-0e8f820caa77,,,
0,齐绫,bilibili,1802508747,4402,631a5e59-1faf-58d9-bb95-7cc9a8d52f3f,,,
0,妍宝doki,bilibili,3493293390301322,4401,6841c740-4afa-5ba3-9eea-57c75dab130c,,,
0,仟依Oo,bilibili,3546584836999657,4397,97f690b8-b455-5675-9447-aa3cfd58cd99,,,
0,滄藍メロディ,bilibili,49584022,4396,359a5bb8-1daa-5ebb-8fbd-99ed65aae2fc,,,
0,狂拽祈少,bilibili,3494371481618553,4395,3e85a1bc-28fe-5c55-9880-2954eea5dc90,,,
0,桃咕咚,bilibili,756650,4394,a101a010-b24a-528d-9d6e-2a9b3dfea82f,,,
0,皮可Pikoall,bilibili,2416879,4385,0befa37c-cf2a-5f01-a326-484b06cd84d0,极光社,9548b50d-dbb9-5b8e-9a4f-a86239ac14ca,
0,小魔-Chima,bilibili,565227904,4382,66abc8f2-d696-5ca6-b4ce-42d70f6be392,P.K.S,9fbdaca0-7e23-551b-83ce-22c60b226c51,
0,露可萝璃喵Ayw,bilibili,3546933436091222,4378,2af6acba-f94e-5f4b-a495-c126bbaae3cd,,,
0,汤圆Azuki,bilibili,4626079,4373,a0d374f5-a8d5-581f-a2f6-3ecd89bf2a98,,,
0,お布団巻き,bilibili,19206492,4372,4bcf9a29-2ea0-5b58-9121-095183fff0c1,,,
0,小结巴,bilibili,3494379947821246,4370,3ff24c45-2f93-516b-95e9-f4446cec5659,,,
0,Vanilla-云呢拿,bilibili,8756923,4369,753cc5bc-7f33-52c0-b4e5-8473c00b9bc8,,,
0,拉斯洛official,bilibili,2988345,4368,a00462e8-d811-53fc-8e9f-3b1b035c195f,,,
0,聿茗_YuM,bilibili,91659439,4365,e30199bb-411c-5fb9-a272-acfe556548ec,,,
0,尸鬼,bilibili,390186116,4359,f3bfe60f-a4cc-5718-b13a-a9af63db986c,,,youtube:UCTcGbTH9hlScXB-Bm1D4HNQ|twitter:dead_seasons|userlocal:47DB5503F2827CD3_e962e3
0,棠清禅,bilibili,3493090736212178,4358,446b102c-762c-580e-b152-e302ceaef644,问尘仙会,5f2eac9f-dc17-577f-a22a-19003e81fcdf,
0,洛晓曦,bilibili,33176403,4358,621929e4-1431-5dd6-ae0a-8921dd0d4151,,,
0,空灵晓,bilibili,18899525,4356,1d999f06-c420-5247-b58c-4c0dd50e99f4,,,
0,顾九梦Gomi,bilibili,23105244,4356,63420865-83c2-55cd-9bc5-3c232806cb59,雨林社,0c0c81b5-fc69-5ee9-a2cb-f77fb303b682,
0,小马克_Channel,bilibili,404236492,4355,811a1135-6475-525c-9765-bc7099cf919a,,,
0,千塔_sr,bilibili,84066005,4351,b9f1402e-1f61-53cf-88fb-30c6b75bef83,,,
0,星盐Shio,bilibili,3546583731800546,4351,cfb819de-902d-5dfb-8466-c829aa10fa97,,,
0,早间苗,bilibili,3493295426635895,4350,564ddc65-802e-5e5e-9455-313e8f3aabf7,,,
0,是MOKA酱捏,bilibili,3493078891498066,4347,adb107f1-962c-5313-a893-fefe89c388a8,,,
0,朵蜜Baby,bilibili,486572877,4346,83dcbb6e-c6a3-5483-a5c5-be25fb08f605,,,
0,池砚SuzurI,bilibili,27045748,4343,00838824-a968-5dc5-ad3c-14bfcf9118af,,,
0,西子,bilibili,18905229,4342,218e2ade-c0df-5fdb-b2f5-7bf64a88a961,,,
0,羽波_HarperCRUSH,bilibili,512043979,4340,7b28104c-8922-5918-9ab6-aa9401cd420b,,,
0,未雅Miya,bilibili,523641914,4339,7b80509b-d947-571b-9de5-0cd70d89de0a,,,
0,屿九Nigori,bilibili,22579054,4336,afb9bfac-924b-515c-b046-f714ba8479e4,,,
0,沙织Saori,bilibili,407220789,4333,fe7f4f16-9ce0-596f-8ee2-a67f58596c13,无限殿_Infinite,fb2c595a-af26-52f1-b433-bf339409d3d4,
0,kuu_玖,bilibili,426455,4331,81f46c45-fdbc-52a0-b19a-0fdb6fadf642,,,
0,言乃official,bilibili,178645,4330,4fa639d6-5c0d-5db7-99ac-51095f16eb92,,,
0,Ara手一滑_Channel,bilibili,1283658,4326,3854fe46-f4af-5a1c-9617-61f1914a55ba,,,
0,北上双葉,bilibili,5174606,4324,033d09e7-801f-59f1-af91-6fe271f15b10,,,youtube:UC5nfcGkOAm3JwfPvJvzplHg|twitter:KitakamiFutaba|userlocal:1BE65EF40BDE9CE6_3f27c0
0,怀纸桐花,bilibili,2090208,4321,11a9d19d-5dab-5d43-be81-04d6355e2a43,,,
0,苳沅,bilibili,691690375,4321,94f9b1b4-98ce-5343-a159-7538c4e4f6df,,,
0,神张飞飞,bilibili,512656416,4320,d8afd22c-18cf-5096-acd6-9c2d348a7f24,,,
0,化学炼金师清小岚Seiran,bilibili,4893930,4318,1935fb23-e580-5e65-b192-4df7dfad82cc,,,
0,乐_悠,bilibili,3494372695870328,4315,a4c145cd-0eb7-58fd-a19f-db8323c5157f,,,
0,爱莉兔之,bilibili,3493118355704695,4314,cc4648a2-9878-5dd8-bde3-fc81a0d58e07,,,
0,家雀爱恰西瓜,bilibili,12275946,4313,b93ca0d1-ec40-5123-8333-392e320ab77f,,,
0,鈴羽ハトChannel,bilibili,1682261,4313,8ce9970d-018d-5d46-a067-c505e3588335,,,
0,风味袜子,bilibili,3546740040928185,4311,50fea576-a3a8-5f75-a3b7-80ac7b709e54,,,
0,祢戮NERO,bilibili,562023331,4310,2416c6c5-e08c-5d27-8cc0-b02115ff1865,,,
0,言樂_Yona,bilibili,3493256925022965,4309,153846cf-9ff5-5af5-87c6-bd1bbb9f6a0b,,,
0,雲川蕾依ReiX,bilibili,3493292184439656,4304,5a0e7f1e-da38-5168-8193-6e9ff7f024e2,,,
0,雪雪子QAQ_Official,bilibili,2971374,4303,0137b5a1-9670-512c-8cf7-a683577d6470,,,
0,栗司Lisu,bilibili,3493136040986691,4302,9f1bb64d-86c8-52ec-ab4d-2adc580b2c2f,,,
0,时沉yeah,bilibili,3461575742589698,4298,0ab63f3f-8c22-5114-94a6-3b5423d4f7bc,,,
0,板野スライム,bilibili,46358031,4295,5f53204b-84d5-5edf-a01b-44c40986443e,,,
0,雪奈酱,bilibili,29274472,4295,b63f3a15-33a6-5736-ba07-6a86332fc6a5,,,acfun:26922112
0,奈咪QAQ,bilibili,3493276158003662,4294,73e85ecf-1e81-5edf-bbc7-e11c9fe61423,,,
0,尢子欣Kinki,bilibili,18757744,4291,d41ee32d-5e6b-56b6-95e5-6501054a367d,,,
0,芥末泡芙好吃吗,bilibili,33780565,4291,57ab20c8-9fe3-5dd3-9285-b7cb52e65ddc,,,
0,冷雨sama,bilibili,18391386,4289,4a4191c8-4d9b-58f5-b4d4-fbe81e53740a,コーロンサス学園,a43eee3d-839d-54ff-90cb-d9045437de30,
0,Ho汐栗,bilibili,3546656226150793,4288,3d736417-0c6a-51bb-90ad-f6e4acc3f7bd,,,
0,泡沫こまり,bilibili,397633547,4285,fa1a2920-714f-5a38-9f73-347301e5c6ee,,,
0,甜崽Tina,bilibili,1716910,4274,74c8f78d-b5b1-5573-b54b-361ec7fc459b,,,
0,kiki不空大,bilibili,520868405,4271,2c58e380-dcbf-51a2-b605-f0da46980c45,,,
0,小卯,bilibili,464865,4267,f37bcfa5-056e-5267-8d0a-77e691d3196f,VOMNIS,a9c452b8-faba-53d1-92ad-83337135e2c3,
0,阿斯特尔瑞达Official,bilibili,551114698,4264,70a8cac3-0e13-5982-8f46-8382e0244308,holostars,9c1b1391-c421-5f8d-ad1d-90eefee8d3e1,
0,長门yoki,bilibili,35758309,4261,462a63e2-594e-5553-9eff-aadd441bf2c2,,,
0,米露提亚,bilibili,1824597784,4244,7112cc37-bdd4-5cd3-8880-c9c0af71f0fa,浅海Project,08e83e80-ba92-538d-b63d-fe0592e8af6c,
0,唐茶Karacha,bilibili,437990,4242,833ca904-8f10-5fbe-9f4d-ca25d5c8218d,,,
0,米久MiQ,bilibili,3706977156860283,4238,d110570c-56f6-5d5b-986e-20df9b113d5e,魅魔补习班（北立交桥）,e846092f-c516-571d-b6f6-ceab250a352d,
0,星星奈,bilibili,213647,4237,6c969345-a881-5cbd-b917-323c6ad0c7d3,,,
0,花椰菜burokori,bilibili,3493086103603765,4237,1e7c6c6d-34d0-50ee-bed1-f753d5c213cc,,,
0,冰点梨花,bilibili,630649,4236,8f73f975-5393-5578-b73c-8bc156737642,,,
0,千初_好运降临,bilibili,3546784200656899,4233,708f5ad7-76f8-5297-86bc-814a0276b1d8,,,
0,莫无喵喵喵,bilibili,13283637,4229,7c75d012-fdb2-5ee7-8d73-53ca53a553cc,,,
0,阿南lna,bilibili,1835230781,4228,c13ca5f8-fa79-5337-a4b3-f23d5c5c9107,,,
0,喵莫伊_NekoMoyi,bilibili,144984743,4227,26af6e01-fcb9-5cc1-8991-bc63c28bfa02,,,
0,没腿笼屉Channnnnel,bilibili,2809226,4220,efce4d9e-26ed-5976-9acc-641bf5bb995e,,,
0,款款早点睡,bilibili,24085035,4217,59ace37f-7df1-5afe-834f-547037df60f6,,,
0,奇迹酒酒,bilibili,86671279,4216,559205d4-f740-55e0-93e6-0fe588691dd7,,,
0,甘衣福茶,bilibili,1649481624,4216,009046cf-a804-55eb-9c02-a20efe6e6f05,,,
0,亚朱香,bilibili,531329531,4215,68f8bef4-0f77-53a3-95d4-688ed221c7cc,,,twitter:asyuka_v
0,糖糖吃胖了,bilibili,3493120939395403,4215,686cce61-313f-5a99-b3ac-2533c7f758b2,,,
0,凯因Caine,bilibili,3494364948990674,4213,f60002cc-b1af-5bf5-ba25-55a945ab8b95,,,
0,花見棟楠,bilibili,11323975,4211,186b7ee2-fce4-5d86-8cb9-69312148fca5,,,
0,烛星iraka,bilibili,3493085508012507,4204,53a042e9-bb98-5ba7-8505-0e45c092463a,,,
0,猫羽祀玖Official,bilibili,4652433,4203,264e7f18-61f7-5917-a392-6b7533f4f893,,,
0,空梦star_Yo,bilibili,399550612,4203,424e9ea0-bd46-5fb7-9601-6c41de2a0d76,,,
0,阿德里安,bilibili,3546614899673364,4203,d2036aab-a66e-5865-951d-e2b74c4ef40f,,,
0,麦辣鲨鱼堡Aki,bilibili,28533192,4199,5d7bba0a-04f0-51ef-b922-ea852482ced9,,,
0,池茶茶,bilibili,490096466,4197,552c6820-6994-50cc-85d1-b67264814788,,,
0,兎白りこOfficial,bilibili,677007709,4196,57abc8d3-062d-5b0e-8cca-8f1898764a7d,MofuMofu Fantasista,1c22567f-c174-5e1c-b4d4-78389bf39d09,
0,啊脑A_Nao,bilibili,360213358,4196,2b0a8534-66ff-5319-9428-f6f36c2d5add,,,
0,RuiM_小阳君,bilibili,38776049,4195,ec4e1e64-5972-5b37-bd9e-3bcb93b20b12,,,
0,芊櫻Sakura,bilibili,1649321129,4195,1886c167-ee22-5b61-813a-4fdad53a23a1,,,
0,姬川铃,bilibili,1567721686,4194,4a4232b1-bef0-5f48-869b-e8d13f233527,,,
0,天音りりあOfficial,bilibili,25378423,4192,d60baf25-b068-5d92-9f5a-b4deb7e22615,,,
0,甜酒味小莓,bilibili,3546583383673229,4192,5feb4ea6-2961-582b-887c-dd8873fe19cd,,,
0,艾薇塔,bilibili,3493126574443472,4192,a5ed1dc8-8771-5fe4-abd9-58a04aeec0de,,,
0,饼小茶,bilibili,20272422,4192,d3f05968-bcc4-5e66-b0f8-111e83385ec5,,,
0,浅见夏子Natsuko,bilibili,508735454,4189,85fbf6fa-1a2c-5bf5-930f-ca8baace1040,,,
0,铃木零zero,bilibili,3546941703064294,4189,02cc5cbd-a475-5e3a-99c4-4ffc9ea54a81,,,
0,白又又yo,bilibili,3546700983568847,4181,6e0fc663-b802-55cb-9fcb-2a54b23e0ab6,,,
0,来一只狛月月,bilibili,1913538007,4179,56032686-93c5-5f86-8f20-296d80c2e566,,,
0,灵虎爻休Channel,bilibili,59547307,4173,286a95d4-d743-5132-98a0-4201d5246677,,,
0,小荠,bilibili,408833733,4172,efff9f3d-7687-5565-97b3-b52d30c1f344,,,youtube:UC5WJgKelM1YO3AsXtR-t4SQ|twitter:osanazu_FKG|userlocal:6AAF956361D9BC59_e4ecb4
0,白鳥萌月official,bilibili,627882362,4170,e0ce6444-3d37-5b10-bef4-f16822d8f848,,,
0,糖糖小脑瓜,bilibili,3546817348242317,4169,192233ce-925a-5fc1-b52a-c36ab61bb561,,,
0,麦姬maiiiij,bilibili,30859496,4168,27004199-c3f7-5fc6-b07c-33af5b7a5aac,,,
0,虾球超想喝可乐,bilibili,1562511225,4167,04363361-ed6c-5835-82b5-ce9465a5623c,,,
0,小青柠是萨摩耶,bilibili,3493258785196734,4166,1e0f6739-bc0d-5e66-a872-95581c411824,,,
0,库姆诺kumkum,bilibili,521537808,4165,318daa18-4127-5c4e-aad7-992beac26a08,极光社,9548b50d-dbb9-5b8e-9a4f-a86239ac14ca,
0,以画Ruby,bilibili,3493261331139101,4162,940114ed-dd60-55b5-8384-cd39ad723cc9,,,
0,清也seya,bilibili,3493116264844088,4158,9a7d7f0b-6ff5-5993-bd77-a05678366133,,,
0,_锦鲤只只,bilibili,3632318480648238,4157,7c8f237d-575c-5f1d-bb4b-9a746bfa17e4,,,
0,商颂,bilibili,3493089505184413,4154,7f902d14-e3eb-5bed-9731-7e4e65878e70,吾音坊,09f99c31-d239-57a5-b727-26c0f8651de5,
0,翊或-羽Accapelia,bilibili,1393635377,4154,450c33f0-4f55-5132-9b43-2abad8599d1f,,,
0,叶小满Official,bilibili,5015535,4151,d986b084-cbb0-5e91-9c70-fcc53451c755,,,
0,因离离,bilibili,3493130735192179,4150,60dfeb55-047f-5f5b-b0dd-5a0257ecf8d7,,,
0,晚晚Babe,bilibili,3707022178519939,4150,3db64561-d815-50bb-8cc0-549f1a4695bc,,,
0,呆呆小圆,bilibili,3546739392907648,4147,12808fbf-a954-5071-90b1-9d5249958b00,,,
0,小狼,bilibili,1033237043,4146,6e6825f1-f837-52c8-b6ff-ab8a7e4b0b85,,,
0,素羽EGRET,bilibili,111629079,4146,dc2cce3d-1205-58ef-b7c2-a8ed441be078,,,
0,嘟嘟崽2233,bilibili,30596425,4141,e4fbdd96-5e4b-5eca-a78b-e34e3e51fe9d,,,
0,礼弥Hisashi,bilibili,14397741,4141,0cf73531-0ec4-5208-8708-3a814b12d543,,,
0,西木木木栗,bilibili,353016112,4139,d85fcd64-930d-5ce5-bc35-a68581b95451,,,
0,岚璐nia,bilibili,3493142061910585,4137,9501fd85-64ac-5c19-8463-34312d22c050,,,
0,二之前是一,bilibili,686340,4136,cce5db61-36ad-5fb8-b4fd-5d33be8b41f7,,,
0,玖柴CHAI,bilibili,3546915117467733,4135,c41eb8c6-977e-58c9-ac77-5186520a4a63,明月生肖（北立交桥）,98f46aef-0df4-5088-8fcf-3f5a6479029d,
0,子夜yozora_,bilibili,2634833,4132,42e34c01-f2e0-571a-9fbc-4604918bebbd,,,
0,完一,bilibili,1946727,4131,af3deb12-e236-532d-9149-944e11b5df84,,,
0,琴音ルナリナ搬运,bilibili,696517957,4129,0881aca1-9669-59a0-95ab-1d56675c8623,,,
0,桃林铃,bilibili,1154796339,4128,e67b72a9-362d-5dae-8efc-605ecf643d02,,,
0,湿巾Official,bilibili,309926057,4127,6ecccc14-02f3-5a99-9c0d-d78e30a65ad7,ProjectViberglow,fdb3ee6d-3a2e-5bfb-b724-aeb9b223de69,
0,秋灵_Channel,bilibili,502843089,4127,3c316dde-c872-5668-b04f-d68fbf98561b,,,
0,阿莉娅,bilibili,472588354,4127,ef00dab6-c4f1-5a14-a44f-74d57cf99d77,,,
0,冬栗Kuriko,bilibili,3546389296449813,4126,e138ae80-5efe-5748-aca5-11815844fc95,,,
0,阙丘kylin,bilibili,3493283133131419,4124,f6a7d114-c00e-525c-825f-e486cbd66c37,,,
0,听海小雅,bilibili,3546575640987848,4122,ca6d5d7b-c447-5918-bfe1-022da54240a8,,,
0,暮岚Arasi,bilibili,95998286,4122,e9805630-c04b-5da3-adc2-06d9ce385349,忒弥斯project,114c0bc8-d905-5e64-80b4-6a09cdd389a8,
0,晴烛,bilibili,3494370110081306,4121,69aed380-d722-56cb-906b-b87fe89b40a2,,,
0,白蕶Miooo,bilibili,13586358,4118,b758ffd3-4ffa-5ff2-8f9f-74d9079c1d76,,,
0,星绵Nya,bilibili,3546744906320802,4113,5e0dfe31-f10f-5b40-92cd-c1e576ba6b38,,,
0,壮壮-Lin,bilibili,3546593517111619,4112,1e53cc66-76f6-5305-b310-8feb16d9ae37,,,
0,桃宫春奈nyako,bilibili,1538930482,4112,61b86d4f-69bb-55ed-9e69-ac24f14fa72a,,,
0,猫部nekobu,bilibili,421352706,4111,e0cc341c-2910-592b-add1-1e2ff126443e,,,
0,甜甜Official,bilibili,698168779,4111,6fb73d0e-8905-5f10-b299-a648804e0d49,,,
0,是小音哦,bilibili,52423847,4110,f5f4064c-089c-5248-a9ba-a5d08de843ad,,,
0,桥A_channel,bilibili,22411036,4109,2bc1c497-8c71-56db-b177-b1cbb76b822b,,,
0,灰雾Kiri,bilibili,3546974330554778,4108,ff828ef3-2a82-5fea-8014-7f9cd066765c,,,
0,伊佐茨,bilibili,1435073674,4104,3061d22d-071c-56b9-8bfe-8ba81477b3b5,,,
0,睡不够的可露丽,bilibili,1339871332,4104,ef70bf3e-e6cf-529a-b556-b20e59bb9ba1,,,
0,黑崎暗official,bilibili,7033997,4104,969784a1-d3db-5ab3-b056-f229c14cc778,,,
0,槍間蘿北子_Official,bilibili,10742948,4103,ebd4a6f2-8364-5429-b366-71185ca461ba,,,
0,涅玛_介大发了,bilibili,1558299402,4103,e86a5b2a-ee8c-5a5e-8e61-8a2d8553ebd5,,,
0,泡可貓,bilibili,3493130171058906,4101,1864eb10-e60e-5e4c-b325-6df1e64dfd5c,,,
0,杜桑梓,bilibili,3493139392235780,4099,22f432cf-ad53-550c-ba42-a7f5791470b8,,,
0,夜棺飞鸟official,bilibili,1534034241,4096,2b0bb0a4-e6f6-51fc-99d3-772c07e6620d,,,twitter:yotsugiasuka|youtube:UC4Nu2mCoCKz9TplcxLS0pQQ
0,星响零,bilibili,323255389,4092,b00891b1-ed19-5f45-b4d1-6bc53ac4d274,,,
0,卢奇塔Lukita,bilibili,12597722,4080,21220b86-f788-54af-8f22-649ec4e785de,,,
0,Uko017_Official,bilibili,1957582635,4079,348646b5-ace2-549f-8200-180c6485719e,,,
0,渋谷ハル,bilibili,420321371,4072,7cab29da-b10e-5895-9ed5-f058f1bccec8,upd8,62b750ab-e71a-59cc-b6fe-71a2debb5598,youtube:UChLfthKoUV502J7gU9STArg|twitter:ShibuyaHAL
0,狐思思lris,bilibili,3546647902554390,4072,146797ee-5397-593f-8b67-9bec8c32901c,,,
0,yiki_依绮,bilibili,2092917539,4069,5adb6cd5-52f0-5205-8a5e-441d7b8dd8bd,,,
0,月见小寒Channel,bilibili,19189768,4069,a26d777c-bcfe-55b7-878e-e93e98493637,,,
0,氷茶traveller,bilibili,1023501720,4065,aae1e115-d0af-5d83-b589-b93f7a750965,,,
0,零洛今天要塔塔开,bilibili,2883150,4059,f247a59d-e114-5b79-a956-9551e930c1d1,,,
0,小日和酱Hiyori,bilibili,2143861244,4056,ba3d6772-f640-5ac1-8d52-46dc8b72c2c5,,,
0,君澜Narada,bilibili,401843345,4055,7cc7b607-dc3e-5b0f-9704-b77fc46c7d1a,,,
0,芽咚,bilibili,621272879,4051,30122fae-0939-525f-89ee-28bdb54b7b1b,,,
0,乔奈,bilibili,3546600674691202,4050,a7b9e49d-3e80-5c81-a044-24c1ae4cb5c6,追光社,72121bcf-cb42-50b2-93d3-9a83cae702f8,
0,奈楠楠-Cozy,bilibili,3493262436337857,4050,7d55f224-29ff-5507-92ae-220f4aee6685,,,
0,星影月YuE,bilibili,697715,4050,a433c249-a6f8-5a8b-becb-f1cdde90d44e,,,
0,希昤娜Lina,bilibili,3537122357151771,4048,02238299-944d-5f14-85ba-1646d3d2b3d8,,,
0,野良赤音Akane,bilibili,3493292048124599,4047,3d50dc19-9f1d-5489-9a10-b973ec1ff7ce,,,
0,Mytholinical,bilibili,441269942,4045,c1507bf0-678f-5580-9135-fdd183f0949d,,,
0,小圆丸喵,bilibili,3493111313468213,4044,d0b16010-a17e-595a-a1ce-66c8b4aa43a1,,,
0,真白きろ,bilibili,94324234,4043,6a631dbd-83c1-53ec-9804-c8db0fda6ad6,,,
0,o睡觉辣o,bilibili,3493294440974792,4042,b9c60133-d747-5ad7-9c5c-a139f1ea6ab1,,,
0,大尾巴的龙昭昭,bilibili,3546752233769606,4042,0cb29094-1336-5f83-8ac2-d47860ad0b09,,,
0,-晚风铃-,bilibili,356113776,4041,e8480a69-58a5-5915-8bf1-f14ce3885a6a,,,
0,Rina栗奈,bilibili,7412988,4040,f9fe7273-f301-54ae-a7c4-d922f25285af,,,
0,奈郁里,bilibili,506418268,4038,bc4da4a9-ffe6-5498-9e3a-bbff4c6c33ae,,,
0,氷見稚華,bilibili,3014391,4038,8b9c3652-3aef-5ff6-901a-72789d9680ef,,,
0,迁迁-Yoki,bilibili,3537109967178128,4035,471d2a72-ddc3-59a3-9eff-d3d528b9b392,,,
0,千代夜Chiyoru,bilibili,3537119911873408,4033,a1505842-7cf1-57a6-b7c9-d3e3afdbcd97,,,
0,杏奈annna,bilibili,10101365,4033,ea1fc2dc-7130-525d-9221-7605a4c72eef,,,
0,沅霄_Zodiac,bilibili,3546670597933825,4031,b5acced2-6b64-5c23-b25b-1367666c0f34,,,
0,落雪見See,bilibili,3493280551536732,4031,3cce2f22-1107-59e8-b235-b469ca4c265f,,,
0,百灵饼干,bilibili,9296285,4030,1fdf9dce-ba17-5a6d-a414-bc8a3bfeba94,,,
0,黎枣Ritsu,bilibili,3494369818577490,4029,58f0bed3-4f93-5060-a72b-44763ec64631,,,
0,泡芙跑不动,bilibili,536320591,4028,fb3d416e-7cea-517d-87e4-703c3484cf31,,,
0,花卷卷err,bilibili,49741433,4026,91774b2f-d272-528e-bf9f-9e0ef3e192f1,,,
0,伊藤秀Deer,bilibili,3493087682759245,4023,5d8cd250-d33e-598a-9127-800bde2f2457,,,
0,阿妮娅・梅尔菲莎,bilibili,3546711098132792,4022,8763e60d-22db-5589-84ef-f9c7c9329331,Hololive ID (印尼分部),0c089df5-5af9-50fd-94ea-b469b6847d0f,
0,哈里娜Harina,bilibili,1478527540,4019,dfaa6b3b-32f0-5234-af20-f53cc7e28679,,,
0,玉米桐生バトラ玉米,bilibili,1623445,4019,e6e4f920-9352-5022-b6fd-562e4e14ee4a,,,
0,晶叉叉Official,bilibili,5783175,4015,318daf82-04e0-5aba-85db-803b2d094ac8,,,
0,夏夏不是笨蛋,bilibili,1343150444,4014,d2518e87-469d-5c51-b839-618209cd0ee0,,,
0,市ヶ谷まきOfficial,bilibili,1472211759,4011,151545b5-2d85-5af6-a7cd-d7be83232a26,,,
0,爱喝奶冻的大脸妹,bilibili,3493137813080837,4010,43f791a6-875b-5656-ae14-1c8ec1965335,,,
0,Yue二狗,bilibili,590181974,4009,0674ab4e-4d4d-52c2-803d-43bdf4685b33,,,
0,曦曦子ii,bilibili,672525743,4009,80106b5b-cc19-53fd-b331-cf0d894ba20b,,,
0,未眠猫宁w,bilibili,10899888,4007,22e8d1c5-e140-5cc8-9e53-8aca77892274,,,
0,荆洛Lord,bilibili,52080353,4007,f0698f9b-05ca-5c52-a700-e148be337c9a,,,
0,LLABB,bilibili,3493082121111840,4001,34aa0e70-4724-515d-bf17-214cd742ab52,,,
0,神代るるるOfficial,bilibili,1566352490,4001,eec09422-244a-5d12-93e0-68baea3a8fd6,,,
0,PulsarGame,bilibili,441079300,4000,17a958e5-3f14-5501-84b2-70d11ad58d41,,,
0,星时糖-8,bilibili,1998632362,4000,a850b2a8-ec4c-5249-a146-8598bbd045d9,,,
0,雾诗桃momo,bilibili,3691003791804492,3996,c86d451d-8016-5c1e-9395-baf686e14e94,,,
0,崽子buibui,bilibili,1107130440,3994,4195f3a5-2480-50a1-ba52-93af7ec60e5d,,,
0,言梦呐,bilibili,3493123571321798,3994,bb50b716-4049-5d83-bd32-c58673652f0e,,,
0,神岡ちろる,bilibili,411700399,3990,1aff3bc2-93c3-5377-b16a-cb5b8b239a32,,,twitter:kami_shun0505|pixiv:2973000|youtube:UCKIEzDUVwfXcct3JPgNUw7w
0,星見雪柚_Yukiyo,bilibili,3546812059224283,3987,548f2d7f-2ad0-50d8-a1ff-3b560fe111fb,幻光回廊Project,6dc03368-be51-5eda-b402-b9b1059c27e6,
0,油炸马桶盖盖,bilibili,24331147,3984,94ff9c62-6671-56cf-984b-8bc98883e250,,,
0,白城丽娅,bilibili,420736311,3984,b8868584-5f18-566a-b107-3a61a51a8a65,,,youtube:UCkz25EnxWYGMXID72IIuphw|twitter:LeiaShiraki
0,泠瑶Riyal,bilibili,689735066,3983,e31cabe0-9e40-52fd-a3ae-26dac0297a79,,,
0,笙妤,bilibili,596141957,3983,0eeebae9-6f73-5716-8b55-84489b1aeb95,VirtuaReal,6a8d2bed-dc2e-5ce1-a3bd-e31317aa4e23,
0,路比RU-B1,bilibili,179454,3983,f7d548d9-6852-554f-a779-af2ee87f9202,,,
0,阿泯MINN_Channel,bilibili,3284394,3983,b5182e37-7e53-5f78-9bf2-4670cd6a58dc,ChaosLiveSprout,e67fb222-1c4e-5f19-84da-9e8beba2c365,
0,媛小喵_Misty,bilibili,3546739369839301,3981,0767e3cb-4d6e-5658-af7a-88d725d1dc7d,,,
0,洛雨歌vs洛铃希,bilibili,412162133,3980,b1b3d6e1-7d89-5710-8c33-e0d073e1e5f3,Wenthernten,f0f6db36-c594-50bd-ae6a-5032878a8ce6,
0,吃粽子的大粽子,bilibili,18275424,3979,21268638-0fe0-5a77-8e9f-8c828cc70cd4,Vi-D,faf257d3-81df-564d-b5ae-2d9fd694675c,
0,杏戸uge,bilibili,160085,3978,51ae3164-cb8f-514e-b1d5-df9a052af54a,774 inc,15e9ec4b-006f-5bcb-bdd0-8dc56854d6f4,youtube:UC3EhsuKdEkI99TWZwZgWutg|twitter:Uge_And|userlocal:5E1F44A906752675_1dadb7
0,吕伽尔Lugal,bilibili,3461583059553138,3976,6fd35005-8681-5f56-8187-57505e2f11e1,,,
0,来杯喵吉特,bilibili,1486039408,3975,35854c08-6d62-5b89-8eb4-d88eb947b49b,天枢project,7126d95d-9311-5691-a2de-88d978486297,
0,松岛小黛Official,bilibili,37294141,3973,5e8f3121-0466-51ad-a45d-3d77d590cc6a,,,
0,噜玛RUMA,bilibili,3546387276892673,3968,6b9f78ed-a989-5c86-ba90-d0f3164283d4,,,
0,希娅Seeya,bilibili,3493274457213224,3965,3d5c2719-e1d2-52aa-8375-4caf24e93e80,,,
0,是挽月月哦,bilibili,10053777,3965,871f0a3d-582b-55cc-b779-f86728cb3deb,,,
0,天魔SkyD,bilibili,3493267886836165,3959,64005b75-d13c-571b-9841-1f4904ebfc30,,,
0,神楽すず-official,bilibili,455868077,3959,b9640e19-a9bf-5a8d-91a4-f237e8a91e0b,.Live,02f5f560-4646-5fcb-ac58-81279c7e2c1e,
0,月野奈奈子,bilibili,24214302,3956,ca34c338-db12-580f-b64d-f4dc99a021c7,,,
0,禾呈余又_Tari,bilibili,491303714,3954,685e4a34-f17f-5a0f-9503-35544d5c7b3f,,,
0,小鱼好困zZ,bilibili,3493293191072549,3949,f71aac02-187a-5fd7-8594-e098789390b5,,,
0,AYAYA白組搬運工,bilibili,3499787,3945,62fc9e85-c05f-5f1f-ac98-fcf364b47676,,,
0,原里奈奈Nana,bilibili,2143542068,3945,4f48817c-5435-5b12-8390-fbec3aa9b33e,,,
0,向日葵Nattu,bilibili,2120477649,3942,c940bc98-25cd-584a-a95b-e4868c37eea2,,,
0,权疏Aken,bilibili,629694393,3940,be5317e0-5556-51e5-8175-ef16dd431313,纸片人计划,cb8f50eb-2127-5a65-acef-df8ebe3743a4,
0,温由香Yukako,bilibili,3546683805796444,3938,3a79dc07-5669-5af9-b304-4570796d8413,,,
0,方块上的枕木酱,bilibili,66261012,3936,f632912e-b141-5765-9f99-2a6ead13e0c4,,,
0,Jiojiosama,bilibili,1673332308,3934,3f17ba5c-312e-5b8f-be0c-aad735af2764,,,
0,紫吹真雪Official,bilibili,470473531,3933,19600ec8-1604-5fbd-a3f4-d7da8881aaf4,和遥树奈Project,03e5db22-f42b-57a1-b034-48a7f5642d8a,
0,山山是小山兔_slan,bilibili,1463737,3932,c85835d4-7509-589b-85fe-3d9e6abd0882,,,
0,锦织任,bilibili,1639957199,3931,bfee602f-9ba7-54eb-af20-f0aee7827c16,,,
0,猫蒲草不是BAKA嗷,bilibili,8108301,3928,0d72c5df-8824-5ce5-89b9-572ac0089d7d,,,
0,兔三秋啊,bilibili,3493076991478276,3926,2c3b9601-737b-53bc-8f05-72fe0e92afff,,,
0,阿莫,bilibili,695018621,3921,01c38ed9-4746-5e87-aead-77aaef26b3cd,,,
0,-大咩-,bilibili,3494355476154850,3917,f58468c9-a4b9-5e8e-b891-3acc50f97d7e,,,
0,速水静-official,bilibili,504460731,3912,2d32aa53-de4a-5b2c-8485-9a3a943ae1aa,,,
0,水溶桃桃,bilibili,3546743637543742,3910,c089f128-c63a-5cf7-a24d-b75ae5358bc4,,,
0,真咲rico,bilibili,9526470,3908,ca2a5145-2b0e-5393-b005-ae9efd50e289,,,
0,见习医白忆寒,bilibili,12348381,3906,40ceb8c8-dd06-59bb-9ae4-59fec45c1e1b,virtio,66e12035-c8a0-5cb1-a5d4-365f89a544d3,twitter:ForzenMemory
0,樱花雪Yuki,bilibili,3493290743696250,3903,1043deba-026f-5ce6-99ba-4e9839df354c,,,
0,菲瑞尔,bilibili,493083336,3899,9b9b7ed4-e1ca-55b6-9398-eeddb235caa2,,,
0,维佩拉Vipera,bilibili,3493284682926207,3898,631563ee-ce39-55e7-b0bb-510bb6d5175c,,,
0,梨茉在数羊_momo,bilibili,2059039611,3893,1d535954-aed4-5d48-8cdf-6b75a5e72f47,新月社FCrescent,26092163-9c52-505b-bd98-2d5aa9060dfd,
0,丢撵xiaoxi,bilibili,18733713,3890,8c1f9b13-1c53-5b5e-b851-3291beb1329b,,,
0,阿柒_lu,bilibili,3494373811554436,3888,028fbcc0-dc8e-5a57-b575-54c7c144f9dc,,,
0,炽玖Seraph,bilibili,8944774,3887,ea90548b-1392-569d-8d36-9647efafefaa,,,
0,実津瑠Mitsuru,bilibili,2836600,3886,baf032a9-7109-58fa-8ceb-3c4d8e54e1dd,,,
0,叫我小悠就好了,bilibili,3493144437983793,3885,06bbab64-b164-56b4-8f4b-75dd8be57a6d,,,
0,凛cursedrin,bilibili,1554203542,3870,f4fed24e-b219-5f9e-8f02-3ae898bd9114,,,
0,酒语初,bilibili,3706978780055929,3869,fe522963-b135-5e74-811c-490a5b078af2,,,
0,玖肆JIUS,bilibili,1352831029,3867,ec8501b3-4741-53ca-b416-57b685c84688,,,
0,百葉凛Lin,bilibili,3493261012372065,3861,7b58113f-7ee7-5fb0-8ebe-192263ce1647,,,
0,朝雾萤Official,bilibili,525545129,3860,be1ee63e-6435-579b-980f-5053140c5903,,,
0,赤爪Rclaw,bilibili,3632304475867164,3857,0a8424ad-1e46-5a21-8d1b-2b6e4733ea09,,,other:https://www.douyin.com/user/MS4wLjABAAAAYpmbhWfKjd7KrZSaLBbDpJZQbghqKvVXssM5cf-HtbQ?enter_from=personal_homepage&enter_method=follow_list&from_tab_name=main&is_search=1&list_name=follow&nt=0&tab_name=follow_lish
0,伊伊-fairy,bilibili,351247191,3856,9f585362-df6c-521d-ab0b-cb9083d347ad,,,
0,久梦小二百,bilibili,550757271,3849,278161ae-bbb7-5866-8e02-876ab2c6fc50,,,
0,叶小莓-ichigo,bilibili,519739,3846,58010af6-0e4a-5e44-8980-19a40a7b0dd3,,,
0,兔泥nono,bilibili,11842502,3845,379a59f4-7ae7-5d42-ba1d-0d050de66c69,甜瓜社MelonLive,863b38a4-e1fb-5d0a-8d0c-89c54abbad35,
0,祢夜十音,bilibili,3494353624370039,3845,32bebffd-9fc2-51d8-9c46-15182994985f,,,
0,金剛いろは,bilibili,12645374,3844,d77eb52e-b44c-5819-9972-aeae9952b92d,,,youtube:UCiGcHHHT3kBB1IGOrv7f3qQ|twitter:KongoIroha|userlocal:1DBC5193FCBBB92D_fd173a
0,晚樱幸禾,bilibili,3546652019264158,3840,fb5f4e55-18d4-5a20-aeca-b7888cdd6640,,,
0,麻仓由衣Official,bilibili,2114310139,3839,7dde8195-5220-5e4b-acd1-8668d536239e,,,
0,天仓五Alice,bilibili,126401,3837,2f26f989-1e55-5da7-a41d-2b258bccb466,,,
0,白金克星Official,bilibili,107151862,3837,1986417e-40b0-5f45-bbf7-3a211df4bc79,,,
0,基菈KIRA,bilibili,3537104843835767,3835,f07a2117-cac3-53c7-a87b-6372357229ad,,,
0,鸽几zZ,bilibili,3494356591839278,3834,d2327540-5174-5a58-bd80-c5e43499e667,,,
0,巴库希娅_Bacchusia,bilibili,3461570917042909,3830,c96a5367-1bf0-5587-80b0-678beef38fc3,,,
0,碳鸽Official,bilibili,66548288,3830,9bc888b1-0ae8-5c22-8fb3-c925e5c9e81e,,,
0,海月灵音Aria,bilibili,3707017149549222,3829,8b8a77fc-a751-5ca1-b05a-78620df3a772,,,
0,鸫璃子Tsugumi,bilibili,10038064,3828,01967059-073b-5879-9693-ee37584c48bf,,,
0,卡酷音kakuin,bilibili,3546580686735738,3827,41a609c3-15d6-5698-9a28-bb0056c48b15,,,
0,神山灵龟,bilibili,1761620274,3827,50ea6edd-e6fa-5b17-adfc-d3b6b3f948a4,,,
0,青焰Zara,bilibili,3546591044569440,3825,2b99323a-0f05-5371-b555-5bf0a5c22ce4,,,
0,朝夕池Oasis,bilibili,3494358395390395,3824,fa0ca399-b4e2-5469-962c-2bb484c7bde8,,,
0,KANIJAM,bilibili,703125989,3823,e39a95fb-aad4-5a96-a350-9cb33f9ebec0,,,
0,浑铭Lianve,bilibili,19814493,3823,31185499-91d1-5798-a987-68b33d84c376,,,
0,莓可_Meiko,bilibili,386201604,3819,a7ecfdec-fe88-5016-a70b-0768d148ed9b,,,
0,風花りんofficial,bilibili,1379179819,3819,683bcc20-024b-53d3-8100-43c91e34a3cc,,,
0,炸炸毛鲨_罗修channel,bilibili,204965,3815,fe041269-2979-5a2b-8ada-472df1e9f139,,,
0,零酱Rei-chan,bilibili,85690958,3808,42fb0391-9482-5d2a-9309-b85c02089dd0,,,
0,鱼兔子哒哟Official,bilibili,14131991,3808,7411f538-2dfe-5a71-812b-1c780a04ec3b,Vi-D,faf257d3-81df-564d-b5ae-2d9fd694675c,
0,白芷卷,bilibili,1958593681,3801,5b8c1419-6a96-559a-a1c2-023e1cc63ca9,,,
0,愈曜,bilibili,478148524,3799,aa7d1dbc-0aea-5f89-8469-a26bf749a6cf,,,
0,林钡钡_翻唱少女,bilibili,3493288455702855,3799,2d887466-5737-58b5-a67e-d557379f9a08,,,
0,蓝冰_Channel,bilibili,560887630,3799,4dc65334-1389-5234-9941-4e7903015653,纸片人计划,cb8f50eb-2127-5a65-acef-df8ebe3743a4,
0,Haruru_Official,bilibili,3494353257367739,3797,949fb22b-6aec-5014-a445-cf24d2ae32ca,,,
0,倾妤笙,bilibili,3546573233457523,3794,6564b57a-ebc5-5280-a7f0-4029883f7a3e,,,
0,屠妖琉璃official,bilibili,550655637,3793,fc007254-c776-5ab1-a7c3-4aba42991840,StarrySky战姬学院,2a539dd2-fb7d-578c-8730-153bb8874a62,
0,蛋花天天开心,bilibili,657528,3790,c9232023-4892-517d-bb84-220d87798bfc,,,
0,诺伊梓noises,bilibili,156868538,3790,0e3874ad-1714-56e3-9a22-09754585bcab,,,
0,鱼泥啵啵,bilibili,3546820009527926,3790,4f85b3eb-865b-5739-afed-8fff765d8f5c,,,
0,木泽知己,bilibili,396001169,3789,e4ab71b6-8bb9-5a69-8ec0-7f7886b1c292,,,
0,阿叽丫,bilibili,5711588,3789,4f012f72-4177-5281-bc84-0fe7fa11fc9b,,,
0,涂山婉婉OvO,bilibili,100488773,3785,32566aa6-b123-59f9-b533-a26820382085,,,
0,黛娜Dinah,bilibili,1141456914,3777,39c7b5a6-0cee-54b5-b597-7943b252b9d1,,,
0,Yuki居居_nya,bilibili,2141017,3774,fe83b7ee-2713-5eb8-9ddf-7f2d1559a43f,,,
0,迟迟月ovo,bilibili,3494377588525481,3773,bb3ee153-95a9-57cb-9702-9c7d13db62a9,,,
0,ふたもちやまいOfficial,bilibili,1014297157,3769,177064cd-f3ce-534e-b066-14123ddcee2f,,,
0,七华镜,bilibili,402370331,3769,3e32c536-fe01-5fa6-97a2-ed5996571acd,幻home,61722433-dfba-5899-a5bb-fc9229f1f62f,
0,艾克豪Alcohol,bilibili,498462168,3768,76bd83ae-720a-50c4-9d7b-5e6d3b7e28aa,,,
0,角鸣,bilibili,3493093668031093,3768,6198f641-8776-5a4c-976c-22c88cc4b400,吾音坊,09f99c31-d239-57a5-b727-26c0f8651de5,
0,欢安呀,bilibili,3493293069437239,3767,d2acada0-4e45-5803-b6d2-4a8d14bdc696,,,
0,伊斯妲Ista,bilibili,85781500,3766,22d9c266-253c-5fae-8f4d-93b5a5e1a577,,,
0,海栖深水,bilibili,1479945,3766,8fa3049e-4331-5db6-b266-a000a355af60,,,
0,珍爱网,bilibili,1649761300,3766,4977a096-1990-556e-aed2-ce1b8045ea31,,,
0,米苏_misu,bilibili,1351633792,3766,e5bcbf97-3316-58c0-8dfc-9af612a1af5f,,,
0,球椿椿Tsubaki,bilibili,3494352324135482,3765,4ac2093c-c2ee-5247-97d2-fa39b0fb07d7,,,
0,鹿崽swag,bilibili,281460017,3762,fddc7f17-fb1c-55cc-a3e8-825b8579584d,,,
0,小知Caleenna,bilibili,26224612,3759,a0dd0556-e0e1-5aa2-9ff8-72c013cf5a14,,,
0,呆头兔,bilibili,3493283393178433,3758,29c37fec-1dcb-5b4b-9543-205bab743fcc,,,
0,安河Anher,bilibili,24785456,3756,76f9c8fb-58ba-5273-986b-2eba2ce378ef,,,
0,温彻思墨,bilibili,285763930,3754,8a35a6f9-0e16-50ef-b5ed-e888e593bb3f,,,
0,熊初茉,bilibili,153090305,3753,4f9e0445-322e-5afe-93ca-6995c60f22e9,,,
0,帕洛特,bilibili,627360567,3752,7ba80e8f-7674-5d52-b3ea-e74bd51e15be,MZ次元,8d3239cd-4811-570e-a968-7c582e46ead0,
0,尽憾Eleanor,bilibili,65365286,3748,b1e70ace-3195-5241-a7cd-fde241a09de2,,,
0,无神EmptyCity,bilibili,39987155,3748,16d2372d-28ca-5575-87ba-e1e3324733ed,,,
0,一块小年糕Saki,bilibili,3493287405030232,3747,6ec34aa7-e64d-52d2-b74b-a193923bbaa4,,,
0,青木ルア,bilibili,414840678,3741,fcfaeb97-6a40-5075-b969-d33394f9edaa,コーロンサス学園,a43eee3d-839d-54ff-90cb-d9045437de30,twitter:AokiRua|youtube:UCUk_c9wgSFL0Jj3oOTEmDzA
0,樱和,bilibili,1719558482,3738,a488f9ed-c3d0-5392-bab5-c5346889dc14,,,twitter:sakura_n753|youtube:UC0GErsdTh7BijpLG7Qd-gpQ
0,梅林-Channel,bilibili,1126480831,3737,a080a654-108f-543a-9465-112843dc5360,,,
0,妖妖_Severe,bilibili,351889197,3733,7ab8335f-e511-5855-9c71-535f524d2b14,,,
0,樱井乃爱Official,bilibili,10351999,3731,9061a074-ceb1-5cc1-917d-69db803cfbb7,ChaosLiveSprout,e67fb222-1c4e-5f19-84da-9e8beba2c365,
0,蒂奇Titchi,bilibili,1003026345,3731,5ea36081-614a-581b-a4d2-31203aca6aee,,,
0,wtyyyyyy,bilibili,16956692,3730,2320745d-0b38-5f66-825b-075b438c4e2e,,,
0,Eki,bilibili,155971,3729,b4c75ef1-9883-5f7f-ab01-309061da1f89,,,
0,白云kim,bilibili,1373752236,3729,e0889b64-0b95-5684-b2d6-c216b6e945ae,,,
0,木又_Official,bilibili,3493141134969189,3726,ae10c553-c942-5676-8af1-4c69b4c2e80e,,,
0,灵啾啾ozZ,bilibili,40247691,3726,93c051f2-67c0-55a0-9040-73da700a3dfa,,,
0,露元,bilibili,3493295181269428,3725,c2f97ea4-0afe-5f5c-943f-a2abfd3d8a54,,,
0,茉翎Lene,bilibili,3546903155312757,3724,ac041237-6e2c-525f-bcee-bf7cdc6ba123,,,
0,哟哟io,bilibili,3493131651647686,3723,8f11a9c2-917a-548a-aadd-d64ff824ff10,虚研社,d7af6703-ed00-53bf-aa46-0d5cf679925b,
0,银月舞阵_Luni,bilibili,3493292132010821,3723,1529d870-9d59-515a-8e68-38d8892ea0be,,,
0,想冬眠的呆呆狐,bilibili,3546800262744876,3722,bc054704-4d4a-500d-9818-fe9f4724d620,,,
0,凌喵咲夜_Channel,bilibili,84202865,3716,36c8ed26-3cbe-5474-80e7-ef484f4cb2c3,,,
0,骆驼巫,bilibili,296133,3716,a674df3b-3fcf-51dd-bd3f-35752f88655c,Vi-D,faf257d3-81df-564d-b5ae-2d9fd694675c,
0,桃沢白夜_channel,bilibili,906279,3713,23d809b9-713f-5171-b132-21d147d3786c,,,
0,NaCl氯小钠,bilibili,40753781,3711,368e2013-531d-545f-b481-f29e78e5bcd5,,,
0,町田ちま,bilibili,19959581,3709,396bdd6f-288b-5f7b-afb1-19ce9aa5492a,NIJISANJI,5da64d9a-b5d2-5f3e-ae3c-35ec6aa42492,youtube:UCo7TRj3cS-f_1D9ZDmuTsjw|twitter:chima_machita23|userlocal:C37E2D91B00B26EA_e06cce
0,芙光Hikari,bilibili,23325633,3706,b71341c3-a78f-51da-bbd9-41a9e119f9a2,,,
0,心左Shito,bilibili,1992677061,3704,818c1e27-34e3-540c-a976-70a17f9bf1a1,,,
0,小松崎梨乃_rino,bilibili,1731746796,3703,0dc4394a-4988-5e94-9e2f-4f5d875a6978,,,
0,祢鹿_Mint,bilibili,3494356690406251,3698,b93899f7-8df9-5f8a-8f06-a7cd1994d359,,,
0,塩田伊緖Official,bilibili,609950762,3696,d2a9649f-1651-5fb2-bf95-445812e2134f,,,
0,哒咩咩だめ,bilibili,25649402,3695,c3fef889-d704-5c8a-834d-f56e7cf6b181,,,
0,夜音Yorune,bilibili,1015944851,3695,c66f3d56-f7b0-59df-b82c-d0e8f9eb7687,,,
0,小吉急急急,bilibili,3493137800497830,3693,90861200-6ac8-5cdb-86fb-df0f2313bee2,,,
0,兔原阳菜Hina,bilibili,3546568189807591,3692,e2fc77dc-5ff7-5ac5-b146-e753672eab80,幻想社Fantas1A,5074200f-7ef8-5480-920e-6c21f74cedd6,
0,Virtual格格,bilibili,296922215,3687,e8b26432-217f-586a-b1dc-4fded1afe37e,,,
0,一口锅煲柚,bilibili,3546627771992337,3684,a05f74df-c97c-5137-827d-e3e2c6b1726b,,,
0,小橘星星,bilibili,510515,3682,47925498-0934-5a61-993a-794244ab1bca,,,
0,水母-Jelly,bilibili,548121269,3682,fc39d15d-6954-511e-8f90-af1c86a77eb8,,,
0,爱莎库娅sakana,bilibili,3546568697317654,3681,2f3b903f-bc51-5e15-b4a2-47b5a894d51a,,,
0,诺薇莉尔Noveril,bilibili,3493126280841251,3678,e323f38e-df57-530a-8d9d-38295d6c5b46,,,
0,弥弥Chain,bilibili,3546597738678706,3677,519ebc2c-a96a-514a-926a-d52306428dbe,,,
0,雪芙猪猪,bilibili,3494350940015034,3672,04c4302c-765b-5f73-9bce-dee8e1685e63,,,
0,莱鹃Azalea,bilibili,24354465,3669,649405ed-93c4-5723-ad85-354036080c77,,,
0,盐酥鸡悦_,bilibili,219507,3666,9758a61a-fce0-598d-a8d5-10848add8fd9,,,
0,瑜瑜大王Yuuuuu,bilibili,22792823,3664,5eaa9413-27ea-51e6-b6dd-4b87daf1b374,,,
0,甜茶兔Tian,bilibili,3546389174815100,3655,661d19fa-0ac6-57bc-97d8-a7deaf2f94b8,,,
0,路西菲尔Official,bilibili,12587793,3655,1efeeeff-9b31-5e4e-b469-17ad3c06f9f4,,,
0,桃沢Yuria,bilibili,9125534,3651,10e88635-cc9f-5e42-89a3-813f12605866,,,
0,江书珩Clover,bilibili,3546819575417483,3651,fe0ad0a7-aa28-50c7-af49-e0b3b58d9cb9,,,
0,落子莯是酸哒,bilibili,9103339,3651,3f64e901-32bd-5772-9f60-f7afbaf8e00b,,,
0,九条真宵Official,bilibili,2474047,3647,cffc2dd7-5335-51c8-8160-21b70eec6ce7,,,
0,未来战姬zero,bilibili,3494356927384280,3645,244c307d-9e84-59b5-bb44-6f6d7ff26b70,,,
0,安啾啦耶耶,bilibili,3546962678778007,3643,fca271d3-1d7b-5e87-a618-7ee36e3e1979,,,
0,波波卡塔,bilibili,3493261440190723,3643,a97012e1-d526-5725-9a63-8d16fef52d67,,,
0,雾笛蕾奈,bilibili,1083699315,3643,2111cecc-b9db-5acc-84ee-aefa432f932d,,,
0,困困小崽汁,bilibili,3537107121342516,3640,692fe055-6113-59ec-8b98-01ccf1d596a3,,,
0,佳澄Kasumi,bilibili,314513297,3638,09f6c1f5-5231-56a0-9e21-1d4be7daefc5,纸片人计划,cb8f50eb-2127-5a65-acef-df8ebe3743a4,
0,变压崎,bilibili,19493463,3636,bc8656a6-4540-5cb6-9c18-53ed8ee87c96,,,
0,卜糖Bobo,bilibili,1387302176,3635,9f886bc6-587c-5fc4-8784-0f71dfdc2fc9,,,
0,耳可家的猪蹄子,bilibili,14485806,3635,7704e91a-0ade-5d14-b3e6-bb3d466222df,,,
0,虚拟睡眠,bilibili,406135,3634,76aa1971-a453-58d5-a182-27c42e6dd43d,,,
0,希洛Shiro,bilibili,4613840,3630,7fbc3968-4042-5433-b859-b3872bc07075,Vi-D,faf257d3-81df-564d-b5ae-2d9fd694675c,popiask:Shiro520|acfun:33133627
0,红墨-Official,bilibili,23777740,3627,d32ea24d-a45f-50f0-a334-3b9142af9be2,,,
0,高坂曙曙_Yoake,bilibili,1212362846,3627,9510a23e-aacf-5879-9f9e-f6d07f3cfb9c,,,
0,捕心兔Maso,bilibili,3493116931737713,3625,cf968114-96d2-5a33-b893-8515a34cd1eb,,,
0,米璐Miru,bilibili,690519273,3624,b44de6d1-48fc-58ca-9ad0-76952c5e3396,,,
0,祁谣啊,bilibili,1844405454,3623,ff0b4710-6dd8-527a-98ac-7c85306637c3,,,
0,纳小兹OuO,bilibili,7974779,3621,b3aaadb0-d78d-5d3c-bd2d-1efdcfa62122,,,
0,樱海棠,bilibili,404900747,3618,044b5106-7da0-5fd8-9fc4-7d1d486e0ef6,,,
0,露茉lumo,bilibili,3493105061857961,3617,dd237cc2-9854-578b-a2c3-61f7b669c11d,,,
0,可夏Kioka,bilibili,3537108773898658,3615,da83b6e6-db74-5387-aa30-bbc64985d126,,,
0,傲可Aoke,bilibili,581920409,3614,b8a5adb9-32a6-5cb6-91e3-36fd4b61bf6d,,,
0,米艾尔蜂蜜Official,bilibili,588700067,3614,9fa39cbd-bee8-59f5-9c52-fefac6ce6c29,,,
0,可可昔狸_coco,bilibili,3546618213173939,3609,53c5cb0f-1b5a-5bc9-80a4-a2cdcdbe2dba,,,
0,姜澜_knight,bilibili,1730887835,3605,4da30e11-0a8c-5585-a011-7b23f9f61eae,,,
0,崽犬丸,bilibili,3461581727861374,3605,bccfef2c-34ab-5119-a0d7-81b00b2af28b,,,
0,米莎ミサ,bilibili,408231448,3603,c0873068-5e0a-52d8-9c62-965270b95012,,,
0,叉烧Chashu,bilibili,455794,3602,d4d80ab7-bf37-5571-9b6a-5e7afa7bcca7,,,
0,星乃和歌Uta,bilibili,671738413,3602,042baf93-cf6e-5650-bc1c-2b39afa064d1,,,
0,a小鱼冻干,bilibili,1656816652,3601,e99e0536-fd08-520c-867d-09da57137a7b,,,
0,希尔shea,bilibili,262422796,3600,9ab0de80-a35d-5600-8833-025c7857f429,,,
0,莓露莎Official,bilibili,628276383,3600,923df64c-b5df-5264-8d95-c4a429fd438e,P.K.S,9fbdaca0-7e23-551b-83ce-22c60b226c51,
0,奶优纪yoki,bilibili,15033230,3599,8e8a9892-6f2a-5cc0-8042-b1228e3f1a8a,,,
0,鱼汐汐cc,bilibili,3546558521936083,3598,b7c1d1a6-8f58-54e4-b442-51906dcac63e,,,
0,溯影,bilibili,541510,3595,a7fd5d37-005c-5bbe-8634-0b3e935f5bb5,,,
0,Aeroides艾茵,bilibili,1516083,3587,f9e022b4-b20b-53e1-9f70-94045665cc55,,,
0,坏坏,bilibili,3537114767559066,3585,8b404c61-0f7b-5ad7-aec5-d8b89dc5dfb2,,,
0,小由浅,bilibili,1391272765,3584,84824ee7-f9bf-5627-b8c2-f591dcf4f1b0,,,
0,星软oi,bilibili,29162273,3582,8cd3e614-07ee-5352-8c8a-8baa0d30eccc,,,
0,尼尼Minnie,bilibili,3546561457949008,3581,1b7168c6-d44a-5510-be14-06b930cb5b97,,,
0,别洒了浮狸sama,bilibili,4464548,3578,73d6dd8e-b041-5769-a6cf-e068cda57e1f,,,
0,苏棠shine,bilibili,3546838244263993,3577,e6ca5c92-0d12-5690-9ce8-d070b0918150,,,
0,早陆deer,bilibili,66827608,3576,0d3217bf-0d7a-521e-b7bd-460e24eeb868,,,
0,奥拉OraCleve,bilibili,3493119379114337,3570,657ffd7d-792c-5ba0-b364-e7d794aa1ea8,,,
0,寂星-Official,bilibili,3707029101218233,3570,3f8292ee-6ade-5145-b629-2a48fa61841c,,,
0,艾莉雅_official,bilibili,1350897322,3568,56bc9b73-399a-5081-8514-4e3fb55fd89d,,,
0,幸运小甜饼o,bilibili,1419773922,3563,94f646ac-8926-553c-8638-9032ebbb8fba,,,
0,一颗秋秋御糖,bilibili,3546876143995121,3555,dc68dc28-b683-5da2-9ba0-7112f957ae01,,,
0,天使かやの-Amatsuka Kayano-,bilibili,1922761275,3554,ffd47345-d0fb-53e5-b155-50d4592f8d85,,,twitch:sexyxrabbit|youtube:UCaBNbbikqjXNn8uKBMVj-cQ|twitter:Amatsuka_Kayano
0,六口萨Sa,bilibili,3546850544061289,3553,ea5e5997-1f1f-5445-a78a-3b87be81b00f,,,
0,小糖包呢,bilibili,25725435,3553,8e8859c2-9664-51e0-8cea-1f0414015e0c,,,
0,芙希希CcZi,bilibili,11794236,3553,57d471fd-e65f-5452-82e8-0b748ebcc834,,,
0,海九,bilibili,3494368591743486,3550,01135db1-7a09-5e94-8745-82d6ba559d51,,,
0,潜衿,bilibili,2055858628,3549,15972b26-6063-5231-ba28-5d4bb274f004,,,
0,箱丸美咲Official,bilibili,601993220,3549,4a79bb90-18cb-59e9-b016-c43798957466,,,
0,粉蒸肉鸭ovo,bilibili,3493134996605010,3549,5939abe4-c59c-5090-bf7d-ef682e9bbc3f,,,
0,樱井遥Officia,bilibili,1360503484,3548,0aedda30-523c-5dbb-8ebb-80995631c80e,,,
0,乔蔓蔓w,bilibili,36991809,3546,ed7d33a1-2b25-5c62-9dd0-077770d5615d,,,
0,栖野澄,bilibili,3707054908771138,3546,046dc6cb-8b0e-58cd-a9a1-99f3bdef2173,,,
0,三方水,bilibili,3493295739111915,3544,ef087e29-683f-5bb5-98f6-ad2900b900ba,,,
0,花祈祈_haki,bilibili,3546954162243807,3544,e4d58f53-df18-5b12-abc6-272d1c4efaae,,,
0,牧野流,bilibili,4377139,3543,8c5bbd67-e455-5db1-beab-cde6fd423902,,,
0,纳曲星星Naqueen,bilibili,3493259521296634,3541,6af0217b-e0ef-5feb-818a-24b60da2d7e5,,,
0,心月花恋,bilibili,3036942,3539,2a38b412-f184-593f-89b5-14acf7179b2c,,,
0,晓杰Official,bilibili,23440058,3538,e0e24106-68e9-5560-ab03-a525e15f0f7e,,,
0,霜翎雪carin,bilibili,17887284,3536,89900ffc-b3ba-5be7-9f7a-2d0cc543a37a,,,
0,低音鲨channel,bilibili,1530836,3535,689b0ecf-85f0-5250-8e28-fcf9aa550ba6,,,
0,小雨甘nya,bilibili,3493081397594923,3533,8d56146d-ef37-5c44-9934-bc44e476cca4,,,
0,月伴Luna,bilibili,15778044,3531,db2d8221-7cb8-5601-9ce8-3d887da50bf6,,,
0,汐理Mitty,bilibili,22207703,3530,3b69c672-3411-50c1-861b-8b63d84e7f38,,,
0,玹碎之晶,bilibili,3204673,3528,a2a9ec3a-01c9-5494-94e8-32e556d4005b,,,
0,小欣点咯,bilibili,3546770957142099,3523,fc1c345f-6589-5c49-af49-dffedd12d59d,,,
0,鸣砂Nasuna,bilibili,1627014,3523,9e18a0a1-e9e9-5ad3-9c72-7118e4c777df,,,
0,电気壳壳Kara,bilibili,2022787460,3522,2f9f529a-f862-522f-a1f7-cfe515b5a209,,,
0,里哀ria,bilibili,8105424,3522,a4ca2e0e-247c-5bf6-8a9f-327c61d91aa7,,,
0,谷咕咕-official,bilibili,1666306454,3517,a0cadae9-a796-538a-a171-7c7998604083,,,
0,柿柿子Cc,bilibili,1670033305,3513,3303c8fc-d6d7-54fe-9ca0-1340d88ca42c,,,
0,樱井アリス,bilibili,9286554,3513,605059ad-6bbb-5588-9432-895988ee3740,,,
0,小呀么小甜心儿,bilibili,1087334107,3508,0059ee5c-5f46-5537-b1df-97276e015d9a,,,
0,甜心smilebaby,bilibili,471346034,3503,c170dba3-4f57-5110-987a-1d3de03afeed,,,
0,伊德雅,bilibili,384941915,3502,3e879250-53f6-5ffb-b144-9097289711d1,,,
0,花梦玛丽亚Official,bilibili,1784943007,3500,2eb89d4d-71be-53df-91d5-546b610f0157,,,
0,卿滟,bilibili,3546393562057502,3495,9d943513-ec2f-5e75-9316-680c4d9ae57f,,,
0,瑶铃Riney,bilibili,3546894607321152,3494,bbce0060-35de-51bc-b5a8-cf6811540753,,,
0,凉栀Tiphareth,bilibili,3493267270273682,3492,b880e571-216e-5612-8b8c-641897096fc6,,,
0,夜炭苍yozumiao,bilibili,7280262,3488,a9511474-9b49-5f09-872e-70e0f3a20290,,,
0,卡巴拉kira,bilibili,1836714320,3487,04156f7a-be42-5b60-9d91-108b815a9d30,,,
0,末世音_Official,bilibili,431272599,3487,dcb6cde4-7d2d-5f64-b8c8-f44d06e228a1,,,
0,莉薇娅Livia,bilibili,1834503102,3481,0ae87636-b2d6-538f-95ae-f7f2ac713e63,,,
0,凛宫鸢_Official,bilibili,18148734,3480,c162eb06-f06f-54d5-99eb-c2e180a17a29,,,
0,鈴華礼奈_Official,bilibili,8258674,3479,a1e4df21-75c1-5c5f-9db3-cd1a17101ece,,,
0,卡埃拉・科瓦尔斯基亚,bilibili,1795718061,3476,d7ab7205-7494-5131-bce4-5cd0ed9b1bf3,Hololive ID (印尼分部),0c089df5-5af9-50fd-94ea-b469b6847d0f,
0,羽真,bilibili,3493108442466769,3476,1fee0c4a-11e6-51fa-9ee3-6d201bfaa00a,吾音坊,09f99c31-d239-57a5-b727-26c0f8651de5,
0,观月怜,bilibili,2015365,3476,fda4482f-2d34-5354-a94c-a83d94d3d53f,,,
0,绛紫,bilibili,470654959,3475,036565e5-6276-581e-bcfc-894859ecdc31,,,weibo:7293163775
0,橙栀REON,bilibili,30281979,3474,234fd75c-c00c-55a5-8175-b93fc452ff1b,,,
0,露比Lubia,bilibili,41953957,3472,a94856c8-f3df-5315-af7d-d6758de14fbe,,,
0,乌莉耶尔Begal,bilibili,518299247,3471,2b8d86d3-ecb5-5970-a072-eb386dba7cc7,,,
0,鹫见咪咪,bilibili,3494377506736668,3467,4d7841e7-89a9-5ae5-917d-10a6a4b171bd,,,
0,栗啾啾JoJo,bilibili,783411,3466,f32d345f-cc33-5921-a56f-a5c58a748be2,,,
0,春困拆脑,bilibili,3493282875181810,3465,d155e0a3-554d-51bf-9399-ac4989eb9487,,,
0,哈特-hart,bilibili,1715592686,3464,bae55fb7-18a1-5abb-8096-2abaee1829cd,,,
0,啾啾Qiumi,bilibili,3494355650218157,3463,35bd6175-b097-50d4-8a9d-c8668d707806,,,
0,Doki满满,bilibili,3546830939883938,3462,f4a5c68f-f727-535d-8a12-8b0617ed41d3,,,
0,诡羽,bilibili,3493081628281391,3461,09277f2b-7fa5-5765-ba8f-a5892a1c1887,,,
0,艾芈莉,bilibili,1510174854,3459,9ca8b19c-046c-5881-b5c8-ee505c964a16,,,
0,奈奈子_Official,bilibili,255091296,3458,8739a0ee-5554-5466-89a4-7fcc6c172083,,,
0,魔希みちる,bilibili,317517440,3457,256944e7-d158-5b1a-8a33-462a0f1611d7,,,
0,蓬莱寺樱花,bilibili,488053,3453,ee7dcc3a-3891-5c20-9c40-5ee8b0f744ec,,,
0,紫儿是七妹,bilibili,382725366,3452,78e1293c-01d1-5e7e-b43a-489f4dfa4b5f,,,
0,莱尔Official,bilibili,668710878,3452,b233fadc-33a9-5b49-9222-995498211b2b,MZ次元,8d3239cd-4811-570e-a968-7c582e46ead0,
0,珑歌Taki,bilibili,3493275287685266,3450,1768e48d-02a9-5dde-8397-963aae85b63c,,,
0,椰思,bilibili,1723346846,3449,3e1356df-8737-517d-b07d-b91e3bc09f8b,,,
0,比良坂芽衣,bilibili,414753292,3448,569c5141-dcfc-56d6-a2b5-ad1f8a18f754,,,youtube:UCckQQRZVF9x2GjroBjNIX_Q|web:https://www.hirasakamei.com|twitter:hirasakamei
0,冰见依雪,bilibili,5087268,3445,d59721b8-7d51-5163-adf4-650872042760,,,
0,路奇Luche,bilibili,626628,3443,ffa9f8a3-a625-57be-ade3-7a223a5719e6,虚研学园,da7a049d-15cc-57f9-bb68-49af75ad7b52,
0,_山黛,bilibili,34303469,3440,5e4401e5-b016-5226-9764-837697b721c1,,,
0,喵猢Miao,bilibili,693475311,3440,e53da6da-48a3-500e-b4c1-20c8d5419af8,,,
0,六角Rokkaku,bilibili,15456227,3437,f988bbd1-0e10-51c2-ae68-45d564e74598,,,
0,希芮妮_Syreni,bilibili,3494361601936022,3437,ddea8789-a816-5124-bb5a-dbc567e94d0e,,,
0,鈴木骨兔,bilibili,443039029,3433,2c38c0d1-689f-5f9a-af42-f7a85679e310,,,
0,一只景初,bilibili,3493296900934161,3432,40d1f715-9918-5bd1-b2f9-14be6781384a,,,
0,琴南和希,bilibili,28772651,3429,3b161709-1c7c-59a9-86f5-32b01a009651,,,
0,花惑千枝,bilibili,3461572743662304,3425,c475c01d-92c0-513e-a4ac-c9a7d7a425ea,,,
0,竹九氿_Nn,bilibili,3546648470882884,3422,5e9878de-8ed7-5bd1-beaa-01dbe2a74f9d,,,
0,奶油Kuromi,bilibili,3494349734152273,3416,c92bf0df-0a4b-5961-addf-2ffe8acd1d73,,,
0,山海记行,bilibili,477975723,3414,45f2a22b-3b8b-5f68-977a-0a19c4571a1a,,,
0,星野琉歌,bilibili,1214210843,3413,df01f4f8-b378-53e1-8790-7a878f05284d,,,
0,橘橘Lelia,bilibili,3493086105701153,3413,aac0fdb2-e5ef-565f-ace9-6eaeeca57012,,,
0,梦雨凌,bilibili,2002793,3406,bdb98ff1-b592-5963-9a6e-3a68d5329de2,玹云社,a629223f-5cb6-50df-8d28-5400b4d1c497,
0,啾啾脑子不转啦,bilibili,3638515,3405,ee9ef02d-ccb3-5615-bfc1-7cfb90b97c28,,,
0,灵宝er,bilibili,3494351353153718,3402,1d785cca-535a-55a3-841d-190fcd1432d6,,,
0,提尔忒Thelta,bilibili,3493143928375746,3401,fd207430-86c8-5a9b-bf70-7548a7e5bf57,,,
0,修明Alexius,bilibili,1312637331,3400,13a6a795-93bf-5b73-be6c-ee22ace6df82,,,
0,伊欧凯清流Channel,bilibili,275529510,3399,1136fefe-98cf-5fb5-95ca-a7c5d09e8262,英灵殿ValhallaClub,9149cba3-59e7-5dfe-84a4-4a8d3280de91,
0,神谷Neco-Official,bilibili,73368479,3399,f80377c7-73a3-5c07-ae99-7526ef358853,,,youtube:UC5cbSyFTohO2_PJAqr-6NFA|twitter:necokami3
0,昼夜_Chilly,bilibili,3706962250303984,3394,56e61cff-2d38-5517-8bd4-a83152c0ef46,GravityS Project,3dfee54e-d852-5781-b361-5b71c3d16b84,
0,橙子滚呀滚_,bilibili,86722859,3393,02c1e0a3-0cf3-5ef6-965d-1c4ef75e2207,玹云社,a629223f-5cb6-50df-8d28-5400b4d1c497,
0,春日桃絵Momoe,bilibili,3493131144137197,3391,3d18a28a-bb11-5942-9443-7bf2c3f66040,,,
0,盐月明日,bilibili,927813,3391,1f07bd72-bb86-550b-a84f-8407d948c210,,,
0,空条粉喵Official,bilibili,1563548,3390,8629ae0d-c717-590d-841e-b8a3b255d7a2,,,
0,Nokooooo_,bilibili,1599316734,3387,38c1f007-927e-5995-8702-aae36997a9d2,Palette,d0827515-9a79-5e6a-b445-b1145bacfea4,
0,三日月千留Channel,bilibili,1118842758,3386,f67a8010-9b47-5380-86ae-03a5dd5ba6d7,,,
0,蜂屋響_Channel,bilibili,623268547,3386,4b1489a4-bda3-5086-bf02-a7c989a2a1b3,,,
0,龙梓钰,bilibili,3493136347170901,3385,0a04e4ef-4741-576d-b034-77a27a7823e6,,,
0,雪兔不能吃,bilibili,3493089255622797,3383,51186d00-3643-56b2-95cc-9ac8f6f47601,,,
0,早川凛Rin,bilibili,5856747,3382,7258368f-d699-56c7-8bad-0ed9657b2e87,,,
0,慕十七-koi,bilibili,1781724476,3380,2e6bb0f2-3b78-5444-9094-e0b895b8e22b,,,
0,柚姬yuki,bilibili,6986688,3380,937fa9eb-0106-5ee1-9ab4-0563d7bb4e26,,,
0,哈妮_HoNey,bilibili,3494367343937945,3376,0d351f07-be3d-51a5-b38c-084e00e2ce1e,,,
0,鸟羽穗Tobaho,bilibili,1237941945,3375,84cb2168-67d1-5aa1-9df7-14da6efceb4c,,,acfun:61528873
0,鹿時零,bilibili,203781439,3373,47ca485b-9de1-5768-aee9-b1c25f748ce3,,,
0,泰涅弗里斯_TRNE,bilibili,167461144,3371,d5a1d3d7-234d-5a40-8f0a-09247e9547b7,,,
0,希希家今天的饭,bilibili,4271975,3368,baf182e2-0fb2-529d-9c8a-72fd464b2e8d,,,
0,鱼小眠oO,bilibili,3546593412254668,3365,01f70d30-0b96-56bd-a451-2ee7430d8d02,,,
0,一二三-Hifumi,bilibili,1204068176,3362,5ed28032-5b74-5f1b-8bd8-f305af967212,,,
0,帕沃莉亚・蕾内,bilibili,3546799874771223,3359,75ff2f18-70b2-563b-a61e-54bb47745860,Hololive ID (印尼分部),0c089df5-5af9-50fd-94ea-b469b6847d0f,
0,神乃光official,bilibili,1506615770,3353,6870b0ca-5fb2-5766-b02a-5e09097e148a,星巡学园,6506d485-2cbc-552f-9337-6d4fc2d9b7fd,
0,嘉利奥奈_Galeone,bilibili,3493137135700090,3352,90c5642a-7885-56f2-983c-7b223dd559e7,,,
0,我妻幼雪Yukiko,bilibili,3546671491320308,3352,0666a806-cb9f-579b-9522-fd169c357f76,,,
0,莓栗娅Mariya,bilibili,3493265789684490,3352,11ffc8c9-7bf2-58dd-a928-93fd24d42b8a,,,
0,六月老师_,bilibili,501525081,3351,6d9d5b2f-757a-5cf7-bffc-882a849132df,,,
0,月海桃桃,bilibili,3493268486621799,3350,36e8b1f0-16dc-5784-a566-95a63174f040,,,
0,神綺悠Yo,bilibili,381631287,3350,27ff37cf-6de1-583f-a4e6-46f98d19424d,,,
0,憨包yoyi,bilibili,3783584,3345,b1e337f2-17c3-5bb5-916d-5e9100857c7a,Vidol工作室,7bf7dc58-48f6-55cd-8bdb-cf5fa31d8a77,
0,花奏kanade,bilibili,1026919409,3345,854e3303-8d47-52fe-8a64-7e70e04fffa9,,,
0,翠花AI酸菜,bilibili,3537117865052301,3343,a8e06a2d-bb5e-532b-98a0-e2ed7498dd36,,,
0,Chiyuki松下千雪,bilibili,3493286127863854,3341,c27099c4-ff56-5ff4-a748-817b14ff6f0b,,,
0,奇桀,bilibili,1258851931,3340,d9662de1-d084-548d-9706-e6336dafceba,,,
0,一酱Official,bilibili,23357922,3338,36aa7bad-9710-5dd9-acbf-5b928a787801,,,
0,阮要开心啊,bilibili,2073833258,3337,ea436d5f-8288-5ae8-92e2-a22787aa8e8f,,,
0,小侦探由梨佳,bilibili,1330354774,3334,71bf533b-c665-56c7-8528-c9ca3f1520c7,Providence,412f3e13-0742-53c3-80e4-a0ea111657d9,
0,克蕾儿丝菲尔-FAIL,bilibili,3896410,3332,da728f08-4ddd-5d4a-8bba-97b89bcc3477,,,
0,星菜日向夏_official,bilibili,1802613870,3329,2a0513f8-7cb6-51e6-b638-733c7369213f,GEMS_COMPANY官方,62f90b65-e8cd-54b1-bae2-ed0fc47d063c,
0,橘音kkkitsune,bilibili,1382784,3329,d11f293c-1da7-5718-acc1-bed02a0275da,,,
0,烈火火,bilibili,28343084,3329,214769fd-270a-59fb-b3f3-33e6a23c0acd,,,
0,宅子猫,bilibili,3546871553329302,3328,13276538-05e6-5ad1-b7ed-674ea0b9e48e,,,
0,愛米哩,bilibili,442144800,3328,1cd3270d-2620-5e12-992c-29db33869133,,,
0,兔月媞雅,bilibili,1786445174,3327,42b9458e-4e46-5408-9bd8-43f668ae8ba1,,,
0,芥芽依Yaki,bilibili,3494367908071991,3327,db642807-7e3a-5005-8b7a-3d31c61fd344,,,
0,平成未来子_Mikiko,bilibili,11004418,3326,b5eb3d2f-819e-552e-a591-0ca650de0ff3,,,
0,糖钰小玖,bilibili,3493261788318164,3326,5dea0755-f5f8-59d1-8855-5195a7ffbfa8,,,
0,初晴,bilibili,3546637062375852,3324,c4c8fbed-c408-5dee-802a-11db015d81f1,,,
0,花雨络络,bilibili,3494356837206038,3322,7b15b15b-5eda-5fee-b02b-64bab336ab0a,,,
0,鬼狐狸OniKitsune,bilibili,663030,3321,7bd0ffb5-7434-5ac9-8ed3-f5911d102559,,,
0,荼酒330,bilibili,3546701593840181,3319,0bbc9c57-9faf-5ced-ab4e-7de3b291324b,,,
0,莓有你我怎么活,bilibili,88193963,3319,a41bd666-324b-5b17-a4cd-ab8cc5362d0d,,,
0,奶球imp,bilibili,395966386,3318,6dec031d-3478-5bfb-94fa-869392bda2fe,,,
0,萝七七-Luvky,bilibili,3493295875426486,3316,e463b851-ae9b-5b61-bdd5-9e5d62021bde,,,
0,徵呛呛,bilibili,3493105508550977,3312,8e0657cc-7e1e-55a8-9ce8-78f1e290bfbf,吾音坊,09f99c31-d239-57a5-b727-26c0f8651de5,
0,琪冰物流-Koki,bilibili,7899626,3310,8d6e21a7-e3a5-5cee-8ea4-539de093e52e,ChaosLiveSprout,e67fb222-1c4e-5f19-84da-9e8beba2c365,
0,粥粥,bilibili,3493136477194362,3307,aa10c23e-0788-57e9-b5ef-b497ca3a4df0,,,
0,雨诉夏是,bilibili,129946331,3302,d177e2fa-7630-5e29-808c-ecd61ff49377,,,
0,果子吞金兽,bilibili,59863756,3301,3c196e39-6417-58ff-880a-0137b8474327,,,
0,佐佐子MIAO,bilibili,341190,3298,f74098de-7f53-5ccc-b1a8-43179f40c820,,,
0,蒙娜,bilibili,516410245,3298,b3be0b88-a470-503d-8203-99ddd28f3c0e,,,
0,骇客娃娃,bilibili,328610,3297,abd6f893-20e8-5ab6-8c51-f389bcce3763,,,
0,拿一只羊,bilibili,3493284158638568,3295,b2531094-f9c5-50c1-9cf3-2ea2ccc24ea0,,,
0,朔月千秋的私密地带,bilibili,621031589,3294,e299d8c3-3b7e-5cdf-9cdc-97f8bd7284d5,,,
0,冉浠nya,bilibili,13576910,3293,b6b7fb5e-c262-52df-8241-50d02dbe57ea,,,
0,缇娅阿比斯TiaAbyss,bilibili,4405549,3293,7ddca299-e94a-56c7-8c10-91b04eda3c70,,,
0,姬路姬咲花,bilibili,3546597585587017,3289,a7b19276-3ce1-525d-a879-7253f4ddf52f,,,
0,夜分Melanin,bilibili,482318682,3287,ca592826-726b-5ff4-bc18-88f133fd2913,,,
0,弥霜Mercy,bilibili,2015033666,3282,882dd6b8-a725-5396-9761-7de8dc921de7,,,
0,顾小婉今天也元气满满,bilibili,435936774,3281,ca9d26b1-7cd6-5a05-ac1b-dc5c148b28e2,,,
0,幼稚园里的沐沐梓丶,bilibili,3546907368491778,3279,4e8304d4-2505-5126-b55d-2c285298906d,,,
0,艾斯_Vcitizen,bilibili,36317391,3276,4ad692dc-79c8-58ce-b507-268783200113,,,
0,风羽翼Tsubasa,bilibili,266186,3276,54b98857-fc0b-598d-b0f4-e9ae0b732c8a,,,
0,希乃Shinae,bilibili,1372904395,3274,41ca74f1-74b0-5f14-88dc-37fde5284029,,,
0,若葉绮凛Kinory,bilibili,21204997,3274,a139cfd9-8d36-57c3-ba45-97f40125acc8,,,
0,鲁卡波尔卡Official,bilibili,1724360903,3273,b6474f66-2d7e-5197-9e2c-1508417a4094,,,
0,Note,bilibili,92874801,3272,be6d6073-551a-5622-864e-f0cf6dac1735,,,twitter:Note_vsinger|youtube:UCu6IFOMX4F8xn1NIc0DQ2Mg
0,是你的梓柒呀,bilibili,472785140,3271,ef715d86-d0fa-5c8a-b4e5-818dcd97cd02,,,
0,柯莉安Maku,bilibili,3537106913724862,3269,e8ae415e-8171-52ff-8885-81add9ca9227,,,
0,一只腓崽崽,bilibili,3706954530687917,3267,ebbaee38-e08a-53ed-8719-a789f5bac104,,,
0,红轩Timothy,bilibili,147821346,3267,eb00291c-3f73-5a28-9401-41fdb4596b13,雨林社,0c0c81b5-fc69-5ee9-a2cb-f77fb303b682,
0,昼晴Sol,bilibili,3546664927234075,3265,6182b2bf-38d8-5329-950c-1ab7a5006d30,,,
0,喵田柚希Yuki,bilibili,7594177,3263,27b004d4-eda5-59cb-81fa-bedd90909996,,,
0,德洛莉丝Delores,bilibili,313683284,3263,b19979b3-a724-5dfc-b068-a8c20055da47,,,
0,鮫島愛知Aichi,bilibili,491652986,3262,8eb237d1-25bb-544c-b96b-fd52d6f173cc,,,
0,立之花花花花,bilibili,27740107,3256,9b6db0dc-faa7-5172-babc-5bbd35830599,,,
0,蔓越没草莓,bilibili,1999525961,3256,34840170-65fd-56ad-98b4-6e4e7c5899af,,,
0,泡泡讷,bilibili,3546786505427358,3255,0e28e21e-e6e5-58fd-a156-fb5e0b0aaf6d,,,
0,蕾塔Official,bilibili,512921184,3254,3823df53-a403-5ea3-ad1f-b223b154b4c8,云光计划,f96c12b2-b935-5c29-9a31-46c97eca9c4c,
0,徵羽泽,bilibili,27961340,3248,83442d40-a040-5aae-9e7e-0e063135a1a6,夕映结社,820597b7-9f1d-5ad4-83db-66aa8aef89f2,
0,千鹤-Chizuru,bilibili,1311405530,3247,5804291b-540d-577e-ab5f-6bbdb9df01e0,,,pomeet:Chizuru3
0,成弥naruya,bilibili,11819358,3246,0af1cd2c-6418-5287-a6eb-09781e4e3ec1,,,
0,白井ゆきOfficial,bilibili,382566562,3244,5a0fff4b-30bf-5a6c-afb7-6ccbde0f5996,,,
0,食月Tsuki,bilibili,1637717071,3242,be92565a-868e-5b20-abb0-7e1a0ce78777,,,
0,田中大和Official,bilibili,45813298,3240,becf1c24-a98b-564f-881c-85865ff859da,,,
0,白小糖-Sugar,bilibili,498983091,3240,b3016fb2-0190-534f-9671-2c966e052feb,,,
0,枂饼_Mooney,bilibili,1340418627,3237,11f6a75b-25be-5638-b879-486d64e6c64a,,,
0,伊路见夜_official,bilibili,3494354383539112,3236,3e9e8e38-f79d-5872-90c3-bd711e1e8c7d,,,
0,沢雾野Sakino,bilibili,544367533,3236,38de19c5-5885-5e76-a3d7-3472b84ff3b0,,,
0,解语十三娘,bilibili,1092860223,3236,9f77ed9c-4038-57bb-8d2a-56197b0c2d51,,,
0,猴猴公主zz,bilibili,647720295,3235,280a3869-8ded-5be2-9012-a9c6a17a822e,Mo-o_Project,744d21de-42cf-506d-b495-c538ccd2566e,
0,白咲澈月,bilibili,9176132,3235,83f7374c-08b1-503d-9a95-e19bd13ad1c2,童猫会,e9b10a64-feda-55fe-85d3-a1c5cb48c67d,
0,车又又_YOYO,bilibili,1696914608,3235,0799ed4f-f553-5b59-8f10-4601fb9da19b,,,
0,格蕾娜Glenna,bilibili,3494361054579581,3233,a2e7b4e8-27a7-5ccf-9adf-0a2fb0cd10c7,,,
0,弥忽忽mihu,bilibili,3493137741777065,3232,895a3afb-3f3a-5399-8817-d9bc141787c8,,,
0,泗七七吖,bilibili,3493278336944294,3232,7f0efb3f-5ecf-5ca5-818a-f1ab7d87cd8d,,,
0,魔法doge,bilibili,2165981,3228,44e219c1-3ee3-53ac-9984-fbf5795e75fd,,,
0,慕酒酒丶,bilibili,37365137,3226,77274580-92e6-5976-8c79-ce31365d71d3,,,
0,夏希_Channel,bilibili,6188267,3225,15bb7b4e-8eb2-5720-a792-b75ef4f5c927,Vidol工作室,7bf7dc58-48f6-55cd-8bdb-cf5fa31d8a77,
0,紡音零official,bilibili,517028633,3224,41edaa54-bd87-5c7c-88f7-04326c4ecfd4,ZEROproject,5b24d707-9143-5dbe-8e3c-c38405545e77,twitter:tmgnrei|youtube:UC9I-_cZVGJy2oz4uCrTt46A|showroom:tmgnrei
0,彩真宵,bilibili,403638183,3220,b4b2fa8f-0073-510f-87a1-b63ea5190f7e,,,youtube:UCsAzaxwiKWolOWLH1bIU3wA|twitter:irodorimayoi|instagram:irodori_mayoi
0,雨声奏_Kanade,bilibili,1342629484,3220,3790c22c-ad4a-55f3-bb41-0c9df799a0e8,—MSD一,4119dbf4-9390-5a1e-8b90-6734005c8b85,
0,8911勘测研究所,bilibili,31761638,3218,8d985be7-4ec6-58e4-921b-785e7b4506e1,,,
0,竹原晴,bilibili,192597,3217,3a98970e-798b-51cc-8bef-cdf11efaabe6,,,
0,菲特斯_saki,bilibili,2108151986,3216,81aa1305-5c44-5c4f-a756-9872395a396e,,,
0,星熊不星,bilibili,3493116218706783,3215,4a58eff4-3c91-5594-9b3c-63639a0bd5e8,,,
0,陶黎Mini,bilibili,3546564165372348,3215,75df6def-6911-54f8-a785-1cd06202befc,,,
0,红夜Official,bilibili,13828649,3209,9a580394-09e8-5b48-9f92-1cf4af8d2276,云光计划,f96c12b2-b935-5c29-9a31-46c97eca9c4c,
0,一碗莞莞,bilibili,482464557,3208,51c9da20-3af0-56db-8457-66783cf1c061,,,
0,月见里雪yuki,bilibili,3493298142448397,3207,ced0f999-e71b-5424-8e4e-cf55d84c1236,,,
0,忘千,bilibili,13951530,3206,4adea619-eb29-57c4-82ef-9db6be3a9d97,Wenthernten,f0f6db36-c594-50bd-ae6a-5032878a8ce6,
0,纱雫sana,bilibili,1251806725,3203,26d0a698-f420-58fa-bd7c-9bebaa248bb3,,,
0,停止沸腾,bilibili,3493270296463682,3199,ddcb709a-3369-52c5-8b7b-f89296df4af1,,,
0,仿生電子安安喵_nyanko,bilibili,128976078,3196,52331ed6-2ca8-5994-81c9-01bf00c7b974,,,
0,竹原イリス,bilibili,1518059,3193,ef38bd9f-af13-5cd8-b494-118bb13c7165,,,
0,叶清歌_Official,bilibili,3493144475731984,3192,eb4aa5d9-80cf-5b34-9153-41103b2bd1d4,,,
0,鹿溪,bilibili,3546573822757071,3190,f9d5d5aa-2878-5be3-8b8e-c30f93854db9,,,
0,雨夜绝不白给,bilibili,3493286561974583,3189,875779bf-7c30-5eae-9113-936313a0dc9b,,,
0,币游游biubiu,bilibili,3494368786778701,3188,c07db434-0809-5258-975b-1a55a3863366,,,
0,星谷呜冬_yukiko,bilibili,601566421,3187,90fb9725-261f-5c0a-8e5c-bc45dbb7cae2,四季神社,eef5fb94-75dc-532d-82c8-8c6e78457ed9,
0,海野Umino,bilibili,594470736,3187,00d081f2-46b0-5931-a580-c1050b55c9bf,,,
0,醋米_Cumi,bilibili,59672668,3187,0b09dbd1-05e4-536c-a9fd-a1aa22baec00,Vi-D,faf257d3-81df-564d-b5ae-2d9fd694675c,
0,魔法少女星间白_Ookami,bilibili,1861990372,3185,79b1a2b2-986c-54cf-bb46-23abe58ce2d9,,,
0,我打鼾声音超大OvO,bilibili,1631724,3183,c97cfc0e-1c83-554a-96b0-ca8f7d17055f,,,
0,七栗kuri,bilibili,3494358974204458,3181,fa70d22d-9ece-50a7-85a8-6ce544b388e8,,,
0,伊橙Yzumi,bilibili,35806727,3181,a0dfe45c-5bfd-5c8a-93f2-ac06eb5b34df,,,
0,赤染,bilibili,626509812,3180,0435e411-1f12-5cb8-b9d6-ca2529ed3628,,,
0,銀めくる,bilibili,409743803,3180,1940942e-83b6-5ba2-9b74-1028c36dc08b,,,youtube:UCprQaynf6W8Qargmo5jg2-Q|twitter:mekuru_chan|userlocal:2143F5DE7B78A3FE_217cfe
0,酒诗乔木お,bilibili,3494355031558727,3173,3319caa5-5cbd-5f2e-a055-a1308e9bb7a1,,,
0,早川钥不是早餐钥,bilibili,3494363495664482,3172,75d68c3c-e378-5936-91ff-3dfcfc1cf08e,,,
0,竹子ToT,bilibili,511015948,3172,815f542f-cec6-57ac-bea5-ae7c36f16f81,,,
0,花緑青-HanarokuAo-,bilibili,619471232,3168,1d2de820-90a1-5695-82cc-2a125f25f460,,,
0,弥梭M-S,bilibili,3493130288498886,3161,7b15c68a-3d06-58f2-8801-f32c162e819b,C-Live_Project,54f12813-1527-5f52-b566-3b36f51d676b,
0,Shirley雪梨,bilibili,3537111779117791,3159,36b4d4a1-745e-519d-99f2-ee844c17367e,,,
0,小丑Chimera,bilibili,3743744,3157,ddbeb57d-1043-57ea-a24b-4536f396108e,,,
0,阿谜吖,bilibili,3546690671872793,3157,aa72360f-200b-5295-a996-ee926dcc5ebd,,,
0,瑟蕾娜Serenna,bilibili,3546866478221346,3156,b865301f-416d-5fda-88d0-b308b903853c,,,
0,弥兔野_Ye,bilibili,3494356669433976,3153,e290c70c-7871-5ec5-8806-d212935024a1,,,
0,真面目喵露_Official,bilibili,3546684588034989,3153,dfac9266-ed8b-549f-a6f4-4aa6106e376d,,,
0,村崎莲,bilibili,10136060,3152,e6f8db64-1b10-5ee8-9b1f-d0c7abf04efd,,,
0,颜了了LL,bilibili,3493285765057251,3152,4d0904c0-d42d-51f1-be81-e41d99c589d9,,,
0,云蔼悠悠YoYo,bilibili,3546901116881287,3149,b176c2b7-2076-5455-b583-a30f05e6c36c,极光社,9548b50d-dbb9-5b8e-9a4f-a86239ac14ca,
0,阁楼上的娲祉,bilibili,1356059824,3149,2a45aa3e-5950-54e6-8741-14a435862a23,,,
0,笨蛋鲨茶酱,bilibili,3461562373245574,3148,710aaf3f-74c7-50ea-8489-2fabdb0ce9d6,,,
0,阮棉绵,bilibili,9532221,3148,173b91f4-e796-5ea7-ab08-60ef8557fbff,,,
0,诺梨Nori,bilibili,3493116891892638,3146,c263be94-69ba-5ece-b3f0-9cd860b0246c,,,
0,绮奈娅naya,bilibili,3493075315853836,3145,77fb7f8f-13d1-50f2-832d-7e6af6b9c135,,,
0,光殷GuangYin,bilibili,3494372869933887,3144,1e52c5f3-d505-5593-adbf-fc23dca9e7a8,,,
0,韵叶不赖床,bilibili,3546861394725793,3144,8688e4db-fc62-5a1b-aefc-ec2c345faccd,猫铃社,6eec14e5-38cd-504f-a995-b7bd15b4c51f,
0,伊万娜_Yvanne,bilibili,477588252,3141,c2c22fb2-b69a-599f-bfaf-8bf48acdcdaf,,,
0,嗷呜小甜栗,bilibili,1410493989,3138,4d5e531e-fa85-56d9-8f02-3e3cfde330bb,,,
0,汐夏-天灵灵地灵灵,bilibili,628061250,3138,f13032b1-40bc-5a46-8f59-f7ff159f8027,,,
0,Moonlight木莱,bilibili,427623918,3135,55087ebb-8f70-5410-8178-62330f9090c2,,,
0,羽田蝴蝶Official,bilibili,1202562007,3134,a5ea7106-2ba4-580d-b521-c06c8e128f9c,,,
0,音团Lipa,bilibili,231582891,3128,9854b50c-e6ce-5279-802b-e76cf68569b0,,,
0,阿漾yoo,bilibili,3493115759430085,3127,006e7ec7-b290-597d-81dc-b92364cadea2,,,
0,一文字玛雅_official,bilibili,2080453344,3123,6f742ad9-e631-5a26-8221-9f6ffaa20f44,GEMS_COMPANY官方,62f90b65-e8cd-54b1-bae2-ed0fc47d063c,
0,_猫白白,bilibili,3546695440795834,3121,5eb911bf-837b-5530-93ad-296dd6bce344,,,
0,未响酒意,bilibili,2000676519,3121,92d6ec8b-a43a-5313-bb6c-005d6ce74a00,虚研学园,da7a049d-15cc-57f9-bb68-49af75ad7b52,
0,柳屋奈奈Yanagi,bilibili,712663,3118,e32c0809-bef5-5e50-83ec-7f0bd4cbb4c8,,,
0,飞翔的海豚,bilibili,33060681,3118,a2b15e7f-f637-58ae-86d8-5e04faf7e087,,,
0,崽崽出没吖,bilibili,3546636389190623,3117,1307e7db-69d0-5c58-8156-611259d7cc68,,,
0,一只小埋埋Y,bilibili,315041290,3116,a1d79b9e-53f7-5eb1-8b46-57b824d49484,,,
0,怜奈_Reina,bilibili,3690994448993109,3116,c203fb90-550f-5aaf-81a8-f717d33e5ee7,,,
0,伊丝塔璐,bilibili,1347242112,3115,8d888a61-f916-52a6-b96b-ce5ca12cf16b,,,
0,常暗永远大人眷属协会,bilibili,491936452,3115,bc34c674-8a32-5d5d-a034-bb07139633fb,,,
0,卷卷天天迟到,bilibili,50733424,3113,7af55c1a-464f-5e5e-8935-76b9f6d9cdc0,,,
0,栗蝶Chyou,bilibili,1936358544,3113,67bd7ddf-dcc8-5559-8822-88a0457d4e96,,,
0,雨缇hyou,bilibili,3493271005301280,3110,cf85b430-b8c0-52fc-803d-5d73a51e9572,,,
0,缇尔Til,bilibili,1362631089,3109,0629e59f-3526-5f58-85b0-4672f7ae8682,,,
0,阮梨Miku,bilibili,1626286572,3109,21103671-b85f-5755-a9aa-733ab29b3751,,,
0,三日月岁桥,bilibili,3493145685789611,3108,bd1fa771-0c83-5b68-8c6e-288a28eeaf9f,,,
0,千樱雾,bilibili,453269001,3108,ad9b4b8d-b405-5314-a4f5-6b7cd4e0507f,,,
0,嬴苗苗,bilibili,3461578385000500,3108,2db27678-fec7-5e2e-b832-aa50afacc2ec,,,
0,桃七眠nemu,bilibili,3546596075637434,3107,254529c4-0123-5042-b687-21d195bbbd69,,,
0,白蛇宫紫苑シオン,bilibili,1636063407,3103,d03a27ba-7ba5-5144-a426-2863fccbc38c,,,
0,茨少凌Official,bilibili,363147256,3101,62c67e39-149d-5e17-a3d0-915cd4dce07b,雨林社,0c0c81b5-fc69-5ee9-a2cb-f77fb303b682,
0,柠狐柃,bilibili,19462294,3100,56981716-1fd0-560c-ac76-1973a0ea26d4,,,
0,罗兰-official,bilibili,20462313,3096,aaf747bc-1281-59c3-aa55-dd22903e9adc,,,
0,叶笙Wolf,bilibili,21370617,3093,ac60f479-6c3c-5d62-b49c-fddf0a1477c0,,,
0,亡靈k_HotEA,bilibili,66598646,3092,ca06565d-ce69-55a3-8c8b-b4ca82692668,,,
0,方长はナビ_Channel,bilibili,203467567,3092,1208614f-5cb4-547b-bd26-e145b3994919,,,
0,芩初,bilibili,483927596,3092,a97260cc-2d29-516f-b127-8362a0b0aef6,,,
0,白雁,bilibili,3537104371977155,3091,68773a1c-ae2a-59c0-8df4-fb9d91edac52,,,
0,小兔姬ゆるあ_Official,bilibili,1475213406,3090,a9a81f6d-529e-5e10-8e78-fd29e30d3ced,,,
0,巫小月_Official,bilibili,1678929972,3088,524875b6-bc03-53bb-aa59-eb42bfb8f6c2,,,
0,iNui乾,bilibili,3494379857643538,3082,0b34617a-b4fc-53af-ac2f-aff0612d389f,,,
0,妃莉纱Kisaki,bilibili,1326703100,3081,e20ddd9f-4d18-5f67-8010-80ae614bb9d6,,,
0,萝塔塔,bilibili,1515589138,3081,f0db9c93-b481-553b-8bf0-7b9d3b447fea,,,
0,八阳HachiYou,bilibili,47831360,3080,11d544b6-56eb-5ab0-8edc-10f5410383a8,岄,a2dfbe6d-579b-50da-a404-9d80711403d7,
0,乜乜大魔王丶,bilibili,3493258038610645,3079,4159c6a8-a821-59a7-8d16-f64315bcb771,,,
0,褚酱酱酱酱,bilibili,3494355033655364,3077,68cd981b-b70e-59e8-aa84-c4703fb792d8,,,
0,Yenn咕噜咕噜,bilibili,1192693417,3076,cdd00a20-79f7-5f62-b400-c46eb5148b80,,,
0,乌姆Umu,bilibili,15597980,3076,525e3deb-1cf5-5e22-b620-84b5cef48120,V_G研究所,30f0a6c7-e49d-56b9-8dd9-60bf6539212b,
0,妮幼nyo,bilibili,3493079271082534,3074,fc6e16ba-b1df-5814-898a-50d75da2afa1,,,
0,宝er-吃不饱,bilibili,1722231996,3074,d55bb3c9-2022-5669-91e7-6bd83c26aa20,,,
0,木语之嘘,bilibili,21573711,3071,457eb83b-52c6-5ff1-bd6f-780ab79f32d5,,,
0,绵早早,bilibili,3546905829181592,3071,2a2b93fc-e0eb-5299-b525-6b4502810478,,,
0,芙礼礼,bilibili,393478015,3070,5ce96ca1-69ec-567e-9aca-2f017df34556,,,
0,诡猫猫_Neko,bilibili,620010594,3066,f4476517-edc6-5efd-b20f-25efc226dfab,,,
0,青玉Safaia,bilibili,430828121,3066,08063d0f-0cb1-54cd-8c94-bd6f9afd99c8,コーロンサス学園,a43eee3d-839d-54ff-90cb-d9045437de30,
0,栗太Kurita,bilibili,551360864,3063,b0d7fcd1-fd43-524d-b30d-4260d035ef58,,,
0,白鸟泽野,bilibili,40741210,3061,c4cfd0bc-51b8-5a94-a6ab-33202e9236ae,,,
0,璃奈LNai,bilibili,2132912895,3058,09cd3bcc-fedd-5192-9c41-bb2e56919ae2,樱满月虚拟社团,d160848c-6d4c-56f7-afa9-196abc2405f7,
0,阿月今天也很聪明,bilibili,3206606,3057,3ffd8532-b50a-546d-b1cf-c23d8f3c004b,,,
0,Rin_Ukiyo,bilibili,3493104822782591,3055,6de9d176-b934-5b95-a75c-c070ecdd044f,,,
0,糖果鹿_Candy,bilibili,587195714,3055,d3e1d06a-ba12-558d-9db3-f956dd35acee,,,
0,小尾巴不见了,bilibili,1025730516,3054,7b2f1ed0-e7d3-55af-ae72-e1d6759ef98b,,,
0,苏洵_Su,bilibili,3546962496326577,3054,ca822bb7-cff4-5bc5-87cb-77110b9b4502,,,
0,Zimo菌_Channel,bilibili,1592759,3053,6984fee9-7c7a-596f-a696-b618da025d99,,,
0,炸虾TiTi,bilibili,3493274266372344,3052,5bdc13ab-872f-5d85-992d-70969105b568,,,
0,蕾伊娜Reyna,bilibili,1710361170,3047,677a092e-ea53-5893-8748-6f587f56cc53,,,
0,碳时,bilibili,319509962,3045,4c9a8c1a-a2bf-5e2e-91db-b497a928111d,,,
0,一只龙的宝,bilibili,3493262495058910,3044,6997e171-ac65-5a5a-89aa-4747d118a3e8,,,
0,茉有,bilibili,3632305979525726,3042,dcbe2449-0437-551f-8a00-c260d32f5c46,,,
0,勇敢的猫贤者,bilibili,1369596,3041,31877d7d-94fb-5b2c-b01b-81a9e8f102fc,,,
0,伊利奥斯_ilios,bilibili,3493272964041186,3040,d7608085-587b-576f-9427-52b4587dfc2f,,,
0,淺羽Asaha_Mino,bilibili,5421881,3037,c73fa9f0-ce40-5078-9888-1fe8181aff6b,,,
0,金小沅_Lucky,bilibili,3546693914069074,3037,f85fae32-a427-5cf1-a2e4-74c77dc51d69,,,
0,NaN3517,bilibili,3493135055325525,3033,ad86d0c6-5cb8-5722-9f13-9a789737770e,,,
0,涅喵Neko,bilibili,3493277756033314,3033,af2485a4-ad6d-5eb9-9e21-d778325bca89,,,
0,水雲绯,bilibili,3494353758587269,3030,486e5d39-973b-5630-8e63-bb0728deea1c,,,
0,花音璃,bilibili,3461577879587672,3030,9d43d93f-9fbb-5007-b3f8-cd41e064a984,YOLO,a7195ae4-4ee3-5905-a447-4c528d788666,
0,路西法adult,bilibili,325524604,3027,66d38f65-510f-5457-87af-f2c5f6a9525c,,,
0,和泉礼弥,bilibili,414585785,3024,5d2fdb39-9ad7-5cc4-8a8c-187b307e4b79,,,youtube:UCv9Qskw5iEhGI8YNMd22T-g|twitter:LielWiseman
0,綿世たぬOfficial,bilibili,688075617,3020,fdd1d884-0060-5c0a-916c-67979a1ad2cd,Virtual放送部,9abdd959-092b-59ab-aa0e-c4a8a310094a,
0,栗山萩萩Haki,bilibili,3546908538702102,3017,d98c75c0-2a96-56a8-8cbc-4322b2cb9639,,,
0,Taboo-Claudez,bilibili,3493087363991623,3015,99a61850-e5df-56e4-bf18-df67813bae37,,,
0,世果-Seika,bilibili,1155161027,3011,04dea216-9847-5dc1-9a94-40a31be9f78e,,,
0,冰茶_IcedTea,bilibili,10281699,3010,9e712837-dc3d-5653-bfb3-ecb91b3f0267,,,
0,夏小安,bilibili,111977658,3010,f29361c3-a4f2-5d1f-9d4a-afc5802cbcd4,,,
0,名無しタコ,bilibili,441569,3003,eabe2267-5b39-54ae-8a62-279ae15ac095,,,
0,阿斯三世Astaroth,bilibili,3493270426487659,3002,9cc5f137-9153-521b-b308-ff68dfc73791,,,
0,星织灯Akariii,bilibili,588038810,3001,b7149432-57d5-5876-9d0b-122298e7d5ea,,,
0,四月一日夢,bilibili,3493084524448026,3000,e09835e2-5ffe-5a7c-b398-53f28777d766,,,
0,水玉莓,bilibili,1384189844,3000,78fc1897-379e-5760-bc62-93ada302b1ed,,,
0,Lita_Official,bilibili,1627747284,2996,a58f98e7-7407-591f-8762-ad6f41a191ba,,,
0,蒙Mon,bilibili,3494377190067102,2996,ed252c4e-b534-5539-9689-f05548122614,,,
0,米奈Minai,bilibili,3494353706158095,2995,ef60b430-5b2c-5e80-8c62-7c98f6a8af1b,,,
0,黎瑟希雅Lyceecia,bilibili,6898689,2994,e0d366aa-1a24-55de-80f9-95159ff6bafc,,,
0,可可爱爱小露桉,bilibili,1939339404,2992,48e81804-2713-57f8-9d9e-9feb8ba4972e,,,
0,苏亿万Ruby,bilibili,1414231802,2992,19a226b3-d8d1-53e4-8fda-f7b4623112bd,,,
0,雪泽月,bilibili,165599,2991,152c251e-39ef-58b8-84b0-4fba0cf52b50,,,
0,-西蒙SIMON-,bilibili,110648885,2987,29590366-1c76-5fa6-b740-a91d20d4bc9d,,,
0,Wenshuanglin,bilibili,77273672,2984,2b6e0a03-8b02-5cda-b851-62e7188782e1,,,
0,苏九辰_sjc,bilibili,3546377688713850,2983,7a6b37d3-33f1-51bd-a2e2-56d4311bac9a,,,
0,琼榆系咩啊,bilibili,3546668427381699,2982,bcbb482c-b691-5e9c-a216-119b83862794,,,
0,精灵希尔芙Sylph,bilibili,442191864,2977,ba9eb5c3-d364-5b11-b29e-a18d776bc442,,,
0,露冰Lumi,bilibili,3493263791098024,2977,8c735697-bb37-580b-8998-18b2b4f90c54,,,
0,弥利雅Miya,bilibili,1281818069,2975,8516b0b9-0a2f-5399-897d-8a3f29119b21,,,
0,馅寿桃咖_official,bilibili,1185495353,2973,53078672-25a9-565c-bc53-9551e4d96078,,,
0,海灯kaito,bilibili,1231188121,2972,8a7ce7ff-3907-5d9b-8c77-ad6e9a3dd19d,,,
0,瑟琳娜travel,bilibili,3546697116420525,2972,a1f4bb16-7c75-570d-9b53-5762211f0872,,,
0,来娅Lami,bilibili,28325896,2971,021d2b76-c89f-5aa8-aab6-bfbe8e294ea6,,,
0,南清子丶,bilibili,3493270355183905,2969,4e262a40-d877-5eeb-a2be-1b3ba99816be,,,
0,宙宇尘星Duststar,bilibili,4024901,2969,bd626db2-fdda-5298-b3a4-fc24cbd2a561,,,
0,双子G_E_M_I_N_I,bilibili,594437,2968,7c0b83f2-853c-505b-9c7f-88f67a7f9027,,,
0,LoneliteChannel,bilibili,57260085,2966,9be7d613-1e29-5e7d-9fc9-25fdbf8f26b6,,,
0,牙牙丸绘,bilibili,2231439,2966,24badac1-3223-586b-94d1-ff53784c0977,极光社,9548b50d-dbb9-5b8e-9a4f-a86239ac14ca,
0,狐悠悠Official,bilibili,6734445,2964,011c69c2-5404-5268-8cb6-1ccd681c8c40,,,
0,蜂河-Benni,bilibili,381910186,2964,b855a3ce-e872-51db-bf17-293ad023eaed,,,
0,艾妮_ANNIE,bilibili,3493111158278472,2963,b14c1c2d-e1f5-5721-8e41-e9c476bb5de3,,,
0,蔗蔗kibi,bilibili,477507819,2962,da364cab-2067-58f6-878f-9a7ceb7df16c,,,
0,伊什纳Eithna,bilibili,29032319,2955,60267baa-bd25-50a2-a43c-d7609d1081d5,,,
0,风从虎Official,bilibili,2323380,2954,bec1e320-37c1-55ef-b54d-4963e9c3f174,三垣四象project,a32f4ed5-ce5c-545f-bc6b-03fa2b3e6a9c,
0,萍萍也很南,bilibili,2144532780,2952,d9f0dee0-b338-597d-a39d-b47edf6e13f2,,,
0,なるはやちゃん,bilibili,423747660,2947,8d0f9327-1b69-553f-8f2c-0ec589b9e51e,,,youtube:UCyhccrfXKUoGGT8cuAJEGXw|twitter:narumihayase
0,梅塔Meta,bilibili,3493288866744562,2947,7cfe29c2-bb5a-5fd4-8765-f9c76e23c09a,,,
0,花咲みやび,bilibili,494436795,2947,e941e97c-7d01-583b-8075-137e54a38273,holostars,9c1b1391-c421-5f8d-ad1d-90eefee8d3e1,youtube:UC6t3-_N8A6ME1JShZHHqOMw|twitter:miyabihanasaki
0,花崎千代Copy,bilibili,1486124092,2946,65208c2f-8256-53de-a7c5-82c5068aa9a0,,,
0,希羽酱Gu-8-,bilibili,35047473,2945,986245b7-f6f3-5b99-b9a2-abde56ba19f6,尼比陆,e91a4eb4-14fc-500f-a8f5-f8650d62dbd2,
0,桑落,bilibili,3493278058022980,2945,17e9b775-a5af-5081-ace1-752a3b76b403,,,
0,Eileennoir_ARP,bilibili,3494357447478239,2941,92e12349-d813-5523-a173-8614c9ca2b75,ARP,678fbb40-4a86-5d77-b5c6-1d655c897518,
0,好喝的姜撞奶啤,bilibili,1924797677,2941,77f1af4a-7cc6-573c-a037-88bb76ce28b6,,,
0,洛希YARL,bilibili,3546594771208452,2941,16e0299f-6f52-558a-978b-99cfe9471358,幻想社Fantas1A,5074200f-7ef8-5480-920e-6c21f74cedd6,
0,沙萝Nora,bilibili,3494365674605151,2940,9b28f29d-ba79-52f4-91df-6a30f1a58d2c,,,
0,小雀香奈_Official,bilibili,506074310,2939,3cb32e18-52d3-51a3-8a1f-55e4f2cddc50,,,
0,轰天裂地万物消除者,bilibili,10207746,2939,8b2ca797-adeb-54f5-8afb-c881baf12373,,,
0,清清才不是大聪明,bilibili,3493131339172350,2936,9e5c9965-d5b5-5f8d-9c5f-1a85b880360b,,,
0,苏西Sucy_,bilibili,1464587406,2934,5c3e972f-ca1d-502c-9cdf-9483f28c2008,,,
0,黄泉恋yomikoi,bilibili,19269976,2933,ff480289-a3cf-5a2b-ab78-28b7a253d841,,,
0,安栖苒,bilibili,14396120,2930,1ef77ca8-4d2f-50f1-b6ec-63996e791ea5,,,
0,云宝KumoChyan,bilibili,702355574,2927,da796215-7bf2-5cfa-9e7d-0d91aad86a3a,,,
0,秋绮akii,bilibili,3493278286612780,2927,7ea4aece-2b0c-5341-bb81-b55b34539169,,,
0,林之眠Sylvie,bilibili,3690974138075298,2926,a9c53acf-5711-5f52-8dcf-6e525d5abda2,,,
0,糬糬Mochi,bilibili,3494369449478245,2926,7edc89ae-947f-5b80-9e1f-5ce1e848bada,SparkQ电光社,7893a9ee-da88-54f3-8005-023fc8095d8a,
0,ToriThaiga,bilibili,2114112193,2925,0049c3b9-c7c6-5159-9651-e175fa51806b,,,
0,飞天小电Denkiko,bilibili,6432092,2924,5f0891af-4b0a-55be-aae4-749cd526e0fd,,,
0,早芽zorya,bilibili,3707017170520389,2921,c1721c78-3685-5b67-a5e5-97fb60b4926f,冬日之家Ultra（北立交桥）,748b837a-0f27-55d8-aae1-695e4cb77aff,
0,小熊ザボン,bilibili,1263664614,2917,734b088c-9992-531c-a49f-9024126542bb,,,
0,狐奈_fffox,bilibili,550388023,2916,6dcef471-d41f-5382-ae4e-fcef3b6530c3,,,
0,荼荼TUULI,bilibili,3493087473043565,2916,860d661d-e0e0-57eb-b458-abbad5986673,,,
0,水原依莉丝,bilibili,3493118936615637,2907,428b516a-0d4d-51ad-906e-222340cb0008,,,
0,软软今天摆烂了吗,bilibili,2847434,2904,8732a7c1-3d5c-5d66-b0b4-97a1bf1dfe3b,,,
0,黑椿小夜子Official,bilibili,2740005,2904,c961af72-69ec-5a14-b754-3ed5473f8d4b,,,
0,咸鱼味的米粉儿,bilibili,317470592,2903,95f9fe82-b240-58eb-a5b6-1ca974634d5b,,,
0,猫随容容,bilibili,56121213,2903,26327c77-aa32-5273-996a-ff462bc838f7,,,
0,清辞lulia,bilibili,3546805144914018,2901,8e017747-31d1-5c55-9934-f6eb89c7229d,,,
0,逾觅,bilibili,1153280945,2900,a9efd3f5-5e14-568f-af17-06799bebbf3a,,,
0,ひま食堂公式,bilibili,392798297,2899,76d2f979-eba0-5df4-b8be-56df57e57769,,,
0,泽太Zetai,bilibili,3546981341334107,2897,52271246-ae9a-5e8c-9a40-b65d2f729708,,,
0,韶嘻嘻,bilibili,34430749,2896,64234219-d75b-510d-af78-5f4fe72853c6,,,
0,希弥尔Hymir,bilibili,3461571703474731,2892,7575ac85-0b31-5aa5-a3de-ffda7e5ce4ab,,,
0,青鹅飞飞,bilibili,381587191,2891,b6f88a49-4075-52d1-b79a-e5a01915dfd0,,,
0,柚希_puella,bilibili,3494372460989235,2890,ffd7e893-4a54-5113-a2e0-46317319c931,,,
0,喵川fufuki,bilibili,1307325151,2889,bb7ce12e-ca2c-587c-83a8-0d14d927e405,,,
0,小青龙,bilibili,2361123,2889,ed16e21d-eba6-59bf-b43d-443e62909058,三垣四象project,a32f4ed5-ce5c-545f-bc6b-03fa2b3e6a9c,
0,星ノ谷爱莉Official,bilibili,1390875,2889,d3004b35-529a-5b7f-9be2-352367793c6a,,,
0,栤甜雪狸suli,bilibili,3494354616322048,2886,bc7c6452-00fe-5404-9829-2591a0735c04,,,
0,才不是害羞,bilibili,93962177,2884,48b007fa-34d7-5295-b2be-1513d3fef0df,,,
0,死兆星,bilibili,18672279,2883,b9912d6d-ac63-54c4-be41-8fb03ad92c36,,,
0,fufu真的在摆烂,bilibili,3494378117007902,2880,b2baa8a7-0d6d-5fd5-adf8-9c5d972ae2b1,,,
0,中森悠奈,bilibili,497608395,2876,f478b96e-3c54-5426-b16e-b761e980c3d7,,,
0,Gacaranta,bilibili,38888745,2873,6a161ae6-92cd-5c41-8042-dc179f568751,,,
0,meroncha_公式,bilibili,3494350057113751,2873,823ac6ba-1eb9-5110-a478-cc4148ef2318,,,
0,青消Alabop,bilibili,3493124343073236,2873,7fdf2f95-cdb1-5167-bf55-5062cdc770f8,,,
0,咕咕Guu,bilibili,3493079925393586,2870,4e404513-9c8d-555e-86f0-674122f9638e,,,
0,缱落铃,bilibili,1590297,2869,8ab51927-2641-5752-8236-562d0114e1f2,,,
0,露亚るちあ_Official,bilibili,557354694,2868,8d20141e-74e4-545b-b1fc-ad040955d3f3,,,
0,瑾鲤Koi,bilibili,3537110810233139,2867,138aa461-3370-5c14-a7b2-26979cf237a0,,,
0,伊枝居0_o,bilibili,3546598556567650,2866,9fabf7b3-c28f-57e6-8aa3-68318c33d16b,天枢project,7126d95d-9311-5691-a2de-88d978486297,
0,阿希娜Emma,bilibili,1258178536,2865,9968095a-f449-5b35-bf14-3841d5428512,,,
0,冬眠莉枝Zzz,bilibili,1424131215,2864,d3fe6cc2-6825-54e6-af7e-5b6598fbc34f,,,
0,哈里波波奶茶,bilibili,499914138,2864,a0877220-7a9d-561a-ac95-30df685e0010,,,
0,洛冰凌Official,bilibili,23770940,2864,4b863e4f-edb6-5668-986a-39293c5c524e,,,
0,傲丙初Official,bilibili,48732146,2863,206c938e-5510-56db-bb6d-fd8fca68a7a2,,,
0,慕泽晴-Channel,bilibili,268116282,2863,9dd2182e-0bf7-5a99-b99a-00056ad4ce9a,,,
0,花卷儿oi,bilibili,3546934566455871,2862,2c71ea06-6039-55f3-b0b7-edf08e465684,,,
0,闻歌Yuriko,bilibili,3493275677756014,2861,dbe20ce2-511b-55aa-b0ae-d6c498c19ef0,,,
0,墨灵吃饱饱,bilibili,3493141892040724,2860,00866fdb-d26c-572e-9c6e-8b1e89ab999a,,,
0,宅虎tora,bilibili,174211723,2857,48f27ee5-333b-5437-98f7-54e11b439edd,,,
0,御守月島,bilibili,142604245,2855,a5c93927-4cac-579b-a8d5-2605c362c04e,,,
0,琉夜Ryu,bilibili,478703658,2855,bfb1d3d1-97a1-5151-b377-4c43f9770dd6,,,
0,Miss神游,bilibili,3537119888804037,2853,cd3b66f2-52bc-51b6-bb96-9c7eb53cab2a,,,
0,林玖意,bilibili,3546559704730029,2852,5d72db04-ee4d-521a-a03f-0cafd6411f1d,问尘仙会,5f2eac9f-dc17-577f-a22a-19003e81fcdf,
0,Kokoromii,bilibili,1126225283,2851,27e8a966-6d27-52f7-a14d-4ad8328c6e7b,,,
0,每日必口胡的橘喵,bilibili,3493292996037572,2850,7bebc0cb-a90c-5afd-a36e-938202262fcd,,,
0,司晨婳锦,bilibili,2115613286,2848,a7afb793-cd87-5c0a-84d9-1b39a3cd85dc,,,
0,飞鸟闲,bilibili,49869871,2845,64dbc641-3d41-5b05-bf35-409648c3ab74,,,
0,空调灯代,bilibili,471678922,2844,98e02d32-6ce1-5db6-a7ea-153ab2074a39,Afutech,fa86cc75-0288-55e4-a6f9-e1c4134a8ec0,
0,天井一号Beta,bilibili,489406226,2843,ff7df7c9-d0a5-5352-80b2-67c4acdf29fa,,,
0,蒼唯有栖,bilibili,626562,2843,4dac1e59-c989-5c90-a92e-f31390bdc14d,,,
0,卡琳Official,bilibili,314745561,2841,8dc1559d-af5a-5945-a33f-dc3c5eba3935,,,
0,蕾姆Rae,bilibili,1893715443,2841,5a7d8527-13f5-580a-ab33-3e1cee784ce9,,,
0,菲诺Channel,bilibili,1289434903,2839,e9c4c47b-4b8a-5353-860c-dcca422df6a7,,,
0,十一E1even,bilibili,383860407,2838,f1be4b24-14cd-5b3b-9a5e-a1087fa0d01e,,,
0,爱梦空Official,bilibili,577881959,2837,26abe017-69a8-5bef-8114-858246a51bc0,,,
0,白川千鳥Chidori,bilibili,1428543745,2835,41fed705-0429-5afa-9d5d-b084894f3029,,,
0,艿梨Nori,bilibili,3493268763446099,2835,caaabbfd-3da8-56e7-9404-f228c813ddf3,,,
0,雪利要睡觉,bilibili,1241565217,2834,4cc8c4c7-95c8-5bb4-b0b4-ae02b28deaf4,,,
0,維洛妮卡Veronica,bilibili,2006574783,2829,da1171c2-2849-5202-b8df-4df20a8fdcf6,,,
0,江逸淮Hail,bilibili,2136316539,2828,14e7813f-eee4-541d-9120-a5121f5b7a3a,,,
0,韩憨憨吖,bilibili,3546673116612824,2828,7f884e54-72ba-525a-903c-792073f06473,,,
0,花禾晴_Harumi,bilibili,3494349287459354,2827,c44fbe11-e73f-5a0a-aabb-3c5f34f35e3c,,,
0,魔女夏洛特,bilibili,27682625,2827,e21ee279-89a8-5800-b277-91067da68067,,,
0,幻想乡的琉璃猫,bilibili,17059522,2826,f6f84d29-fb59-5b5a-8788-6a048788e5cc,,,
0,泡芙-pudding,bilibili,3546766437779489,2826,a4ba2528-8838-5cae-9dd8-47e04b1202ba,,,
0,海羽MIU_Official,bilibili,1526090,2826,d9576bdf-8221-5287-bf57-ed523536368f,,,
0,艾羽Sola,bilibili,3546921100643076,2825,9a9bcd10-2b70-52d8-a2c3-e0def3b29799,,,
0,敖小呜,bilibili,387043415,2823,dff1968a-4bba-5214-8f7b-f9ff7b2a0c6c,,,
0,水莲Suiren_vt,bilibili,1040604211,2823,5c0c33a7-936f-5c52-824e-aee0ec640cde,,,
0,风信子Official,bilibili,1025421127,2819,a87371a5-7e59-5487-9f5b-2eec77f21234,,,
0,朏酒酒_feifei,bilibili,2100875153,2818,3591cd7b-687f-5135-ab06-a479a9af53d3,,,
0,詩千帕拉ShiChiPara,bilibili,574400,2816,dd33f104-2817-5368-8616-75469f9d5d21,,,
0,晞月_Lalune,bilibili,1159412627,2815,1ef8b834-4c4a-5b9f-b908-e7fa59154a67,,,
0,夏狐kaio,bilibili,18060066,2812,225a66e7-7f5c-505b-aa09-4ce7f28ed405,,,
0,小鹿るるちゃん,bilibili,626521698,2812,b2636534-9b96-5b70-a9b1-7b42f42bb78c,,,
0,甜音er,bilibili,38733602,2812,7046b662-4339-51da-ac61-8ddf3564de7e,,,
0,奈菲尔__TARI,bilibili,3537118747953216,2810,73ef21d1-d3fc-5c6f-8ae0-86921cd70d22,,,
0,ヌコ-Nuko,bilibili,303208501,2808,3d5424c3-2b11-5c1c-aab1-d11b6677ed98,,,
0,卿月Agoni,bilibili,3494362191235572,2801,b6ff9c01-f307-5daf-baf6-ceb7008268e1,,,
0,月兔,bilibili,1546247673,2801,2f7cb22c-cd8d-5459-a1b9-4aea31439a5e,,,
0,弥爱Mia,bilibili,121253638,2800,40b9e6ae-56f0-533b-9963-ef531ce55d6c,忒弥斯project,114c0bc8-d905-5e64-80b4-6a09cdd389a8,
0,喃樱Shine,bilibili,3546815634868702,2798,3603b787-27a4-5594-9c02-08a7439b6cde,,,
0,伊樹菜NANA,bilibili,3494380811848430,2797,77185cbf-4df3-5ea7-957b-357ad55c0b07,,,
0,鱼仔Colo,bilibili,3493257210235398,2792,4f1e6cb9-afa1-5dc4-975a-484d31f00164,,,
0,长乐颂,bilibili,1496212034,2791,8b0258be-b5c5-56f0-a0d6-b92d119f7b3c,,,
0,木司丝丝丝,bilibili,3546391909501764,2789,b87ff271-57eb-5102-946e-43e3228f6aff,,,
0,二鸾,bilibili,3493112496261289,2788,b0d3b488-c871-56ea-b103-8e70d941e712,,,
0,绾绾爱跑调,bilibili,3494356650559688,2787,3274f77a-776b-5318-bff9-916333c4c71e,,,
0,真理爱_030,bilibili,3706984203291467,2783,401fa60c-fdae-5b71-aa4d-cae51a3c1656,,,
0,翎芸ya,bilibili,2425882,2782,950b4430-6366-572e-9f69-89a26604ffec,,,
0,梓虞崽崽,bilibili,74092354,2781,0a0501b4-6787-5df5-8ee1-0a7e04bc1e3f,,,
0,永夜可可,bilibili,3546884259973369,2779,0e5c8c5a-ab95-5698-a057-eb535955c6ba,,,
0,千夜Chiya,bilibili,8226018,2778,84d0e907-c1db-5b81-94e6-6fbb02c7fa60,,,
0,羽柴紅魅Official,bilibili,626694693,2776,c4ba3059-0bf7-5b1b-9396-2074c973a2ea,,,
0,贝陆塔,bilibili,3493128935836157,2776,40b9d2c6-4c9d-515b-8608-f1256c9b0b56,,,
0,缪紫吟,bilibili,3494364944795999,2775,c2c00e86-3db3-5aea-98ec-91b8a5fa01a7,,,
0,里雅Riya,bilibili,394085524,2774,867061f2-e992-53c4-bdb3-53f08ca4abd9,,,
0,桥雾见Jolno,bilibili,4131251,2773,669636be-375d-5e25-b0d3-c35019deb583,极光社,9548b50d-dbb9-5b8e-9a4f-a86239ac14ca,
0,汁汁超会唱,bilibili,3493138169596854,2773,1964a7b7-1e31-5bb8-9c58-7e47545b25c4,,,
0,顾澜Gulan,bilibili,386142747,2772,0c1af97d-63f7-5490-b633-c9ad0529857b,,,
0,404Hell,bilibili,3546916551920336,2769,d7e5075c-109d-5ac2-98d4-1b8f046c6893,,,
0,卿妤笙,bilibili,3494350921140806,2769,2e0fe366-4e6c-5b91-bc29-816e8a98ca89,,,
0,奈卿naiky,bilibili,1438641423,2766,985bf0d2-8761-53a2-8355-d199298f4748,,,
0,连山姬_official,bilibili,2445421,2764,537289a5-bd7e-5a97-ade9-4e43908a20db,,,
0,施尔尔anna,bilibili,3546884626975361,2763,7b8e88c0-b82d-5bc5-b765-53a19962de18,,,
0,栗吱莉莉_Lily,bilibili,532302087,2763,a140e38d-a2e2-523a-a676-94da227867c1,Hanabi_live,06620aad-1e28-5c4e-995d-cf7c03d43f15,
0,蕾米尔_レミル,bilibili,242592667,2763,062d05b3-855f-585e-a1ea-f43f4b930caf,,,
0,奶fufu吖,bilibili,3494373908023795,2762,61d554e0-9302-504f-9154-ce92cdda0540,,,
0,綺羅綺羅星_kira,bilibili,3493076536396664,2762,e40cbd9c-0416-53c8-a8b3-583a703bf908,,,
0,Maquia_official,bilibili,1826989306,2757,38d56088-1adf-595e-a172-0fd9086fa58d,,,
0,森么都布吉岛啦,bilibili,13886943,2757,a4459780-89d3-5be0-b2ed-834391f75c21,,,
0,过秋Goqiu,bilibili,5005356,2757,b732f0df-c8b0-5840-9f6a-c8316dbc622b,,,
0,依兰白,bilibili,20621262,2756,52c7d5bd-0915-558f-8419-f9a02991c366,,,
0,真红之蝶kurenai,bilibili,3493296324217792,2756,e4562c1b-98fd-560b-9996-1e254fc308c7,,,
0,希达star,bilibili,3494379371104645,2753,4f29a60d-46cd-5070-a830-5b0f89ad991f,,,
0,Lia_Xxo0,bilibili,3493145190861659,2752,568d4cd0-2687-51cb-b614-ab54c98a269e,,,
0,夏可ShArk,bilibili,38286918,2752,2dc45fd8-f118-5a12-945f-7b99b382fda6,,,
0,禹恒之鸠9,bilibili,3493266590795962,2752,fcbe69dd-efc4-5bc3-b248-f3f77e558c85,,,
0,星野ニア_Nya,bilibili,78094907,2751,a33feb64-c0d4-5d84-92f6-e71cc240c053,,,
0,黄ノ星つくりOfficial,bilibili,690147773,2751,ab16e5d3-4ed5-544e-baed-86322b944d2a,ZEROproject,5b24d707-9143-5dbe-8e3c-c38405545e77,youtube:UCYTYgKUG7Q_x8QXSySgstFQ|showroom:knhs_tsukuri|twitter:knhs_Tsukuri
0,新宝Enthusiastic,bilibili,389157562,2750,0c599f72-e977-5dc2-91f3-de53468514f0,,,
0,星波海来,bilibili,3546388438715068,2750,0fd79c82-ce6c-5ac8-8bce-b52c47f628dc,,,
0,柳啾啾,bilibili,3537111349201162,2749,4758de39-e283-55b9-99ad-0194c4a7a6ad,,,
0,浅岛绿,bilibili,1484452985,2748,140aec9d-f00e-581d-8fb3-e1ec92c14dd4,南十字星project,cc1ed03e-7840-5738-83b7-b637c02b00fe,
0,扣子kone,bilibili,3493282518665373,2746,5aa9b3df-ce36-59c2-afb8-02cdd9330b73,,,
0,三七有点二,bilibili,1545319815,2741,140d88d5-0e37-572e-8205-0f3f447ca7ca,,,
0,塩本花楓Channel,bilibili,524816,2740,57f29c40-5dd7-501a-9acf-f24a81c4d904,,,
0,橘沧溟,bilibili,610945661,2739,c5ca2268-41a3-528b-84a0-898f9ec82f57,,,
0,白雪霙,bilibili,1934292,2739,ec764bf1-e597-58e0-bec2-257aaa1cfe95,,,weibo:5655788929|afdian:FrozenLemon|peing:ee7caf698b3bec
0,艾池ice,bilibili,1287760245,2739,d0211489-c26e-5f8a-9a0b-46c0f675c8ac,,,
0,墨皓喆-Ink,bilibili,3333821,2735,ec07978a-5661-58a4-a052-21c2c8becf69,ChaosLiveSprout,e67fb222-1c4e-5f19-84da-9e8beba2c365,
0,乔乔ぐ,bilibili,3493129904720207,2734,a31dfff2-6e26-5d3d-9539-0600cde60a0b,,,
0,千川ams,bilibili,13007760,2734,174885f5-6b17-58fa-bd1c-097d663f60a6,,,
0,安静嗷呜嗷,bilibili,3493136462514289,2734,f4655db4-a8b5-5f8b-9cce-4410685720a8,,,
0,幽妮_yunny,bilibili,58269873,2733,ed5a3078-f534-57fa-8a6d-2d884dbb59d2,,,
0,非与Saint,bilibili,1372887496,2732,5ab9726c-2daf-5843-bd50-aae751452068,,,
0,小野菜籽,bilibili,3537110602615272,2731,61b1821b-31a3-5033-a437-f51fdc71e576,,,
0,苍梧谣谣谣,bilibili,2075272,2731,4a2b6ee1-2c2a-5fbf-883b-d52b5e38cb52,,,
0,德凯destiny,bilibili,3493261574408228,2729,015f3b62-eb1c-5513-9913-16d6d664df25,,,
0,月岛芽芽,bilibili,1829143880,2725,e08bffa7-5318-53fe-a85b-6befda94db86,,,
0,雪黛兔,bilibili,3493118789814884,2725,2e619c59-2faf-5382-b8b2-14bfa53f5256,,,
0,琪琪子-kiki,bilibili,3546900777142795,2724,0b7d4cc1-dffc-5702-879f-e1046be9a67b,,,
0,温珀子ねんねOfficial,bilibili,153869,2721,b7966f0b-7e43-54b0-8a22-03976bf9d8b7,,,
0,兎桃みみこ_Official,bilibili,1162364311,2720,94f528b8-91f1-5422-add0-e84f6a8eda89,,,
0,千漓Channel,bilibili,402830371,2720,a7c23856-51d8-5073-948f-1e7e21ffe5df,极光社,9548b50d-dbb9-5b8e-9a4f-a86239ac14ca,
0,蝶礼_Delia,bilibili,1390615961,2718,7c868478-b9d9-562e-8009-d792e9e7c2b3,,,
0,不瓜皮的喵喵头,bilibili,19855995,2717,5fbdcf36-91d0-5263-8c99-2526e0aba3c5,,,
0,星宫がん,bilibili,102600,2717,5eefbe12-27b1-5d96-a2e1-b795893777cf,,,
0,是鸭鸭鸭吖呀,bilibili,1148835473,2717,3a588a04-b9e8-5aec-990a-f5f5d62a4124,,,
0,友枝Tomoe,bilibili,1447392763,2714,a0788091-81b1-55de-9cf2-90a6454fb9c7,,,
0,热热_zomi,bilibili,3546882366245378,2714,df948d4a-6835-548a-8d37-1406b7bcc234,,,
0,奥菲莉亚_Ophelia,bilibili,32599229,2708,58cd2f2a-f52c-5eb5-be07-338c081ee159,,,
0,人间会社Official,bilibili,31941203,2707,43e8ac75-93da-5af1-86ed-91454f9a6085,,,
0,熊くま喵,bilibili,3448258,2707,90ab4d5b-0aec-5003-8838-a26d200dac13,,,
0,罗云,bilibili,277290818,2706,83b20a80-ed7b-558f-ac6d-7aeb06f39d48,Wenthernten,f0f6db36-c594-50bd-ae6a-5032878a8ce6,peing:6991eae127a0da
0,元气嘻嘻欢,bilibili,1328664579,2703,e807efb0-cb22-529b-8216-fb52e4667a9c,,,
0,ReaLieVT-Offi,bilibili,1727965578,2701,5bebb778-2380-529d-b539-f5edae3c1325,,,
0,拉芙伊娜Patience,bilibili,1709066906,2701,b9729cda-9299-5a49-8a9f-704cc98d6f04,极光社,9548b50d-dbb9-5b8e-9a4f-a86239ac14ca,
0,天才果奶,bilibili,278406849,2697,4f339a71-79b6-5aa4-aadf-1a45b7929e58,,,
0,劳伦斯lawrance,bilibili,3493140218514110,2696,b3a1cad7-b604-5b6d-b0a1-aad6626132ee,,,
0,流风Chaos,bilibili,3494357409728535,2696,ba0d2621-4e52-53f2-8d89-63e587e3aae9,,,
0,酸菜ダレ,bilibili,64228120,2695,36e6718f-b8fc-570c-82fe-62e6ce7fe552,,,
0,火锅Asahi,bilibili,514416148,2690,4c91f229-dd01-5c2c-ad41-b87d829db248,,,
0,月城莉莉,bilibili,1840596089,2689,f4477b30-6f17-568e-8590-cd57bd6aff16,,,
0,桃野琳,bilibili,3493145037768983,2686,6cc16d55-c46b-5b51-bd53-4313d9aead40,,,
0,冰柒灵_er,bilibili,3546658413480905,2685,cdba128a-d256-52d2-9645-6beba72db938,,,
0,四宫佑椛,bilibili,10051195,2684,be34f024-3849-5c1d-abfd-7118aac48d0f,,,
0,晴音_Melody,bilibili,3546701453330495,2683,81fb1208-20b3-52c7-b8c4-8ca16225ad98,,,
0,栀空翼Astra,bilibili,2089622075,2683,add83c35-8419-5c46-b3ee-306c892c9cd5,,,
0,染谷杏,bilibili,1910639,2682,6dcf98e0-3ee8-5e57-ba63-a500c4686d1d,VOMNIS,a9c452b8-faba-53d1-92ad-83337135e2c3,
0,花見弥雅_Mia,bilibili,3546385601268337,2682,2a3fd911-d8e9-5511-b8cf-48a5e2c34fe0,,,
0,西园奈音-neyi,bilibili,3537122189379882,2681,ec3575f7-eb22-5338-8f42-dd72f4bc0319,,,
0,没什么爱称,bilibili,318814252,2680,610a4d24-e1b2-5136-af02-d251f7185aab,,,
0,小禾快快长,bilibili,1641265464,2678,c0fd54d8-52b7-52da-8a51-1d54dfdf825c,,,
0,雨音歌恋karen,bilibili,1533569609,2678,b138e992-8b6b-5c18-8ca2-b5becb4ec584,Tinsgoo-Project,e2e54677-6608-5996-9976-464cfd4ed739,twitter:TP_AmnKrn
0,六六想啃竹子la,bilibili,1795283605,2677,844714b8-544e-5ab5-9e77-06b0dbe176ba,,,
0,是白宝吖,bilibili,1957630985,2676,43401889-8b06-57ca-b6d3-281d54fd38df,浅海Project,08e83e80-ba92-538d-b63d-fe0592e8af6c,
0,花楓kae,bilibili,350764795,2676,1f015277-4263-535e-90ab-7c9ed3194a5a,MiosLive,bf741674-6d02-574e-b862-a404fdb6d6dc,
0,星野ニア_alter,bilibili,17720955,2673,9fad85d7-4cf8-5b72-8780-038da3fbed19,,,
0,傻傻Sasha,bilibili,77573190,2672,2151b362-9adc-5956-b5ae-78edb45733c6,,,
0,夜德奈奈Nanayede,bilibili,9233284,2672,4c456533-6916-5f5b-9cd6-06ba026f1f26,ProjectViberglow,fdb3ee6d-3a2e-5bfb-b724-aeb9b223de69,
0,橘枳茶j,bilibili,702596883,2672,fc69c27f-bf6f-5c30-90d2-0423aad8fa4e,,,
0,暝枝,bilibili,159034962,2671,0de15ea8-2fe6-519d-95bf-25838343b8f5,,,
0,枫,bilibili,383219722,2668,308c0eaf-d90f-583e-8b02-9bb038b680d9,,,
0,龙龙就不怕困难yo,bilibili,3546562399570146,2668,db1c8faa-602b-59fa-ab63-92883ac11e79,,,
0,北極星スター,bilibili,2192963,2667,53e80417-b413-5cb5-8af9-5feca2ac00b7,V_G研究所,30f0a6c7-e49d-56b9-8dd9-60bf6539212b,
0,呐呐Uni,bilibili,450124086,2667,d1e6bdcf-c821-5272-928e-03ddfc05213b,,,
0,柏雪阳,bilibili,3493279547001123,2667,f49115a7-56e8-5c51-89df-b1b193fdb6b4,,,
0,鬼怒千月,bilibili,1617745556,2666,d47dc7f3-5a59-5f6f-9680-7e384ff7bbf8,虚研社,d7af6703-ed00-53bf-aa46-0d5cf679925b,
0,ヤマトイオリ,bilibili,369476743,2664,fee956d3-7e92-5f3a-9993-d7fd94921ca7,,,youtube:UCyb-cllCkMREr9de-hoiDrg|twitter:YamatoIori|userlocal:0DBEE093D8E2D16E_983a4b
0,天才小山竹,bilibili,46541062,2661,9979634f-40fe-57a8-8740-2e9344d6d0fa,,,
0,希罗_KiraraChannel,bilibili,8230334,2661,5881a215-3b94-54cc-8532-cd58074e87a5,ChaosLiveSprout,e67fb222-1c4e-5f19-84da-9e8beba2c365,
0,日和朝奈,bilibili,12706482,2658,4a108c30-15f7-5233-b137-3a4f923d13d7,,,
0,思落Sly,bilibili,3546686139926802,2651,f26c48b1-f9a8-537e-b6c6-7ddd02134ca8,,,
0,空色两仪,bilibili,1651400,2651,e19e0516-0b70-5c63-a0a6-bf3238a3fcd3,,,
0,钓只喵喵糖Candy,bilibili,1194990938,2651,4c17b5d5-ec4b-5c9f-b753-3e78a9fe94f3,,,
0,暮夏知晚,bilibili,3493282969552993,2649,69dda58b-ebf0-5507-9886-82561cbefddc,,,
0,噗叽Honey,bilibili,1372533496,2647,f54b895f-d33b-5fc7-9b73-2dff897710af,,,
0,米娅洛丝Mia,bilibili,1684023191,2646,25dea457-b88a-54e7-a00d-ceb081227ec5,幻想社Fantas1A,5074200f-7ef8-5480-920e-6c21f74cedd6,
0,白澄常花Official,bilibili,5020601,2645,ec143cf7-60de-5bd6-b732-9c27f9e97582,,,
0,小悠,bilibili,197732626,2644,da43a10a-5908-5ba9-9876-c6a40f01e217,,,
0,EC-03C型试作机,bilibili,2007539336,2643,d5d1cbb9-e493-5ea7-b97f-46e53f028d08,,,
0,天音莉莉娅_official,bilibili,578913492,2643,90c14bd9-4f7f-55b6-86fd-06ab43a37758,,,
0,桃莉丝Doris,bilibili,289199282,2642,62c50dee-f95a-5f80-ab4f-2a1b3a1bd3ce,,,
0,菲尔-葉榊Official,bilibili,35727599,2642,2fc92600-6e6b-5b00-a100-08d8fe27bfa7,ChaosLiveSprout,e67fb222-1c4e-5f19-84da-9e8beba2c365,
0,赫斯塔_Official,bilibili,21363840,2642,a68ed722-3623-5c8e-b1d4-cb68d5699580,英灵殿ValhallaClub,9149cba3-59e7-5dfe-84a4-4a8d3280de91,
0,神姬伊娜狸Inari,bilibili,1280060359,2640,65e4b5d1-33f0-59b0-8118-c01a859386d2,,,
0,咕骨头_Gogle,bilibili,3546835599756045,2636,2b498308-7bc5-53f5-9b1c-3fb81e8a6351,,,
0,Massiah_Asylum,bilibili,1878929928,2635,54775ff0-c91e-56ad-b70d-901b044cb2c1,,,
0,Monaka,bilibili,3494370160412735,2632,1b5e1db6-b11f-53d3-b07e-26d41062d172,,,
0,姬野空蝉,bilibili,1637330,2631,47a06333-fa56-5d99-b215-39e698dc1234,,,
0,晏青疏,bilibili,3493144408623587,2631,f81ecc95-fb2f-5e72-a483-cbc2b7e8355a,,,
0,魔仙女团-严莉莉,bilibili,1286614712,2630,1ee553e8-5e7f-5ca5-a089-050f0fbd8eaf,,,
0,含光_Artemis,bilibili,3537112194353761,2628,e624fb3a-79a8-5296-bf8d-934ebb0c70e4,,,
0,唱歌机器漓漓子,bilibili,3546645295794691,2628,ff4fa548-1d59-5b23-a486-9cec2676212c,,,
0,梦咲奈留Official,bilibili,2019096975,2627,cc8dc9bd-b6f0-53eb-b0e6-bf3a9a752e2c,,,
0,絵守未來,bilibili,435380,2625,7f2f20b3-d79d-5a1d-93c1-bf0d0309e76f,,,
0,乐正秋Gaku,bilibili,586836176,2623,1e5cce79-3e5a-583b-92c8-a4a04385888f,,,
0,月出skerry,bilibili,3546755859745286,2623,98c58454-2040-55d9-9427-1fcdc0347396,,,
0,琳珑,bilibili,1915300714,2623,15cb8ba2-86fb-535b-8d69-c34787bc8a20,,,
0,铃音Milk_Official,bilibili,1432977452,2621,b18c3f21-afa3-5889-92ec-eddb13d551d9,,,
0,夙时嘁,bilibili,472239571,2620,b27257b7-5fc8-5eb4-ad37-a9ee6aedce1d,,,
0,希拉Sheila,bilibili,1021344512,2619,2673b71f-ac05-5b98-be57-5e0636714d2f,,,
0,星雾Wuu,bilibili,1911892723,2618,abfaf54a-137b-5433-923f-21aa0e9fbfc9,,,
0,DrKuronoOfficial,bilibili,41806,2617,de45a27d-a0b5-5c32-a222-1fc3af7b1756,,,
0,星羽,bilibili,681892,2615,c3657f6c-40a1-5bac-bbd2-4211d11919a0,,,
0,奈薇Nevaeh,bilibili,3537117686794926,2614,a23819e9-5fc4-562e-adad-dcca7955df1d,,,
0,艾奇_Edge,bilibili,1355365,2614,16fd053d-4c31-5509-a0c8-88742728b544,ChaosLiveSprout,e67fb222-1c4e-5f19-84da-9e8beba2c365,
0,余八忆Baii,bilibili,3493287637813783,2613,c9649c61-529f-5805-9b15-750fca4cc86b,,,
0,麻生忍,bilibili,44386493,2610,762ac8c2-b928-5a43-b32b-f72eb5803a42,,,
0,星小野很甜妹,bilibili,3493081699584129,2604,b0d19251-8c0c-56b7-8e57-18234500d683,,,
0,喵喵鱼nyasakana,bilibili,430150201,2603,29f2ae6c-2c31-591f-80fe-818ef22eb998,,,
0,子丹丹yumi,bilibili,3546880290064831,2603,4d26be16-dc3e-5d47-949a-3509452fe292,,,
0,沁禾子,bilibili,3494358208743715,2601,b77ddc9a-8dbf-5a19-9658-6a81e9aef3af,,,
0,鼎鼎子official,bilibili,517135723,2601,428d61a2-ae5b-50e1-b899-e1c60b8e5624,,,
0,松果,bilibili,13670449,2598,6838027c-dce8-5faf-94b1-8876b6c701f0,,,
0,一大只水神,bilibili,434911691,2596,54ee635a-bd7c-5087-ac02-c551d86cdc4d,,,
0,兔萝YOKA,bilibili,493252584,2596,e558d19f-650a-5529-96a6-109c9cfae1b2,,,
0,雨蝶乄殇莫离Official,bilibili,383388032,2596,979e6d47-fafd-55e1-a327-93efd03ba201,,,
0,茯苓_Cocos,bilibili,3493291479796496,2595,5a19619e-591e-50a9-a294-228e1a283a1b,,,
0,小楠_1w1,bilibili,1322307461,2593,da61a966-4658-54ec-b590-51d62fea1433,,,
0,水川静流Channel,bilibili,5971153,2593,dd1ee536-5b2b-5fb7-8cb1-9eea667f15ad,,,
0,塔西亚,bilibili,22296560,2590,a00e2140-81b9-5d83-af05-e05c230014f9,,,
0,可爱的桐子,bilibili,39189168,2588,6f3f24f0-f91a-5414-9526-c88bc8fbc2c4,,,
0,大大柚-Maya,bilibili,80424897,2585,c8172daf-4dab-5b1b-b9d9-84ad051b4daf,,,
0,時雨院Nagi,bilibili,3537123709815470,2583,bb038919-352b-5f08-ad74-5b506cfa3471,,,
0,伏特Volt,bilibili,1540748161,2582,63c1ab5b-070f-5270-99dd-dc451241a717,,,
0,絨_Antler,bilibili,3493137158768803,2582,8e3352d5-916c-5f66-b6fd-5c46e53b0f94,,,
0,安宫颯翼,bilibili,383994444,2581,95a1f7af-2f9a-5136-bb59-d66ac81861af,Vidol工作室,7bf7dc58-48f6-55cd-8bdb-cf5fa31d8a77,
0,爱遁地的萝卜卜,bilibili,3068376,2579,a2aeacec-51f0-5034-98a4-e67adb735102,,,
0,Evalia_ARP,bilibili,3494357453768985,2571,592aac4c-856f-56e5-b2da-72d9cf793615,ARP,678fbb40-4a86-5d77-b5c6-1d655c897518,
0,婳婳oi,bilibili,10118349,2571,cd44f34e-99bd-5fdc-ab2d-784df05fb87e,,,
0,蟹黄豆腐OuO,bilibili,1328163065,2571,e29e8fe2-8272-5625-8626-376f0425f7ac,,,
0,枫乃暁铃,bilibili,3546956689312602,2570,ad0930ae-de45-573b-bab2-d40038403464,果子本铺（北立交桥）,adb0ac1e-8f0a-5711-96bf-b7bc5676eda4,
0,观月_y,bilibili,3546971335821507,2567,877ff2be-f64b-5c26-91db-ce13dad1d607,,,
0,小咪Mevo,bilibili,3690985466890432,2565,60abf47a-4218-5a7c-a439-dca73738f85e,,,
0,葵三三,bilibili,9216953,2565,c3ef091e-b8c0-5878-8bc3-58acf3d29ba0,,,
0,速冻切糕,bilibili,1515208,2565,4f014f49-5ce1-5314-b5a6-63b2401ca413,,,
0,嘤哚哚_超白,bilibili,3537113716886366,2564,327f26da-371d-5044-bba8-4758fac7aee6,,,
0,季枝-Yami,bilibili,3546939457014734,2564,4e66a017-048f-59f1-881c-22fbafea276f,,,
0,瞌睡蛇Rimu,bilibili,5046018,2564,81f123d5-567b-5e12-9e8e-c51467ea1d81,,,
0,月牙Estella,bilibili,3546717309897601,2559,45d01c84-1103-5328-b02e-274c187d0df5,,,
0,云卷涅涅NeNe,bilibili,2060740799,2557,0b7b90e5-95c7-5c29-b17a-2dccf73d5105,,,
0,东绵不起床,bilibili,2006845096,2553,48f7e107-47d5-5532-82db-1e11d3712ebf,,,
0,_杜英,bilibili,259488519,2552,76b27a4f-1ab0-5fda-8884-1c08c81892de,,,
0,埃洛Elo,bilibili,3493090253867602,2552,d957edae-fb44-54e4-8d67-e471341063c5,,,
0,索托斯Sothoth,bilibili,1381403831,2552,0988e6dc-4b57-594a-9b55-b7865f8cc8a8,hOuOu_Project,3056975b-305b-54cd-b28c-0e005b612a5a,
0,宁一禾,bilibili,525203899,2551,7ed18534-76bd-5d04-95d2-5f531b4464dc,,,
0,亚米Ami,bilibili,440451683,2550,8066a03c-46fe-5e1d-9fde-f4e9474b99c8,,,
0,小森司Tsukasa,bilibili,3546940308457583,2548,1d79a4d0-cf45-508e-976f-6267d5c3a188,,,
0,奥斯汀austinuki,bilibili,28202994,2547,a3d83dab-0a74-5794-8228-fd0684348b3b,,,
0,初墨Pipi,bilibili,3493146570787787,2545,bf332697-50ee-5a51-b517-d0e327e892df,,,
0,澪度mio,bilibili,2107294563,2544,c2a92de0-af6a-5ccd-b65c-f991461eece8,,,
0,星野Rika,bilibili,14407544,2543,e8f0eef5-7c01-5793-bd15-c62af054b274,,,
0,小夜yelora,bilibili,2089433778,2542,0c584591-aa35-5f11-aa64-ab6e2b1efbfc,,,
0,空神樱,bilibili,3546869282113636,2542,ac514474-2c43-5ce8-990f-bdb7dff0ee0b,,,
0,梦莫_Memo,bilibili,3493129541912959,2541,a668a10e-9d36-5f00-a5b8-676eb77aac5d,,,
0,小熊藏藏茶,bilibili,11284438,2539,476628e9-9add-576d-825e-8094ca7f9bfb,,,
0,o糊菟菟o,bilibili,3494354427578555,2538,59538607-c4fc-5a71-bc19-2ed3ba395005,,,
0,奈斯_Niice,bilibili,327685136,2537,5029ffc7-cbbf-5923-afd8-e8c532d6da1c,,,
0,托可莉亚official,bilibili,85523780,2537,9717d9b8-b9e3-5550-b3e2-c01860b26b0e,,,
0,瑞茵-Lapin,bilibili,524805480,2536,507c073d-71fc-5fb8-90f5-7d5c5febfad6,,,
0,夏萤cloud,bilibili,3494353083304485,2535,ac83998e-8f6a-592e-91cb-93568f2fc244,,,
0,伊佐夜,bilibili,951976,2533,1452e8b3-27ca-50cf-9f53-a281044352f5,,,
0,伊戈罗伯,bilibili,32071935,2531,a773f693-4e59-5f0b-9af7-67beb2516eeb,,,
0,甜心小柚柚,bilibili,673818668,2531,4cdafd7f-6b77-5835-bf92-f7f7c181728b,,,
0,曳光_Drk,bilibili,3546754402224923,2529,3de34c83-4189-5e1d-ae68-f513ad4d2edd,,,
0,夜祢露露Yoruko,bilibili,1495217405,2526,669522e9-9ca0-56b0-a31f-1f3e618309ba,,,
0,诺夜洛祁桑,bilibili,348436944,2526,ae960d3e-938b-5d21-bf2a-0c135eccc9d1,,,youtube:UC2pgR5ymUSD9Phepm0ej8CQ|web:https://noer.ga|twitter:398noe
0,凤凰院千夏,bilibili,475570,2525,b1400217-36c8-5a52-828f-ca882d352f4a,,,
0,迷小蝶Official,bilibili,524575529,2524,9a33b092-3fd9-59ae-8950-574f1ad5d6a7,,,
0,霜夜HALO,bilibili,3493279263885907,2524,35ad77e4-310a-58e7-bde8-1b652409a687,,,
0,宠儿voli,bilibili,18982435,2523,907d6fd5-fe4c-5efd-bf21-0c3c577e06b4,极光社,9548b50d-dbb9-5b8e-9a4f-a86239ac14ca,
0,樱谷响channel,bilibili,221039280,2521,02cfa296-62fe-5b6a-86ea-6e595cff7226,,,
0,啦比_rabby,bilibili,1308913495,2520,71f53f38-ac3f-5622-8396-dd3f89bdc231,,,
0,一奈,bilibili,49714069,2519,9e85be07-4907-570d-974c-3c2443a7d1c6,营业十三部,486c63ef-ef29-5ec5-8930-8ccd6dce837b,
0,绒音喵,bilibili,145279034,2517,9d1d8815-9ba1-5570-a80a-7754ec58f752,,,
0,山茶Kamelia,bilibili,1609157724,2516,98dfbfe1-1840-53b7-b22d-93549b3bf0c3,,,
0,晓念_Echo,bilibili,354331794,2516,b750c028-7c11-5a3f-95ac-82be95e0c65b,,,
0,莉莉雅ria,bilibili,1253390522,2516,c775d68f-6fa8-5632-bf4b-c80ab6cf5a93,,,
0,黑川蓝KurokawaAi,bilibili,1284680,2516,2490d139-f773-5a2a-969a-ffe3da394d7d,,,
0,紫咲さとり,bilibili,1889516,2514,c5bbe463-2e0f-5cc8-8ca7-819df61f8157,,,
0,程诚橙Makoto,bilibili,1329434,2511,518c7c44-4de6-50a3-998e-41dd97d9c19e,,,
0,虾仁有亿点咸,bilibili,3546874105563730,2511,9279edfe-2208-5519-aef7-5057d9c4f9e7,,,
0,Setsu-夜灵,bilibili,16965625,2507,175e7b51-8146-5774-9001-f51da0a62164,,,
0,喵喵_oi,bilibili,253918125,2506,1f4ec0fa-c574-53a2-9bc9-ce7de1945ff0,,,
0,Ako_official,bilibili,1071993421,2505,3a422fea-42e3-5828-9eb5-fcbd790124a1,,,
0,Fever无糖,bilibili,16485175,2505,7fd6c3e3-d384-5d6e-81a0-9bdf427de682,,,
0,reichitose,bilibili,1955360604,2498,5aaa80eb-f183-518f-882b-2f4916f984a3,,,
0,黛比Hibi,bilibili,1043235231,2498,ecb32e31-f972-5abe-b2b3-38e94a2a9c9b,,,
0,椰米yami,bilibili,3493135105657558,2497,a7eeffd2-706a-56e4-87d9-23d6d3c26105,,,
0,MZM的秘密古堡,bilibili,432062669,2494,c2bd3645-305e-5c7d-bff6-ddc0d07850e5,,,
0,星野结花织,bilibili,3493256627227290,2493,4f966650-d186-5e84-82bd-fd229f78ba6f,,,
0,黑赫德Hepherd,bilibili,1707853573,2491,14d7721a-6e03-53a1-8399-9caef56ec89d,,,
0,弥音mew,bilibili,3493286163516074,2490,85edc2e9-e004-5d35-8bc1-79fa77ebf5f6,,,
0,NeroRi,bilibili,3537124399778686,2487,e44b6fb1-c993-5542-96d5-1430a080c9d5,,,
0,小兔煲,bilibili,9347784,2485,5f3e92d3-ae9a-5f51-ae48-db189f14f695,,,
0,夏樱Official,bilibili,1950988748,2482,4f94e90a-2eb9-5c50-ba84-da1c2e21a6dc,,,
0,Cameo卡莓洛,bilibili,2314216,2480,86724480-0d6d-5167-a84b-1cfb1e8d59ff,,,
0,五牙Kiba,bilibili,529865,2478,9b814ec1-7762-5eec-802b-05cb4cc7be2c,,,
0,叶西西睡不着,bilibili,22004492,2474,aca95fe7-a3bf-5c5f-b1e2-077dade8184d,,,
0,喵酱,bilibili,2142957261,2474,204eb92e-d2c8-58dd-823b-c0e8305ca471,,,
0,九岁_Kyuu,bilibili,3461576250099802,2473,75212f5c-21d7-51a1-938f-87cfc1f882eb,,,
0,浅川琉璃,bilibili,1485168944,2473,7dcb378d-904d-52af-8042-031622e3f2f4,,,
0,艾零Vicky,bilibili,3493146212174095,2469,638acffa-bbae-50e0-8669-c6fd8988e185,,,
0,姑苏阿苑,bilibili,3546378533865483,2466,0ebaa075-094a-57f7-8352-80bc2364e8b2,,,
0,顾眠Nemuri,bilibili,231015956,2466,e05f6fe7-de06-54b6-9583-7989e2f6e390,,,
0,鸽布林u,bilibili,3493267228330427,2464,22294a6c-b671-577d-a4e4-27355606dd23,,,
0,迹择JiZe,bilibili,3493272267787074,2461,7873e2d2-41a8-52ef-a7c8-f140cc99a78f,,,
0,步谣,bilibili,4841151,2460,ae28afd3-0330-5991-a1e9-fadb86578126,,,
0,花茶紫酱,bilibili,3493137846634754,2459,be8e7ef6-84e8-5564-ab12-5c7c6304a201,,,
0,千雅Qiana,bilibili,1292417066,2458,daa74cba-e6f5-560b-ac6f-6fabce7e2b10,,,
0,圣月神乐,bilibili,490240236,2456,9d673d5e-a164-5af9-9336-3c32d5e231cc,,,
0,无疆Limitless,bilibili,85774382,2454,7bb506a7-688c-5115-bb51-e5cfc327566b,,,
0,南笙__x,bilibili,1755092759,2451,4d31ee63-1a2f-5028-931e-9713b007ace8,,,
0,池上暝,bilibili,3494365771074312,2450,7891b03c-c7b3-5336-91ea-a8b80601916e,,,
0,小绿niko,bilibili,3546378846341773,2449,5c93f276-a485-56ab-a5f5-db1c218cd1e1,,,
0,不知晚_wan,bilibili,3546875114293658,2448,5cb9ab78-621e-505d-92c3-35b4701078a6,,,
0,依依Eyi,bilibili,476265345,2448,733be5df-3c41-5d04-acae-6d9448011e0b,,,
0,春里Haruri,bilibili,1782342595,2446,eb3021ae-adc8-5982-9402-237b4e30996d,虚研社,d7af6703-ed00-53bf-aa46-0d5cf679925b,
0,狐羽桜channel,bilibili,430091486,2446,d77b7f79-176c-5948-9328-dc3494e101f0,,,
0,问倏,bilibili,3493136020015116,2445,1e2b7109-31b0-5bd6-bce0-4f03c20a14ef,,,
0,恋一KoiChi,bilibili,289552666,2443,639e5923-c50a-5366-8cee-2d3a08d505c1,,,
0,RinaTA_6,bilibili,106153312,2442,4fabb60d-22c8-55b2-a8e7-bd3c688c0d4c,,,
0,千雪汤儿_Yunokawa,bilibili,4664744,2442,98efb884-d47c-5f18-a850-6e2a473de96c,,,
0,柒崽,bilibili,129927976,2440,2b22f9c7-e6a4-5812-9be5-2e3871a09c6c,,,
0,呱呱老六,bilibili,3493111135210145,2437,953145ed-f292-521a-a241-e564fd140264,,,
0,天才小柠伊,bilibili,1085546349,2436,ca975755-233d-5366-93ee-c32d49824f4b,YOLO,a7195ae4-4ee3-5905-a447-4c528d788666,
0,奥菲莉娅_Ophelia,bilibili,3493142984657132,2436,ef7845fc-d654-5bd2-af58-ff447723c74e,,,
0,比奇堡名媛馨馨,bilibili,3493273106647704,2436,cd1439db-558a-557c-b0d9-86b057200e02,,,
0,澜洛_Amika,bilibili,1267221749,2436,af48e691-174f-53b0-bac9-092f9c086f71,,,
0,涅厄Nieo,bilibili,3493264940337643,2435,29b86ee8-2142-56d8-8ab6-926d5303864f,,,
0,羽织希_official,bilibili,412808470,2435,41bbb940-2808-5d6f-8f05-124621c6ddf7,,,
0,叁鸠San,bilibili,21542294,2434,ac992393-4bc7-514f-8cb3-95b0d6d9b643,问尘仙会,5f2eac9f-dc17-577f-a22a-19003e81fcdf,
0,舞-Mai,bilibili,1627197427,2434,69e84b86-57ef-51ca-9c75-30c93ea65a45,C-Live_Project,54f12813-1527-5f52-b566-3b36f51d676b,
0,易芷音,bilibili,860774,2428,f3a1208d-7cc1-5b82-b8c7-682f7b6e8e99,,,
0,艾UEiyo,bilibili,1861964150,2426,2105bdba-ec46-53ba-a12f-816cfc297d8f,,,
0,星空ほたる,bilibili,21729322,2424,0485fb54-e250-5fc9-bd37-829f8bd8de61,,,
0,森眠Miyako,bilibili,3494370521123645,2422,31ba2ad7-ade0-510f-8516-59329f1e5bec,,,
0,琉特ryoto,bilibili,308999610,2422,d4782fb4-3cf3-590c-89c8-3c0739945fee,,,
0,竹一墩uzoo,bilibili,549288373,2419,e1bd9fac-46ee-5871-a69e-7b34dc820baf,,,
0,妲小喵,bilibili,641700024,2418,b24c3710-0956-57fe-9bf9-548b169f8b6c,,,
0,憨小喵很可爱,bilibili,3493288359234156,2414,bb00b466-a657-50f9-96e9-451d3f39a782,,,
0,摩尔钠Miner,bilibili,1078707962,2414,eb32cc90-2494-5020-9eec-6212cb530f0c,neko贩卖机,1ffea7e0-c456-564c-92e0-39055dd69064,
0,南音弥,bilibili,9205735,2412,90e8b76a-0f07-543e-b6fb-b8e3115c75f5,,,
0,年三岁sama,bilibili,3537111974152580,2412,a0a0d27a-1cf5-5283-883f-61457712c55f,,,
0,晓镜子channel,bilibili,4516245,2412,6c54201f-3e66-5c64-8f40-ddb381e54ad3,,,
0,林渊Kylin,bilibili,401848412,2410,02c89744-aa65-539d-8da0-83c66911c5da,,,
0,竹井酒Sake,bilibili,25082964,2410,871ab256-8e93-5357-82e3-217a8da92125,,,
0,晨风zzzZ,bilibili,250879568,2408,6cd7d126-5c6f-59f7-a6fa-0d28b3080d4b,,,
0,氷雨零Rei,bilibili,1844336971,2408,6f7a13cc-1e3c-5eb2-b140-3f4b860c5b4b,Croven教团,af7d8e20-2164-5373-a4b1-9a31c085fb7b,
0,奶思初,bilibili,342193167,2404,0f5f172a-bdcf-53dd-b6e3-5ba025211a96,,,
0,OldClerkLilith,bilibili,7198712,2403,0803582a-c7ab-512a-a2a1-927f69d13702,,,
0,小阿宠mya,bilibili,3493296265496629,2402,c735e134-1c65-5dff-87ab-1331f4df2218,,,
0,理奈nya,bilibili,3461582950501088,2399,dc476279-3636-5aca-85bb-db2c14ec7faf,,,
0,栗臻果,bilibili,404720636,2398,85a76ac1-f5fd-5ad9-b59f-4c558fb45a20,,,
0,棠草Ruri,bilibili,3691012266395947,2396,7c5acff0-1701-5456-b29f-669f5b91a9d8,妖精管理局（北立交桥）,c8d7d021-ce8c-56f6-90a2-ab8758b3ac8a,
0,椰可_Official,bilibili,11411655,2396,36703164-9f00-5c49-bbf8-a128f1b0e39d,,,
0,暮云Aspire,bilibili,497616569,2392,63ef1d0d-8413-5039-86a7-fdb1b5ead32e,,,
0,月虹不喵,bilibili,3493261415025118,2390,94f3bbeb-0aa2-5c92-81d7-e1c02d76bf49,,,
0,笙笙Siamira,bilibili,3546894296943135,2390,61bdaf37-5645-53cf-9a27-bc4f53e567b4,,,
0,桔茶ヤヤ,bilibili,1536735500,2388,b8b5383e-66fc-554a-9d97-76b5f7f2b111,,,
0,眠星Minsyou,bilibili,3546386679204186,2388,5f23964e-a253-52ba-b572-5580dbb27d1d,,,
0,星萝Cone,bilibili,1983022435,2387,ff14a2a4-0f28-5e08-8e12-9725161f2f2d,,,
0,池念Lemon,bilibili,482300028,2387,f985a797-6898-56ad-a0be-831739cad7cf,,,
0,超绝可爱绘理娜Erina,bilibili,3493263069677827,2386,605d7321-4457-5095-960d-1d59f8e47ab1,,,
0,一叶子铃铛Mikan,bilibili,23390426,2384,a3529690-80b8-5bcb-b69d-d69e7dfbcaff,,,
0,告告SAMA,bilibili,3494352116517535,2384,e9087ef6-e974-5824-9301-41c4a20f2e65,,,
0,喑铃忍_Shinobu,bilibili,3946421,2383,11f20bc0-0c4c-5f38-9b16-e8f1cc3946c7,,,
0,野野猪刚鬣,bilibili,3537114325060344,2383,23fbe70f-080b-5875-9afc-5746b858a1e7,,,
0,水無月菫,bilibili,3493129642576382,2381,07f9f5a0-d709-5f57-9a25-8b7a1295a387,,,
0,原佳穤穤_ゆあの,bilibili,3546781384182199,2380,b82f3724-7e93-5005-a095-4902cffef766,多维变奏MDV,507b983e-c810-542e-b686-87f514722181,
0,虚拟护士不会做梦,bilibili,23013012,2380,528da4cb-f443-5f5a-aad7-a42e4bbad444,,,
0,佳逸Dae,bilibili,3546868044794663,2379,69326b20-e3a3-5e3b-92bf-08744ae80929,,,
0,游乐木时,bilibili,3546379095902604,2379,cfe02ce9-8765-5137-858f-56b0c0e6b7c1,,,
0,西帕ppc,bilibili,2106983683,2379,110b844d-6f65-5bf0-9fc7-4bc553b7cc32,,,
0,心海未散_channel,bilibili,484055,2378,85170371-3c42-5827-998e-8a10dae99a3c,ChaosLiveSprout,e67fb222-1c4e-5f19-84da-9e8beba2c365,
0,涅萨Nesa,bilibili,497440479,2378,e0ab2c6b-d5f7-5898-913c-adefe8a2cfaf,,,
0,朵巴胺_Dori,bilibili,3546664356809470,2377,929c7072-2851-5423-97de-9a50e6971425,,,
0,樰诺Yuki,bilibili,3493268687948735,2376,14a724cf-8b18-510f-8525-1ed68380c423,,,
0,浮酒盈樽,bilibili,3493294025738548,2376,264b3b2e-d124-589d-a87f-b85f9a7ba65e,,,
0,清露イクナOfficial,bilibili,400618295,2376,aff6201c-643a-506c-8363-ed82b7a4ab0b,,,
0,亚尔夫_Alfheim,bilibili,5515694,2373,bd63f288-b53e-537a-993a-f52023d5b6db,,,
0,星姫绮罗official,bilibili,1863599414,2373,575a7989-2622-5ddb-ba55-f4eefa561c31,星巡学园,6506d485-2cbc-552f-9337-6d4fc2d9b7fd,
0,天秤はかり,bilibili,407979432,2372,879f366d-9e69-5464-a874-d6e1c09f4344,ReAcT,6696f9f6-e159-5fa0-882a-1b1213a68556,twitter:HakariTenbin|marshmallow:hakaritenbin|web:https://hakaritenbin.hatenablog.com|youtube:UCBiJHt0WEb3GGayMyUz5QIQ
0,乔慕Haribo,bilibili,660572554,2370,62f91bac-138d-5cd6-98b1-d50504eae3e5,,,
0,小野sakuya,bilibili,1490913260,2369,504cd6b0-2967-59db-9b0e-591cfbcbb502,,,
0,桃杏Anchan,bilibili,118058,2369,44624926-68ba-5cc4-94d2-322badd1a8d1,,,
0,上矢咲和_sayori,bilibili,677162751,2368,2958c8e6-6b19-5f01-8b69-67ec014d6c81,,,
0,大陌子DMZ,bilibili,21151384,2368,8ac10395-5485-5715-84d4-7d9be092364c,,,
0,夏帆Kaho_Official,bilibili,58353598,2367,eb008d2f-81fc-5e23-a0e4-a5a2249a2850,ChaosLiveSprout,e67fb222-1c4e-5f19-84da-9e8beba2c365,
0,竹饭official,bilibili,3537115008731757,2367,5af5ec93-4f7f-5dbd-b5fe-c5754b80660e,猫猫祟祟（北立交桥）,0224316a-592e-547c-89b6-9f4f4e425779,
0,Yesterday昨日君,bilibili,160024260,2366,d4766f13-7eee-5261-9806-60ca102f7f3b,,,
0,夜茶nightingale,bilibili,3537110539700263,2366,61f302b1-ace7-50ea-aee9-356cb578366a,,,
0,卑微小瑟,bilibili,1781408,2364,04c803b1-26e2-550f-a63f-31ecc35f63a8,,,
0,租租Zuru,bilibili,3546382059178068,2363,75a4a089-9780-5c9b-bb84-a95f46d2827c,,,
0,阿白无OwO,bilibili,502584133,2363,7ad0709b-9f11-5745-a531-22f019b36b3e,,,
0,黒猫Homulilly,bilibili,23385,2363,6261dedf-877b-5bb5-bea8-89c8c9caba70,,,
0,琉霓Ryuri,bilibili,381040104,2359,f2b4f74b-de8e-5bdb-9508-c2e28a39c50c,,,
0,星晚,bilibili,2427071,2357,431a016b-ddb4-5add-8aee-96a24f50d15f,纸片人计划,cb8f50eb-2127-5a65-acef-df8ebe3743a4,
0,艾斯特,bilibili,484981678,2357,2b4d0d84-81a0-54ef-bf1d-b88fa1b0cae3,Vi-D,faf257d3-81df-564d-b5ae-2d9fd694675c,
0,墨姬wow,bilibili,1375248534,2355,bf1166f5-f70c-56a9-9a11-674983d5cb17,,,
0,大远热,bilibili,21859386,2348,67ceeb6f-ceba-5ade-a40f-bfdd765008a7,,,
0,豆花小呆,bilibili,1621099021,2348,2dffc9e1-8565-590e-83e1-ebc73f1aa542,,,
0,吱吱子爱唱歌,bilibili,1161258028,2347,7f2f0632-4bb1-57fd-853c-1b6e0cf44ca7,,,
0,绮奈Carina,bilibili,1457046577,2347,e69d400b-9422-5637-8f89-2d0d44aa6289,天枢project,7126d95d-9311-5691-a2de-88d978486297,
0,海狄亚Hydea,bilibili,3493258929899672,2344,d3333f57-42e0-5ee4-82ab-06a8b6510f51,,,
0,深井時礼official,bilibili,702773222,2342,bdb72089-f2ba-50e6-af6c-4a94bfe08415,,,
0,珀芙puffy,bilibili,1144448072,2342,8cf13500-9a0f-5cd5-abc3-98de547b95d1,,,
0,卯月羽音official,bilibili,3244791,2341,0efda8ff-f4cc-5f7f-b120-0dcd7254ddfd,,,
0,唯萋Seven,bilibili,511311002,2340,35c4864e-9b85-579a-b4ea-313496222f65,,,
0,鹤_z,bilibili,3493286777981658,2339,8064915d-041b-52b0-a2a7-f939dfeb01f6,,,
0,姜黎Liora,bilibili,475910403,2338,350188ff-739d-5afd-9027-639f50116e39,,,
0,白悠yuki,bilibili,3546378584197428,2338,55665b51-92bb-5807-80c2-e8c8c33060f8,,,
0,七七叭ghost,bilibili,3494350489127020,2337,3237c8bf-f413-5cd5-8fe7-434689a3187a,,,
0,橘千枝,bilibili,8434213,2337,74b6ec3f-163b-52e8-a790-fb8c87df236e,,,
0,钟墨yoro,bilibili,14200670,2336,fa249332-5958-585d-addb-219f60087249,,,
0,辞岁岁QAQ,bilibili,60210516,2335,156d5822-8bce-5ea4-ba94-0e48450bf95a,,,
0,哆咪辣duomi,bilibili,3493257847769688,2333,44d9286f-1657-5893-b147-e5f0644f701a,,,
0,酒酿酥团,bilibili,3493093995186919,2333,b47abe0c-996b-512c-a80c-f423804ec6c5,,,
0,鱆吸吸_Cici,bilibili,290064822,2331,4375e1ae-7c92-5143-8d6b-041ee5c36ca7,,,
0,亦可棠,bilibili,3494365691382116,2330,5ba245c3-0858-5875-a198-d0f77e2fc1e8,,,
0,妤七柒,bilibili,1715934340,2330,2b9ab00f-25e4-55b1-ac82-8007bedd8718,,,
0,綾鞠ぺこOfficial,bilibili,2098510762,2330,da3ad962-9ea2-543d-8429-245384276e9d,MarbleCreators,e7c5c642-480d-5f15-81a4-66cefd3975e0,
0,大刺蛇,bilibili,159577008,2328,499d5767-c5ad-520f-9b3c-c6e578737007,,,
0,清漓-Lili,bilibili,3546959845525995,2328,958ac03c-cc3c-5286-8b09-4271064fdda4,,,
0,赤枫狐,bilibili,20473635,2327,69b65371-34ca-55cd-8645-870b709c3d0b,,,
0,赤盏蛮蛮,bilibili,3546588601387602,2327,a7483535-8903-56db-b8cb-b33ae24a2228,天枢project,7126d95d-9311-5691-a2de-88d978486297,
0,库洛_neko,bilibili,2675804,2326,cb97076a-1e8a-50fa-a7fb-80a936e7c8d7,,,
0,未饭_Mirai,bilibili,3493266037148642,2326,02f6cec6-392e-54f9-a404-0257619acc0a,,,
0,瑟勒丝_Seles,bilibili,97716131,2326,dfd4b3f8-8d86-58ad-a43a-5fd1e390de07,,,
0,美少女琴吹鹅,bilibili,168725674,2326,6796cd84-3c18-57a0-941c-d7f96e610928,,,
0,琛欢Gentle,bilibili,3537121834961107,2324,7b311b43-7a03-5bd1-abcc-fa248ab64a92,,,
0,雪樱の神,bilibili,514073,2324,b62643d8-71ec-52d8-87cf-4aef90c172d8,,,
0,Effy_ARP,bilibili,696613223,2323,61d74fde-93a5-5458-b0b2-451c48c101ea,ARP,678fbb40-4a86-5d77-b5c6-1d655c897518,
0,冥纪Meiki,bilibili,3546568147864207,2319,63023657-932f-5749-9e8d-c7929773abc8,Hanabi_live,06620aad-1e28-5c4e-995d-cf7c03d43f15,
0,人形小猫_猫逃,bilibili,288254068,2313,f531daa1-5ac3-5a17-adcb-3216d3318bac,,,
0,梨花丶Rika,bilibili,9339398,2311,40f2ff0b-d3a2-5393-a3a1-0dbd89ea125c,,,
0,楚少倾,bilibili,3494372289022880,2310,d07161ee-0cb4-58e9-ba33-2b64bf954fe2,,,
0,啾米chuchu,bilibili,3493273278614470,2309,010d7c83-b03e-530e-b023-3702d43b4093,,,
0,星悦nya,bilibili,3546855558351468,2309,1ad08e09-b985-5734-bde3-c969da6e66c9,,,
0,日暮昭昭,bilibili,3461570571012503,2307,7dfc994f-895b-55d4-8e0d-a2dfc9fd20f5,,,
0,神時Toki,bilibili,781019,2306,c3480914-baad-565b-b93b-56c4332f5bc2,,,
0,宿雨anna,bilibili,1360561961,2305,41205d1f-61d6-55b1-b76c-3d23f3f9091f,,,
0,克苏鲁_Cthulhu,bilibili,6708494,2303,8b93ac7b-3b5c-5767-8d27-9aa8c5357279,,,
0,聊那个月,bilibili,594380,2301,124d6ed0-ef03-5841-823a-cda3b125b96a,,,
0,一只小雪莉ovo,bilibili,138886859,2300,c26c8d7d-298a-5025-b3f6-627b20e6dbad,,,
0,弥砂Nagi,bilibili,3546586510527350,2298,521db2db-395a-562c-ab31-9deb522520dd,,,
0,光也Rayye,bilibili,46337979,2297,b40f7ced-3e0a-5f2c-bd77-50cc121df8f6,,,
0,夜木YAGI,bilibili,2165119,2296,03ba6847-3395-528e-b91e-6133d1fe4dd1,,,
0,鲨鱼小辣椒sakana,bilibili,349662107,2296,5f3b70be-5165-5804-ae52-6b63eb8fb0e5,,,
0,洛水小狼嗷,bilibili,2000474056,2295,e285a8b6-9626-5c17-b41f-ffd0c0f241e8,,,
0,薏莉呆不呆,bilibili,3493263449262699,2295,1ce156d3-7249-566c-9840-fa0879674df7,,,
0,Valda玉尘,bilibili,17767211,2294,24b54982-646a-50ae-80a0-7ae38ca3d6a7,,,
0,冬岁,bilibili,52103491,2294,c1ab4cf8-44d2-56e5-88b8-7a5b4735ea33,,,
0,小枫鼠Maple,bilibili,3493134667353048,2292,b93b7aaa-07c0-5ffa-aebf-e57df5cabedf,,,
0,邪恶咩咩Luna,bilibili,362043915,2291,217de163-fd7e-5d49-b754-871849373455,,,
0,晓逸Xury,bilibili,1433785669,2283,9e6622e1-c469-55c5-a9c9-e360e5174035,,,
0,霜羽Channel,bilibili,5336160,2283,a452fb6a-7cd1-5254-8ac9-d69bfc207a5e,,,
0,歌带鵐Melo,bilibili,1491249425,2282,435c2096-256f-585b-bacb-7fdfaa6f9c1f,,,
0,春见雪Yuki,bilibili,427469551,2280,71484a8a-a6ee-5bd4-b315-1cff4112ba73,,,
0,狐狸の小时候,bilibili,3546589354265101,2277,fc5c0414-bb72-5776-90e9-019e1e1a3a3b,,,
0,神樂_Cassis,bilibili,3461582650608292,2276,d50f3029-7d04-563c-a3f7-b8eb86d2a4d1,,,
0,乖乖糯白,bilibili,3493129961343026,2274,5553768e-b838-50a5-8ab2-eac988c70c8a,,,
0,阿斯蒙蒂斯_Asmodeus,bilibili,3337432,2272,eb90cd72-f545-504d-8412-dbe6ff972785,V_G研究所,30f0a6c7-e49d-56b9-8dd9-60bf6539212b,
0,修凪_野犬,bilibili,3546714489228154,2271,b7bf3ab1-e97a-5485-be8b-3f1fd7fb2c20,,,
0,月见紫莺,bilibili,2111549706,2271,011789a2-5fc8-5da0-b71f-59ce2ef5205a,,,
0,诺叽,bilibili,3493270894152401,2271,23ef0f1c-ffa7-5003-a9ae-f26968a7d788,,,
0,宅宅奈,bilibili,3493079512255426,2270,b262c90c-18c4-57d3-b0d3-2cd5bc5ffe48,,,
0,莯莯不伐木吖,bilibili,22851327,2270,d00c25b7-13f9-54af-800a-4a7bf55206dc,,,
0,金鱼叩叩,bilibili,1647745153,2270,bae77524-5290-5760-b713-a0ed3fd5c973,,,
0,伊西卡-yessica,bilibili,3493267303827640,2268,4460f9e0-2cd8-5b9f-9e7c-b9d400d10189,,,
0,魔王YALU,bilibili,178214,2268,3c9fe4c0-40ba-5b89-853d-3b3e90d00ac8,,,
0,温九-kikyo,bilibili,3690974121297963,2267,36ade321-6769-5431-b709-79b9b3f84dce,,,
0,白羽凛雪,bilibili,27744163,2265,68144573-4152-5735-b39c-c75514e47c80,,,
0,光矢輝Official,bilibili,670241920,2263,ba9220cc-5ad6-5bae-925a-a5a8aed19b02,電子妖精,003983a6-421a-5e75-93e1-841d5c8ee9f2,
0,一至,bilibili,3493277386934769,2261,ab8a2769-04a2-51f6-9044-36cc7fd2bd5e,,,
0,元气摆摆酱,bilibili,1257999634,2261,4789a30e-0ba4-5eab-baaa-c9c4996a083e,,,
0,茵丝丝Inss,bilibili,3057049,2261,a02ac37e-a195-54e2-9c06-d164d59bfc77,,,
0,安努比斯Annubis,bilibili,626173760,2260,37cef983-86c5-5b88-b69f-c8751ed82535,ChaosLiveSprout,e67fb222-1c4e-5f19-84da-9e8beba2c365,
0,鹿宝xo,bilibili,3493144226171793,2260,c0be506a-31ab-5327-90d9-814776d40a19,,,
0,iya,bilibili,34085155,2258,fa3f44cc-4386-5ff2-9986-1217ad84c046,,,
0,暮月响,bilibili,2574397,2255,bac14275-fd51-5ae6-86de-a6e1edcb73ec,,,
0,三枝番夏,bilibili,554576,2252,705a9060-cdbe-5fa8-ace1-62b44349e58f,,,
0,卡戎Charon-H,bilibili,3493105714072019,2252,bf29db1e-6058-558f-98e8-9f16f6ca0bcb,,,
0,凛心永远Rinchan,bilibili,25594007,2251,9c84fb41-a9e7-57db-9ec8-080a4f237825,,,
0,和香昂_石黑绘真,bilibili,488085,2250,ce6c3dba-dca8-59ba-910f-387f6dd25dcf,,,
0,奶布_nibu,bilibili,3494352632416648,2250,fda55363-e839-51c8-be37-b8aa71b1d07c,,,
0,槿宝Jenlince,bilibili,1359281763,2250,fb93d0e8-aac1-584a-b308-1d9b54c68f1f,,,
0,盖盖,bilibili,11397510,2250,b5fb87a7-8732-5a70-8d67-b4dce16ba978,,,
0,澤銀Silfer,bilibili,1993129244,2248,41f96b51-5576-5736-997c-72211307acb0,,,
0,神见凛夏Rinka,bilibili,3493270975940948,2248,2dc6edfc-6d8a-5171-b731-44d628737e15,,,
0,玖泽樱-Kusawa,bilibili,399165277,2247,63268fa0-18f1-5f8f-b407-2d9a572abb8d,,,
0,明日非FEY,bilibili,479198030,2246,d6c76dbc-bde8-5a8e-9356-d613500012e2,,,
0,蜜糖Mido,bilibili,676325606,2246,c678bda9-42aa-51a3-80de-75a0603435de,,,
0,酸酸大懒橘,bilibili,3494373071259717,2245,3d118424-2dac-5259-9619-3f991c0c1092,,,
0,来小福Femia,bilibili,3461579953671109,2243,c270a933-6135-5f00-8894-acf2ddf13424,,,
0,琰雪Yuki,bilibili,450261902,2243,1312718d-d145-5da8-8e00-12117f86260d,,,
0,芙洛尔,bilibili,3493109874821237,2243,49b45b16-be3c-5e50-9bd7-5444398d5c33,,,
0,克拉丽莎阿瑞雅official,bilibili,100407541,2240,16e680be-a266-555a-bedc-12e9a06fd18b,,,
0,無为mui,bilibili,1007555348,2240,d97a79d0-80f0-53c9-b0b0-d7f5f19b072b,,,
0,ミミミナ,bilibili,99857,2239,b1ec5842-8bb7-5b4a-aed2-fcbf9e3c05c2,,,
0,竹嗣Takeshi,bilibili,600350072,2239,05125cf2-d005-5d30-8852-c9026d64ae40,,,
0,唐羽歌_Gede,bilibili,3537111514876230,2236,40d6320b-cb41-5488-8606-3ee48624b8fb,,,
0,抚娇子,bilibili,12132823,2236,2d5142b4-0462-5dc0-9c3f-5ea42ed0889f,,,
0,鲁鲁不想出门啊,bilibili,1293142895,2236,b8e03e87-ed8c-5e40-9cc8-d72225d639a1,ECHO-制作委员会,22d93676-ba23-5e64-9771-4f27291dad28,
0,嘛小啾,bilibili,3537113442159475,2235,5002595f-fe86-5e55-abee-4365be6a1854,,,
0,棉奈音,bilibili,3494366842718764,2234,299a3e49-0536-580a-9342-1b675a5c2442,,,
0,纱罗Sarara,bilibili,3792741,2234,6d674ead-7aaa-5e2b-946f-4f027f75e3bd,,,
0,茉茉嫤Sara,bilibili,11087216,2234,3846f17e-83dd-5526-870f-1096528d565f,,,
0,温饱饱ciallo,bilibili,3691005857499901,2233,ede19d2c-ed7e-541e-b13b-051eaa53dc7b,,,
0,意涵cute,bilibili,3493271015787293,2232,0444099f-1f45-5837-9655-d9beabc5c1a7,,,
0,狐凭Tails,bilibili,3787828,2232,b92612f4-914a-54ac-b3ae-f2352e0623c0,,,
0,梦游小楼,bilibili,3494358439430760,2230,f7081b1b-7844-5afd-8f2c-c5f40e15ca1b,,,
0,听听会上瘾,bilibili,179160896,2228,17fe363e-58e2-5e47-8bf9-4eb4d5ff1a02,,,
0,椎名リン_Channel,bilibili,3102590,2228,8591e842-e3a6-50d7-8611-dfa17622be7e,忘崽牛奶,81fb6430-675c-5177-9443-8dedd2b96730,
0,玄鹀,bilibili,2080453815,2228,145fceae-d75a-5330-87a1-e0f097931157,三垣四象project,a32f4ed5-ce5c-545f-bc6b-03fa2b3e6a9c,
0,云喵Yummy,bilibili,3493132100438694,2227,28b8851c-397d-5c65-be44-945c630d8c60,,,
0,千回Jasmellar,bilibili,101705683,2225,7ba568e3-eb1a-538a-a957-b455a41728f2,,,
0,呜咕UgU,bilibili,3546623156161063,2225,418d50c8-bdb5-52bd-b0c0-28e8c367f502,,,
0,悠某人,bilibili,3546643349637803,2225,32ba94a7-a3a6-5a84-afde-7032550b95b7,,,
0,花京院ちえり,bilibili,441666964,2224,47a1c73a-980a-569c-91e2-af8c085cae9c,.Live,02f5f560-4646-5fcb-ac58-81279c7e2c1e,youtube:UCP9ZgeIJ3Ri9En69R0kJc9Q|twitter:chieri_kakyoin|userlocal:84AF0CEC6343ABBF_95d040
0,星见小鹿,bilibili,3706932347014074,2222,2b80accc-837b-5c53-a425-e4af50f34e5d,,,
0,夏丸花卷,bilibili,50996567,2221,b7854efc-4e7e-5716-846d-e4327480eeb8,萌芽社,11361482-308d-5313-8597-96d3d8d7170a,
0,弥沫Mimo,bilibili,3494353112664875,2220,c0243e57-2c1a-5b09-8309-c38c382f65dc,,,
0,洛米Romy,bilibili,3493088628575096,2220,55797449-3b40-5987-a9c5-6c098f0eba43,,,
0,亚琴Aki,bilibili,1551306539,2218,02d16c0a-b006-5fe4-9a6d-e9166e27a444,hOuOu_Project,3056975b-305b-54cd-b28c-0e005b612a5a,
0,-粼音Lynn-,bilibili,3546763111696527,2217,cbb51142-3075-56c0-a57c-7a21a0fc907c,,,
0,千夜白_Channel,bilibili,1951478555,2217,793fc7cd-ef78-5ded-8b5d-7d8396b586c5,,,
0,糖啵啵,bilibili,7728653,2213,46d98320-9514-5b3f-a3c1-e13944ebc147,,,
0,财布布,bilibili,3461564527020424,2213,175f19a8-8dfe-514b-9fec-6acf456186bc,,,
0,栗安LiAN_Official,bilibili,271784609,2210,823338a4-caec-5654-a0da-48075e2701ff,,,
0,旧梧,bilibili,1983137124,2209,3f742fca-8c8a-5075-ac07-06fff319a44f,,,
0,瓦利忌wailkee,bilibili,702966870,2208,7d0a6263-601d-5510-8fc4-053e94c73a87,,,
0,冰糖纸sweet,bilibili,27570579,2204,5699b73f-792e-56f7-a189-091d376ba476,,,
0,尧安Euan,bilibili,3493257881324059,2203,bf92e521-06b7-5fd4-8352-f00a77947a59,,,
0,橙枝小饕餮orz,bilibili,3493142036744395,2201,9d5d5b38-093c-505d-bf1e-c84160821366,,,
0,江恰恰OuO,bilibili,3707002144426726,2201,5ec2c3a1-96fe-5097-a625-1017d238a727,明月生肖（北立交桥）,98f46aef-0df4-5088-8fcf-3f5a6479029d,
0,喵子Nya_Official,bilibili,517318139,2197,9148c9d8-38dc-5815-a9ea-b93a2b293155,,,
0,艾爾芙_Elf,bilibili,17276131,2196,7a8c0ddd-2d2c-55ba-bc16-7b4fc94efc42,,,
0,蘭葵,bilibili,21505,2194,2f86c5dc-beef-5493-a1ac-2e263092e688,纸片人计划,cb8f50eb-2127-5a65-acef-df8ebe3743a4,
0,麻吉_maggie,bilibili,2095450648,2194,e1588d38-b61b-5896-a254-d1e07fa9c518,,,
0,星宫黑桃kuluo,bilibili,44740830,2193,e7a23473-3e93-51df-87ae-2d5c1bcd37c7,,,
0,沅峥,bilibili,3488227,2193,56aafc8e-d076-5e3f-be8b-e14953fceaac,,,
0,乔沐Mu,bilibili,156986660,2192,2d4d846b-48b2-5184-a770-bb2a3f2e3bdf,,,
0,拉塞Lasse,bilibili,8664698,2192,3a6b33d8-8fdd-5c5c-b5bd-c61d8acd0826,ECHO-制作委员会,22d93676-ba23-5e64-9771-4f27291dad28,
0,锦瑜lris,bilibili,3690988419680819,2190,f9512402-be62-5491-a67b-71177dda7ed7,,,
0,塔塔_Tasia,bilibili,3546789112187737,2189,dfcad802-1bf1-558b-be82-839deac475de,,,
0,林莫离_Molly,bilibili,619608668,2189,2cf6a579-1919-56c6-8b33-4fd17876e092,,,
0,聿安_Clonini,bilibili,2052643096,2189,e53b9363-0589-56ff-ab51-ce7dee18e993,问尘仙会,5f2eac9f-dc17-577f-a22a-19003e81fcdf,
0,白水John,bilibili,17440732,2186,1cb58ccf-4fec-5afe-a022-63351f383fcd,,,
0,喝一口豆奶QAQ,bilibili,1213169660,2185,a00ff5ef-d878-5155-bdfe-009faa839c46,,,
0,瑟露丝里德,bilibili,1744395,2185,b10357ec-602c-5745-9440-0c3793ebe415,,,
0,Shine_沁,bilibili,3493279037393020,2184,9a4f3d39-c75b-561a-bfdd-5da9fb211363,,,
0,小狼约修亚Yocia,bilibili,255469316,2181,ead56b94-4525-53b1-aa9d-bf1c364124b7,EroS,ef62fd18-c22b-5457-9453-48819f385b8f,
0,敖婧瑶,bilibili,3546920070940837,2181,b14fbb9a-5748-5b23-8411-3a077f05574d,,,
0,鸢晴茸茸Chororo,bilibili,18345407,2180,2076d4e5-b5fe-544f-85c3-7e58fa735707,猫铃社,6eec14e5-38cd-504f-a995-b7bd15b4c51f,
0,染染,bilibili,489360804,2178,4c32f22f-80f1-5dfe-b284-77895cff1830,,,
0,希斯蒂娜,bilibili,491845087,2177,fed04d7c-b735-5379-8597-e84e0579e9db,,,
0,鱼米,bilibili,3493130863119036,2176,af150765-4b8c-50ca-886b-b9d45adb34c7,,,
0,NeetXuu,bilibili,156562309,2175,af2e6539-d05a-5b54-b893-7b42ee8a58eb,,,
0,慕容家的二狗子,bilibili,246060,2175,e7096ee9-1b54-5f38-abcc-b02b6074e940,,,
0,青岚千柊,bilibili,15104516,2174,c5e8d70a-7dab-555c-b629-c716c7caac4b,猫铃社,6eec14e5-38cd-504f-a995-b7bd15b4c51f,
0,凤鸠鸠,bilibili,79357988,2173,e5412bd2-f532-5515-af04-cf4205443061,,,
0,章鱼团南波,bilibili,7501327,2173,68e7f694-fe61-5281-a599-fc36def856c8,,,
0,莵梓,bilibili,3546677000538443,2173,7917f949-7446-519e-b992-9d9ddfb774da,,,
0,薇薇特-Vivite,bilibili,3493140029770471,2172,b2866faa-7e00-5ce0-939e-04c55fbf0bd3,,,
0,是个小趴菜,bilibili,500037010,2171,3b597955-b314-527b-94c5-4588b5f84ee1,,,
0,狼崎Rousaki,bilibili,315306996,2170,8bd4c9ab-ccc1-57e0-8ca9-741b07644759,,,
0,瑞格露丝-莱雅,bilibili,2048716394,2170,21473e94-124f-527c-aa2a-b6ec14bec130,,,
0,是随风,bilibili,89815169,2166,19e640ad-ceef-5297-992b-1aade2550b1f,,,
0,白色香茗,bilibili,35877838,2166,99bf59b5-3f82-534c-a2ce-b85360047f1a,问尘仙会,5f2eac9f-dc17-577f-a22a-19003e81fcdf,
0,蠢萌的小杰,bilibili,38549653,2166,6d145532-6eed-5351-992c-131d1ff63866,,,
0,桃园爱momo,bilibili,436305812,2165,9d0062eb-41de-581d-8b52-983f6817ce97,,,
0,狐狸听雨w,bilibili,434347893,2165,48514f84-076f-552d-8b38-43402b279289,,,
0,玛丽苏Malice,bilibili,353448885,2165,20d25c77-2ffa-5581-8dcc-bb14e42ee8c6,winks,73f553fe-bc06-5b12-be20-44b1190b6237,
0,神绮爱,bilibili,1428849513,2164,2247844e-8158-5349-aea8-a7e7df50b783,,,
0,吃货白羊Official,bilibili,7058667,2163,e24d0173-a139-56b2-84cf-6512341970cd,,,
0,遇火fire,bilibili,3493270676047930,2163,452a7bd5-98b9-533c-9e28-b753e8e90d53,,,
0,绫娜Nana,bilibili,3546892042504747,2162,3fb023f5-8d7c-5c80-984d-21fa4afb7be1,,,
0,芭丝特Channel,bilibili,2362016,2162,c8d2dddc-b2da-51b6-ad09-0a17fd0d5ad4,,,
0,猫妹YoKi,bilibili,3494353899096424,2161,d684d6c7-4fda-5ee7-9a92-4255ad56dc97,,,
0,汤不理包包,bilibili,3493299203606621,2159,8c4256d4-2c0b-54d1-8920-91b3a80d7c04,,,
0,青鸽,bilibili,3494373511662424,2159,b3833f31-1756-584e-b5e0-e9a10f794ecc,,,
0,迷糊の椰椰兔,bilibili,52795517,2158,1db9db99-51b3-5e7d-8168-1f030187710e,,,
0,赫米特Hermit,bilibili,1878386956,2157,88fd6336-eee9-53cc-bd1f-9a993d2bbdac,,,
0,汐娘只贩烟火气,bilibili,3493122510162531,2155,886e9cc1-9608-52b9-81b4-1eb9d6e4ce1e,,,
0,SericaCyning_辛宁,bilibili,12065970,2153,ec52bd47-9b61-5ee1-b388-573e64d1fc1f,,,
0,谁家的笨笨啊,bilibili,485802876,2153,8a75a7cc-463c-59dc-bbdb-41a8db24ce33,,,
0,华曦妙妙,bilibili,434685044,2152,e7457ead-17a7-578e-9123-a14caabcac11,,,
0,夕舞るあ,bilibili,23885819,2151,d57f068f-3f2a-55d9-aa6d-6e350e67eb9c,,,
0,凌酱,bilibili,3546826628139976,2150,340090e1-2a86-56f6-84dd-cc12476a5eee,,,
0,池泽瑞希,bilibili,3493092193732930,2148,83a425c5-8144-585f-9c9e-bbcac80b3958,,,
0,绯樱由乃,bilibili,1620003795,2147,d994492e-1700-5329-ba5a-a2319d3a7c0c,,,
0,冰隙CIELON,bilibili,453880,2145,a8b01730-6dfd-5123-8b94-5fecd0b59863,,,
0,非酋喵_,bilibili,2201615,2144,1ef53ad1-4b61-5732-bca0-48272ba1a437,,,
0,波利佧,bilibili,1138231312,2143,b00e8c2d-ec82-59ff-a5b9-453eb4a05169,,,
0,水瓶メノ,bilibili,2136901089,2141,6cda1f43-e43d-5c6c-bf29-a3121ba7b7a7,,,
0,浅酌半壶酒,bilibili,15039297,2140,9cfc92b2-6db9-5d99-b971-82a1b5582aa9,,,
0,橘明十六夜_,bilibili,3494364743469927,2139,3994e974-251f-5dc4-8371-9b6e703a4725,,,
0,可可太菜辽,bilibili,10205106,2138,df95692a-ae7b-5f8d-9d0f-e03fdf843f10,,,
0,ブルーBlue,bilibili,3546913135659783,2137,40c03023-4a8d-576e-9d25-97c935239f76,,,
0,喵开朗Kila,bilibili,3546379878140533,2136,1e90acc7-dbd7-5eaa-b24c-c7f752a5b5a7,,,
0,莉娜,bilibili,3493080839752134,2136,1a103b91-9a9e-523b-9fb7-d5a3b3e01966,,,
0,四洛克_ska,bilibili,1893308277,2135,55ef508b-acad-58ff-b5c1-62ad05959caf,,,
0,原上雪,bilibili,19274776,2134,60500c2f-10d4-54ec-82bc-5d6864971701,,,
0,懒狗阿缘,bilibili,2309289,2132,b8202c0f-84ef-55c0-8917-80a787632981,,,
0,茧Mayuu,bilibili,4445968,2132,3d8950d2-b500-5c14-b4b7-9f4d5956e0c7,,,
0,鱼饼不好次,bilibili,1133812107,2132,504e3945-d48e-54a8-9fc1-9452f62626a5,,,
0,暴雨雨雨,bilibili,498339122,2131,06f19d81-cab8-5e91-a6a0-cc37e1a39fbc,,,
0,朏,bilibili,3494368790972851,2130,5ade9266-7dd5-56ff-b618-1e10fb3eb954,,,
0,Tangerine乌龙茶,bilibili,385316906,2129,beb2f60b-e1d2-5446-9c6d-0cf207031b2e,,,
0,糯米年年捏,bilibili,3493130443688278,2129,0316180a-068a-58bd-b26c-8e980106e9d1,,,
0,惺忪喵,bilibili,359080356,2128,b81b9dfb-6674-5533-963b-a6a93e3f1607,winks,73f553fe-bc06-5b12-be20-44b1190b6237,
0,桃井桃Momoi,bilibili,39196585,2126,7a2633e1-6cc0-5dd5-b985-3aa3d148645f,虚研学园,da7a049d-15cc-57f9-bb68-49af75ad7b52,
0,沈羡鱼Singer,bilibili,176163936,2126,d3abeef8-9293-5cdc-a0fd-07dd5a4c6610,,,
0,胡桃澤もも,bilibili,1848591458,2125,7dd54f11-0f05-5acb-b706-8371657f5144,NoriPro,5ca43bb4-d060-578e-a040-2d924bab8fb1,
0,神判更纱,bilibili,3432647,2124,802ec0c0-b7be-5fe5-9c46-5859c1d13a0d,,,
0,纪星娴tsuki,bilibili,1129001360,2121,2457b26f-109b-5b1b-81d2-823c80ce2a44,,,
0,西西channel,bilibili,33046863,2119,0abcea02-3c37-597a-870d-d6ea0b44eaa7,,,
0,春乃喵喵子official,bilibili,1835487786,2118,b70a59c4-35a1-5c99-9eca-8e727fb63cae,,,
0,理理-不会唱歌,bilibili,3537113498782135,2118,b213798e-d887-51ac-88cf-48c2918ca006,,,
0,小呦啾啾Yo,bilibili,3546377265089278,2117,6fddd056-e454-598d-89f4-ca809cb8d18b,,,
0,桃仙仙_official,bilibili,91915017,2117,9fa3e90f-a347-5cf6-8fb2-7232e0003c60,,,
0,阿修,bilibili,359082339,2117,6fab7c4e-3210-5992-8c58-099be8a04d1b,winks,73f553fe-bc06-5b12-be20-44b1190b6237,
0,木曽あずき,bilibili,224004,2113,f9ccc578-22d8-52d5-9e0c-6351b8f20051,,,youtube:UCmM5LprTu6-mSlIiRNkiXYg|twitter:KisoAzuki|userlocal:5BE0EBCDEF357B74_1b9b9c
0,藏阳_Twilight,bilibili,355891187,2113,02910e0d-2ece-5413-bffa-9fa35ef9ea16,,,
0,阙丘_Kylin,bilibili,3494364267415768,2113,d6d24640-2b31-5da6-b49d-eb3b0fedb610,Mo-o_Project,744d21de-42cf-506d-b495-c538ccd2566e,
0,陆诗雯SEVEN,bilibili,3546845278111940,2112,06162993-e812-56f4-ab28-d48183e376b6,,,
0,烈阳狮王-辛哈,bilibili,115416052,2111,0272d37d-b1c9-56c9-a916-c25f7c00902f,,,
0,--晴朗蓝--,bilibili,74381130,2109,f2f75b0c-8ab1-5258-81db-cb8209550b4d,,,
0,カルロピノ,bilibili,369455661,2109,134be371-6177-51f3-811b-4ae81c82b3c4,,,youtube:UCMzxQ58QL4NNbWghGymtHvw|twitter:carro_pino|userlocal:DEC0B22F3DCB3A0D_4178d2
0,牧野梦咩_mume,bilibili,651335245,2109,c097126e-8128-5d3b-b933-a63a884a6286,,,
0,沐情moro,bilibili,1651474144,2108,9a6c78f2-c91f-597e-977d-6b1f419666ef,,,
0,霧青,bilibili,3493297691560533,2104,d75eb900-aab0-522b-9bb2-62f9f4cec71e,,,
0,潘尼希娅Paneecia,bilibili,3493289722382747,2103,9cf297b9-301a-5feb-8a6a-edb58e537cd4,,,
0,兰枫Official,bilibili,1577097749,2102,08befe5a-2f7a-5d3e-8374-aaed7b72ab89,,,
0,库库饭,bilibili,3493260412586251,2102,9b7e6369-4ab6-51a6-b601-558dc19864ea,,,
0,曲奇Miao,bilibili,3537104915139080,2101,4b678b27-f061-528b-b97a-c3444051aede,,,
0,陈大贵,bilibili,608882669,2100,67fd7872-07f4-5aed-b706-a682688900ca,,,
0,黎九sona,bilibili,1361418366,2100,d9b97145-2fbc-5f34-a584-bc7496dc1759,,,
0,小怪兽RUARUA,bilibili,581965619,2099,86c76b5e-9ada-5ca7-9724-8d01a34f9af4,,,
0,蛋挞sweet,bilibili,3546859117217944,2098,e376ae30-c1bf-521c-8d60-183b8b1edd86,,,
0,纱瓜酱,bilibili,1733426307,2096,30f317e1-f595-5788-a04d-8696cc5f90b5,,,
0,羽椿野,bilibili,3546891518216444,2096,673e3c5a-82ca-50db-a4b9-eb1ddc57895d,,,
0,迪蒙格拉斯,bilibili,105295579,2094,53c87b84-6e08-5eb0-8149-a05e474b3cc3,EroS,ef62fd18-c22b-5457-9453-48819f385b8f,
0,Cli粒粒,bilibili,3493128625457867,2093,bf0d6cb0-8537-5be0-be3d-bf6951242f14,,,
0,艾斯缇Asti,bilibili,3493109130333139,2093,3397a651-c032-5fa0-9c48-e5864fd36938,,,
0,黛芮娅_daria,bilibili,1082624619,2093,1ed038ba-729f-5d8e-a8e5-ba75cc6ed05c,,,
0,惟愿上上签,bilibili,1347112553,2091,22f11a00-b510-5a45-a4b6-fe20a640ec1e,,,
0,埃尾Ariel,bilibili,1394412864,2090,ecc6f3a1-8263-5af4-88bd-a4f8284fa401,,,
0,木叶,bilibili,1422240684,2090,ade60f24-ec6d-5694-bc59-e2b3c0cd00c1,,,
0,的淡竹U离奇酱,bilibili,247959678,2088,4ccd3dfe-6e54-5bd6-b675-b6c2f0eda58c,,,
0,神乐铃,bilibili,278120371,2088,e12ea0f5-fdda-54fb-9ba3-069350f8493f,.Live,02f5f560-4646-5fcb-ac58-81279c7e2c1e,youtube:UCUZ5AlC3rTlM-rA2cj5RP6w|twitter:kagura_suzu|userlocal:EF5B59928A249B31_d9b7f5
0,斐雅,bilibili,660912261,2086,5161aed4-b6f4-5fea-bade-0ed6bf10ee98,,,
0,方知有跟你拼了,bilibili,523766190,2084,ed442064-db35-575b-9dcd-b0b0adb52a1d,,,
0,白濑葵字幕组,bilibili,1458080347,2084,38a5a7f2-cc3a-5b9c-b8c7-5c26c84bee50,propro production,6bb97c04-f7a2-5d92-8ec3-bb97262dbe47,
0,霁禾kyomi,bilibili,1779954610,2084,e6bfdbf9-88c8-58ba-81e0-e9671df6fc79,,,
0,星泠耶,bilibili,3493088821512509,2083,a6884c96-67c8-59a8-b90c-00433fd973db,,,
0,白玄香White_ink,bilibili,3494370514831742,2082,a0fa3c94-2377-5d32-add4-27b471ff3db7,,,
0,你的若若,bilibili,522046897,2081,a9f5b6c7-9d62-5bea-8355-6690369f57bb,,,
0,Riztech,bilibili,3287291,2078,4d9bd940-f442-5104-af34-cd5166a7137f,,,
0,北妮mini,bilibili,3493107580537778,2077,90ca82cc-4d0d-5d88-9c7f-1b6a7fbd2322,,,
0,冰冰冰块,bilibili,3493270858500935,2076,5c360c83-1a31-5a61-85f3-227a08d8f627,,,
0,簌澪SuMio,bilibili,5140781,2076,d751acaf-8193-5752-8dcf-98893d5f4f96,,,
0,安泽尔Anzel,bilibili,2041352,2075,7cf82168-1975-5956-b655-8b7ec6fab856,,,
0,皎羽,bilibili,396402079,2075,9ec38d3c-daae-5c50-9397-649afdcd3263,,,
0,暮色战袍,bilibili,6455916,2073,7d81f1a4-4310-5558-826b-0b665c9850bf,,,
0,猫宮悠米-星辰计划,bilibili,1356089080,2072,ef11370a-8eb0-5a60-bcd1-5bb3bbea24ee,WACTOR,682089de-7fe5-5303-8939-37eeab633407,youtubeat:YumiNekomiya|twitter:NekomiyaYumi
0,Miss醋昆布,bilibili,1460321,2071,09b831ee-2005-5649-ad45-e0ea9b8c3985,,,
0,冬烨,bilibili,688427555,2070,5dc8ba17-ca2b-508f-9e9a-69415b59f46f,ChaosLiveSprout,e67fb222-1c4e-5f19-84da-9e8beba2c365,
0,杜安_Duane,bilibili,163745074,2070,af13ec29-ca3b-549e-a054-5209383788ef,,,
0,白井諭吉Official,bilibili,690030493,2070,b11ba083-ad0c-51f4-b118-aea74849ba75,,,
0,真白梨柚,bilibili,17206435,2070,b03f8969-7f7f-5214-a9a3-015e9c96dc5c,StarDust星云社,aaaa38ee-9cea-51f5-a5fe-795fbb0259ce,
0,影井Caraco,bilibili,586585447,2065,32fd914a-d4a2-535e-b3e8-8f40910cb171,,,
0,海里Official,bilibili,538521528,2065,9ad95c96-5fff-529a-a615-bb9a017eb409,,,
0,米洛洛Naomi,bilibili,494571147,2064,7561f5ca-5b90-58f6-b45b-1381f1931599,,,
0,澪,bilibili,477937555,2063,09fe9784-9eb1-5b95-9625-79cd6862728b,,,
0,沙希,bilibili,3546378336733285,2062,2620cf0c-24e2-56f0-8113-66052f19bf45,,,
0,艾泽莉雅,bilibili,327415818,2061,460575cf-6550-5ab7-b310-608f62e81ac2,,,
0,梨泥くれはOfficial,bilibili,674862953,2060,5e2ece76-619a-5619-9d76-738a73c2250c,,,
0,NeiNei天天要加班,bilibili,1788892899,2059,8be8aac6-3638-5588-ab61-8cefaf904c4a,,,
0,Shimimo_Channel,bilibili,130016056,2058,8648a02e-3ac3-5cc8-b2b2-9e21c4ffef3f,,,
0,西奈Syna,bilibili,3546769235380277,2058,55dfadd6-8b18-5727-a292-9dbe440e20cd,甜瓜社MelonLive,863b38a4-e1fb-5d0a-8d0c-89c54abbad35,
0,赵小鹿鹿鹿,bilibili,99578432,2058,d5e3a8c8-711c-5d97-8f0a-3b8731621d2a,,,
0,狮姬yuki酱,bilibili,291697036,2057,00b819b3-4d4a-53b3-931f-e3708762978c,,,
0,唐唐,bilibili,360293428,2055,d5eea4ae-22c4-539c-b3b3-84efc00ca547,月光社,a38c8dc9-5896-5684-b965-e39f9c7e03c7,
0,林月音Tsukine,bilibili,1441210790,2053,01afd35f-b4b5-5f2d-84a4-55af6431f62a,,,
0,是挽风阿,bilibili,67473235,2052,652852d7-0bd9-5e29-bf33-8ddc9fa62896,,,
0,咸香椰汁,bilibili,2766325,2050,f9d29410-b541-5710-942c-ab8746e67500,,,
0,林汐-Aden,bilibili,1128944670,2050,8c2da542-b6bc-5b81-9478-8b21eaf7e076,,,
0,物部千翼_Official,bilibili,624219658,2050,5c3f4bf5-a31a-5040-94cd-29fae4897c14,,,
0,白芙Yuki,bilibili,2005024168,2050,10622f7e-e354-5543-a0be-566aa855caea,,,
0,Sayu_纱羽,bilibili,3546697909143720,2049,698a211e-b79c-57ed-8a85-8b7b89b43bf0,,,
0,缪可Milk喵,bilibili,3537109338032819,2048,fcbd19f1-ceb5-534f-98b8-a8344c818519,,,
0,快樂小楊-,bilibili,245320104,2047,c9ef70fd-2044-558f-bf6e-ee3557b94d6b,,,
0,子狐,bilibili,19950322,2046,7d6de133-aacd-53e2-bdc7-7cd88fbe5065,,,
0,小椋秋奈_Akina,bilibili,388006978,2046,418e73ce-e7b9-5721-9e53-e104cc7741d2,四季神社,eef5fb94-75dc-532d-82c8-8c6e78457ed9,
0,沉溺于你的Butterfly,bilibili,31466454,2044,56bbcd7b-93c7-5ac5-9b2b-9250a3dc8bf3,,,
0,白唄shiro,bilibili,1430451810,2043,f0640183-2218-5568-a48c-c84ccc20cd42,,,
0,贝尔蒂Biety,bilibili,905594,2043,8153cfc7-761b-510a-8133-8a061339ee3c,,,
0,帕儿PA,bilibili,3494364126906916,2042,6a499c7f-ccd0-565d-b61b-b679c664e56f,,,
0,绾秋Aki,bilibili,3493089016547807,2042,40a9e4f7-f0cd-59d9-8e77-7b2742546826,,,
0,盒盒大王owo,bilibili,25142370,2041,1a65b1df-6e93-5764-ae2a-e714038f944f,,,
0,芽里Hyali,bilibili,1782054141,2041,a64e4b51-238d-5cb8-9e5d-1c428d622ba2,,,
0,月见山千纱,bilibili,5112844,2040,d5d26198-18ee-5e9d-8c48-562a19d11674,,,
0,靡幽miyo,bilibili,3537115176503427,2040,a29b731a-b9ea-55ac-98c5-42875b983c39,,,
0,恶魔乃希碧Official,bilibili,1180299511,2036,30978d42-725c-5682-ae83-208596251f96,,,
0,沐飖雪yuki,bilibili,3493285416929604,2035,858bfcd4-5ce5-5338-8b60-883cde4787f8,,,
0,桃七nano,bilibili,597583361,2034,4c5c2396-46a8-57d6-8679-23fb4a18ee57,,,
0,現黄泉_Official,bilibili,3847985,2034,ee93fd7d-773d-5739-bad7-0e5cde5fd64f,,,
0,水無月名夜Official,bilibili,32761176,2033,b7c5dae3-6ec8-5e8e-8252-b03370e6994a,,,
0,若音Yiotuo,bilibili,1269219413,2033,7b35b2a6-3d0d-5267-aeb2-62c3334fdd48,云光计划,f96c12b2-b935-5c29-9a31-46c97eca9c4c,
0,星野霞,bilibili,116049162,2032,511d3fc2-cf42-5ca7-b732-e80428848036,,,
0,奥莉娅Official,bilibili,513925937,2031,cf86d86e-922b-5cdf-92fb-d2bad2af8f3b,,,
0,深谷鈴音,bilibili,8034132,2031,f1af308e-ad4a-5355-9835-6319623515b9,,,
0,山竹团团Bamboo,bilibili,1193396138,2030,62556dad-107b-5f7f-832a-3f0d91a65d1b,,,
0,蜜柑-黛西蕾Channel,bilibili,292035,2029,dae462fb-972c-5c77-bd1e-320a44bbbede,,,
0,菜音羽_Official,bilibili,1381715288,2028,d8604fc1-7119-5db1-8314-1256a5deeedb,,,
0,犽月,bilibili,1444808410,2027,819ce5cf-df46-58eb-bc7c-e7be8c8a83ce,P-SP,f076e35d-500d-57ba-9149-6caed8275768,
0,阿芙罗拉Lola,bilibili,82134582,2026,a439702d-7982-5aa1-aaed-baf005664c9d,,,
0,Yoki幼柒,bilibili,3461582482835510,2025,6449c860-bf55-5daa-b735-ad4946b86c7b,,,
0,matsuzaka7-小七,bilibili,381475604,2025,05ad7536-6a7d-5635-836c-f99fc2d91573,雨林社,0c0c81b5-fc69-5ee9-a2cb-f77fb303b682,
0,茉伊,bilibili,25050531,2022,77efe5a0-eca5-5cac-8a13-1e0a037b2afd,,,
0,姒幼幼,bilibili,3706938292439307,2020,a0962cbb-a36b-5371-9301-465da792a78d,,,
0,一只寒兮兮,bilibili,669436838,2019,252b7cb2-209e-51f4-b093-a3399e5459e2,,,
0,水月雨-莉莉娅lilia,bilibili,1164893733,2017,9e4488e5-5083-5d15-9e3d-a9f7fc8cd344,,,
0,璞菈丝,bilibili,1187690811,2015,c1e7c949-91f8-5603-9e5d-9fde7b4a3752,,,
0,流琉蒼Official,bilibili,670241922,2014,78525596-7b38-5ca5-9d3d-fd4abe37b1af,電子妖精,003983a6-421a-5e75-93e1-841d5c8ee9f2,
0,瑞露Run,bilibili,1250632567,2011,d374bddf-08be-5449-b5e5-85629e5d39ab,,,
0,茉漁Yukina,bilibili,3493258420291722,2011,47220bec-39b4-58ef-9d3a-c8ca321035f8,,,
0,辰玥shinnzuki,bilibili,636452182,2006,dbf2ef1e-e889-5644-9752-b0a0f62ec44b,,,
0,夏绘Kae,bilibili,9096842,2005,c1a019c2-c650-5af6-a980-1cd91dfc2238,,,
0,徽徽不吃瑜_av,bilibili,335005041,2005,f835ed56-0877-5dcd-923e-05817e357ae7,,,
0,阿甜_lucky,bilibili,452142258,2005,10485621-1453-5b34-8e5e-52df15fbb6bf,,,
0,果然是一只喵,bilibili,1715569439,2003,bf79db67-10f8-5207-ad1a-3b5fd370ea50,,,
0,我不是未丰,bilibili,349271363,2002,153ef241-498f-515f-96c4-ab0e47fbea8a,,,
0,依奈喵na,bilibili,3494363590035776,2000,a4db4c83-36c2-5898-8e29-1ff9c05b6dc7,,,
0,颜宝是条龙,bilibili,3493297353919385,2000,2ec22ae4-2618-5ab0-b8e5-3041bad415e0,,,
0,示人以烛,bilibili,3546375568492673,1999,b7974099-5bd0-5c06-9cba-26e4bc0c5fc7,,,
0,小爱酱oi,bilibili,3546939402488728,1998,080f0119-b580-584d-a5f7-7ec1afc41007,,,
0,羽月奏ちゆ,bilibili,399546557,1998,34fb46e8-954f-5de2-b8c0-e0d9296f46d6,,,youtube:UCfm7sKrU6VVo6o3LwPjJOmQ
0,丝佩特Official,bilibili,10793360,1995,191f32f1-faaf-5736-b338-775e4b63d314,,,
0,葵葵野,bilibili,3461565198109526,1994,0319ba49-b7c3-5c69-b9ef-6d856646e803,,,
0,企大鹅儿,bilibili,11377558,1993,0269b85d-22be-5c1f-a0e3-34910c170512,,,
0,漆九九i,bilibili,481289021,1991,c6d13b3a-30c6-5e76-ae8d-3a05a0476d02,,,
0,琼瑜ya,bilibili,1600422019,1991,a111261d-d5d4-59d9-aa11-8a6b9b46b4cd,,,
0,刘允贝,bilibili,3494371634711289,1990,d2e06bfb-9c57-5e9c-957b-9f4d805e8a92,,,
0,卡蒂娜CardTina,bilibili,2031213010,1989,03ad9a46-0084-5ce0-817e-832897956413,樱满月虚拟社团,d160848c-6d4c-56f7-afa9-196abc2405f7,
0,黎氓Meng,bilibili,3493115295959986,1989,df9e15af-e0a4-5c16-81ae-ba27437570b1,,,
0,妤歌_Yulia,bilibili,3493298821925616,1988,59240309-ed24-59cc-aa8b-3ea1ad317bab,,,
0,小u,bilibili,3546612137724690,1987,0f3e7d93-d0d3-5003-80d2-2529a921e69a,,,
0,轮子,bilibili,3523971,1987,deacd8f5-c6f0-51ae-9978-7f066dceb00e,,,
0,子书不尽,bilibili,24295259,1986,a25413b9-3833-5b31-bb1d-e388931b1724,,,
0,樱时川rika,bilibili,3493263430387959,1983,0381a5d0-2c9b-53d2-8538-50497dc58ad0,,,
0,挚抒Makoto,bilibili,9111939,1982,05a2f87b-1773-53f0-a552-eb702d223a4a,,,
0,枫岚不是猫猫狐,bilibili,1773688868,1982,fd850b3a-00f2-5948-a279-f2876919b40a,,,
0,桃泽绒球,bilibili,505040009,1982,79024840-28ca-59d9-bb50-ebe91324d865,,,
0,艾可echo_channel,bilibili,55775602,1982,cc796f84-fb42-5e1c-a11c-8922c9991f90,,,
0,三日月萤昙channel,bilibili,79169021,1981,33cbcee9-b260-5842-8a0d-d10bd6dc38fc,,,
0,天草ミライ,bilibili,2005932785,1981,3dd75e95-daa7-5491-b896-974545580550,,,
0,折花花Meo,bilibili,3546952377567388,1979,e578aed8-4cdc-551f-9c96-1001397af560,,,
0,松葉Matsuba,bilibili,5235717,1979,20373a44-e891-5632-afce-aa0ff463d26f,,,
0,木之白_channel,bilibili,13437162,1977,fe81e0b1-bc29-5509-9ccf-b678c0d96016,,,
0,澪木芙,bilibili,3358737,1974,640c18a5-1fdb-582c-b514-258187909211,,,twitter:miogifuou
0,张姐iruka,bilibili,1675532781,1973,c090095d-30e4-55da-a383-e8b81d88b8ee,,,
0,菲娜兹Channel,bilibili,12600,1973,c5bc2999-2d40-5df9-a77f-6cf5744fe035,,,
0,瓦伦缇娜Valen,bilibili,1831762425,1972,59c19af7-0f63-5f36-9c90-31f9d34fe920,银潮project(北立交桥),208c906f-cd5d-567d-a8f5-6067d9d78fd2,
0,赧小魅,bilibili,1442154380,1971,50af8167-67ad-523b-9043-52cb87218d7e,,,
0,伊兹イズ_Official,bilibili,1758397,1970,6259ee9e-427a-5af1-b524-2288f6c5eb8c,,,
0,西诺polpooo,bilibili,13272796,1966,49b2c43f-33dc-5a44-bb9d-9cea9c0c7780,,,
0,雾礼夏夏,bilibili,3537114513803459,1966,6b1547c8-5c8b-559c-9855-cac036453897,,,
0,猫夜咲白Yashiroo,bilibili,158636881,1965,ae2e0f3b-1e18-54de-8fb2-7a18c9fffd8b,コーロンサス学園,a43eee3d-839d-54ff-90cb-d9045437de30,
0,恶太Akuta,bilibili,662777221,1964,15cc0132-51e9-54e9-8cc5-f290117da07b,Vnicorn,33d285f2-b9a8-595d-a282-4a341ab9d020,
0,甘乃尸音Amanosion,bilibili,1569215233,1962,859ec54b-eb06-5095-8e42-4c9a0aa69800,,,
0,莉莉娅Lillia_,bilibili,3494354089936927,1962,3792e551-818f-55e0-9d81-ea9c1ccba4b7,,,
0,喵可_MiKo,bilibili,3493137926326590,1961,80f49c1f-f88f-504c-af82-55f75c32ddfd,,,
0,塞利叶__Sariel,bilibili,3494357738981967,1959,5a1da78c-683c-53dc-b695-2ebeae343f30,,,
0,岁欢Rime,bilibili,2145845248,1959,a64011d8-8163-5762-9f06-ac8159248ee7,,,
0,小酷超酷的啊啊tt,bilibili,1441907027,1958,d72cea40-29d5-5bb6-beab-225357c7e86d,,,
0,にゃん猫ちゃん,bilibili,20920382,1957,99152378-fa47-5269-b401-819bb79c1086,,,
0,于川流丹,bilibili,359082596,1957,656c1a8d-d864-5b60-a6c1-c0639a7eee12,winks,73f553fe-bc06-5b12-be20-44b1190b6237,
0,小白Uku,bilibili,3546879870634034,1957,9bb29298-e7cd-52c8-bd4e-63110a97eb52,,,
0,苏洛洛Eloise,bilibili,3241447,1957,a62fa238-8164-5317-a526-0542bda15225,,,
0,洛梦_LumiA,bilibili,1208351557,1955,e129d67e-89a7-550f-99fb-7878ec08ff82,,,
0,小灰猫Kaposi,bilibili,453653330,1954,5b20ff5a-1487-55b1-a2c4-5b5fb488755e,,,
0,格蕾雅・格瑞茉莉,bilibili,1454264713,1953,ec261560-26fc-509c-aacf-ca7b2430bd6a,,,
0,安CoCo够努力,bilibili,3493256664975756,1952,19d88259-0e0a-5312-8e1b-ba97ec45ed19,,,
0,芥呀呀YAYA,bilibili,3546756144958138,1948,0467a55c-12e3-5700-bbc0-7368b79f5876,,,
0,壳壳,bilibili,1514195888,1945,e76aa5e0-6c0f-5659-a79c-a6ba416919bc,,,
0,蓝波Iamb,bilibili,520945893,1945,a2d1ea37-6961-55d3-a65a-550308c8650b,,,
0,秦獭獭ITA,bilibili,3493128398965150,1944,4ae92da8-d33d-5a3c-8092-09b217049c29,,,
0,雲川逸月,bilibili,1027747131,1942,89f8ee39-96cb-569b-a79d-ae5310f38040,,,
0,爱吃青草蛋糕myy,bilibili,3546576437905853,1940,095ab81c-dbc0-5937-b0b8-dbb9ec85b83e,,,
0,琼可艾莉耶,bilibili,12960120,1940,b97bcb04-3346-5e60-a10a-645f2e28ff6b,,,
0,言堇堇Sumire,bilibili,3546650417039520,1940,f3dc4061-e8d1-522c-861b-c7f96f007d33,,,
0,暮狐Kitsune,bilibili,24972255,1939,db82fe2b-4dd6-5373-b369-7d5392a623b5,,,
0,夜色喵喵-,bilibili,1975072701,1938,b13fc5bb-67a6-5583-822c-fa85ffc72c7b,,,
0,雪小柚Yukizu,bilibili,3461565810477475,1938,03544382-fa22-5338-9c9d-75911b1374ee,,,
0,一只白熊叫黑鸭,bilibili,111990614,1937,8fcd11a5-523f-5668-b3f6-5a24402cdd2f,萌芽社,11361482-308d-5313-8597-96d3d8d7170a,
0,游鱼yuka,bilibili,81441759,1937,9fe28787-8f77-5438-b674-aca952e3d501,,,
0,薇塔_Vita,bilibili,1161241331,1936,b82ea44f-0e50-55b0-97ba-9d04dc7fe86f,,,
0,萌小逸Mokoyi,bilibili,617641898,1935,f5539284-e385-5893-894d-65b59bbb1219,,,
0,雪玲由纪youki,bilibili,12203747,1935,fb635105-6688-5164-9193-8ce0fe5b73e4,,,
0,雾蛇苏幕遮,bilibili,700887835,1934,4935069a-b33c-5065-a9ff-3344ad476f91,,,
0,米桃奶,bilibili,3493290869525365,1933,319e3c62-3e99-5f40-8802-24bb603f9335,,,
0,时葵_Aoi,bilibili,2070594061,1932,2593bce0-767c-5b5b-bdbf-7b43276907af,,,
0,寂留,bilibili,544945783,1930,2346b4a9-cd20-5e5f-b4dd-6b4e782c00c4,,,
0,满地乱爬Official,bilibili,7016631,1929,7a2c94dd-d5bf-5e3d-86ac-309853e817c1,,,
0,苏辞子OvO,bilibili,49894666,1927,94633999-ac08-5f91-9237-f03956f9ff65,,,
0,宇佐美すずか,bilibili,3493266555144288,1926,b25a7802-4862-5797-91a8-bade76a9d3c4,,,
0,夕莉,bilibili,8936337,1925,ec41f27f-257b-5937-94ea-a1520e52722d,Re.Eden伊甸园,7160ffcb-737e-5a07-b9c1-f130ff46cbee,
0,小甜馨-sweet,bilibili,3546888024361846,1925,dce89f57-a974-574d-9422-03de84f15e18,,,
0,毕方ym,bilibili,3493285303683804,1923,21a4e616-780b-563e-b0a4-693114c5f8d1,,,
0,雾川Aria,bilibili,3546618875874222,1922,566484ce-f97f-522b-a867-f4e433c21dcd,,,
0,伊丝塔_Easter,bilibili,1178920043,1919,bd38bfcc-f26b-5098-8aed-7f6add56c188,,,
0,逢瀬kakure,bilibili,470576672,1918,4cfc0e98-1e88-53e4-a5fd-6581199a909f,,,
0,音希Radio,bilibili,500266355,1918,24a9e7c2-8016-5747-9eb3-99ffa3e8e04f,萌芽社,11361482-308d-5313-8597-96d3d8d7170a,
0,小亚,bilibili,353044891,1916,60fdd13d-486d-5790-8827-9e4bbe98b630,winks,73f553fe-bc06-5b12-be20-44b1190b6237,
0,晚安小阳ovo,bilibili,353919721,1916,3b3cdcf6-37d6-596e-81e5-f879a69ad7fe,,,
0,花露十一,bilibili,480918808,1913,0825f6a4-c6da-5d7f-80ae-7aa6bbbcdfb2,,,
0,曼陀菲尔,bilibili,3070730,1912,9ebf337d-e2cc-5635-9deb-47d1c7a92cfe,,,
0,柚木栗子yuki,bilibili,701272072,1911,3eb352d4-e4df-5752-a8e3-b4485858675e,,,
0,希姆sheem,bilibili,31346060,1910,bf8635e6-d9a2-5447-bca6-57dcfe0ad8c3,,,
0,蛇又Sayona,bilibili,701012687,1909,bb3aa180-7251-53c0-8bd7-0cafcd3abf94,,,
0,疏岚Sillen,bilibili,3493270202091846,1908,393af2a8-13f4-567d-b83e-bf7a20ab698c,,,
0,喵喵腻v,bilibili,1455020272,1906,762c0c6e-dc1c-5907-9b8d-b623a90428b1,,,
0,弥美姬_Mimi,bilibili,3494371460647038,1904,27de736d-12d4-504c-9130-1405d2a4faeb,,,
0,卡尔莱恩_KarlLion,bilibili,108101265,1903,2ce5dc67-095c-57e7-a723-553fa6c54166,,,
0,星奈,bilibili,82717585,1903,13611851-a9e5-5f43-a1cb-fa4999b92bb4,,,
0,伊丝特_凯伊,bilibili,2964640,1902,0326044c-08b2-51a0-bc65-e86c16fa7709,,,
0,玖久奈nami,bilibili,3691006587308829,1902,a2b9486d-14ff-5c41-9dc0-470aa21cbb27,,,
0,花泠Linno,bilibili,3537105877731923,1902,8f6adb9a-f5a9-5ec6-b7b7-eec627a15999,,,
0,Eusia尤希亚,bilibili,17780489,1901,107fa22d-f198-5f55-9cdc-2e2e1ab19320,,,
0,不朽古龙埃兰奈,bilibili,14881818,1899,d8b69bc4-895e-5f58-a22b-97d6db659f3d,ChaosLiveSprout,e67fb222-1c4e-5f19-84da-9e8beba2c365,
0,蔻蔻Channel,bilibili,1920016963,1896,a1f8ab4f-b877-5f2b-a8a7-44c3c8154abc,,,
0,木野子_KINOKO,bilibili,2241833,1892,98f72d89-88c7-5fe5-8a76-3bc80896b4cd,,,
0,_浅遇_,bilibili,3546758439242209,1891,7e4e65b5-14ca-501b-972c-d1c2a89b890a,,,
0,千铃ouo,bilibili,25399008,1891,5c8ffff2-5120-52a7-9519-14615882fea4,,,
0,奏咲,bilibili,67988232,1889,c6ce0cc5-ccae-5ab1-acbd-b266421ef293,,,
0,芽千千ガチチ,bilibili,1514013,1887,3fde376b-c61a-540f-bff6-7e7c8414ecc8,,,
0,啡糖Niko,bilibili,544219353,1885,5ac2d4c1-ba28-518e-92d6-bde0c768be61,,,
0,莓实兔丸,bilibili,11864934,1885,40666f36-8419-5362-ad5c-769f2853aaca,,,
0,鬼川九九,bilibili,3493284984916886,1885,34e9119e-121b-56e7-9a9b-1e486e284583,,,
0,秋田唯_Yui,bilibili,1500509481,1883,f9112801-b80a-50d2-bc43-39281f6bfdf0,,,
0,言魚不爱吃鱼,bilibili,3461577189624455,1881,69c121c7-5ace-547d-b202-251a21d6034a,,,
0,Carry好凯森,bilibili,3493296745744537,1880,15414a05-71e7-5479-9e79-f0c865e4528a,,,
0,Sunao_desu,bilibili,1502985222,1878,c62f4dc0-2d3f-5cbf-b271-7a5dc8d8b3f9,,,
0,孑美奈Gemini,bilibili,3493269281442090,1878,8dc36e52-27d1-52ae-8b1c-d632e7921ba9,,,
0,风の香,bilibili,11408488,1878,81e74b31-3168-52c5-8226-b4110d5ac1d0,,,
0,Dsire-时雨,bilibili,3546935302556184,1877,9ed3d09a-2f50-590c-b64a-5474d6049410,Dsire_Official,a4053e22-87a2-576f-aaca-910fe6246264,
0,猫又又Pink,bilibili,253883794,1877,43c59d1c-79e4-540c-abfd-267d27a57953,,,
0,小呆羽毛,bilibili,3546595687663717,1876,a4844c23-2870-52a4-8dab-47ff6ae0bb43,,,
0,暹夭夭MoChi,bilibili,3707002056346031,1876,7f9358b8-9a6f-58c4-b0e1-d7377f9fe06b,,,
0,软软兔sara,bilibili,3494354888952406,1876,9e815c63-1a83-5396-83ca-32e0851e26fc,,,
0,司眠睡不醒,bilibili,3493286574557222,1874,4d5bf137-f4b0-5c6d-bb52-86a0117cc652,,,
0,怿西洲,bilibili,3493092485236819,1872,5f5b2a2d-adaa-5b55-af0f-e93498f4f93c,,,
0,铃织Iris,bilibili,3707017254406830,1872,42b59fb5-27ea-525e-a074-b9ac224b2f79,,,
0,之小之Shiny,bilibili,1339532040,1871,16d71808-5828-5c86-abba-5f69754817f5,,,
0,文月卯月Official,bilibili,433195802,1871,bd3f2787-0279-5fd4-b376-310e28a85bc8,,,
0,二三Icey,bilibili,3493276940241404,1870,68e8cebd-a2fc-5732-a410-e2b29b9b2d94,,,
0,曲奇恶霸,bilibili,2456052,1870,2a95baf6-d4e2-5164-a330-ba3c54a77c67,,,
0,一Lensama一,bilibili,871336,1868,e500b6dc-0d82-50c6-b118-70e01830906b,,,
0,塔妮娅Cloud,bilibili,336554838,1867,2438131d-d8c1-5a9e-ad91-ca5ca3f9db64,,,
0,白信柚希Official,bilibili,8571340,1867,82c79e5f-21a8-5779-8a93-bb27d84e9cbe,,,
0,波間無居_Mui,bilibili,3494363652950348,1865,75a3b182-7731-5fec-ba27-23871794343e,,,
0,心夏kokona,bilibili,413107335,1863,cf199573-c04f-54af-a70c-f87c6defde37,UpAllLight,466b2417-38ec-5162-8b5e-82ea6eabcef3,
0,陆笙_Lusin,bilibili,524962212,1862,f612a520-c7f9-5e8d-aafe-9c8d28e1400a,,,
0,ju猫不笨蛋,bilibili,3493087923931374,1861,81c6c0e6-cf13-515c-820a-5aed868c32c9,,,
0,夏惋惋,bilibili,3546891713252277,1860,5f017e4e-d776-5b93-973a-4280990a5c7f,,,
0,陈慕Mulay,bilibili,1777574878,1860,ce26a3b9-df53-508e-8615-a84c800e2973,,,
0,包子侯爵,bilibili,894610,1858,d8bec516-d65f-5bb5-9e5d-3462bc544b1c,Vi-D,faf257d3-81df-564d-b5ae-2d9fd694675c,
0,羽久藍月夜Official,bilibili,242012,1855,9f66a0e3-2555-5076-be8b-2c323131b746,,,
0,黑白月UxU不吃胡萝卜,bilibili,1024580293,1855,afe22dba-ba87-56ca-bcb6-a91a1b1e4282,,,
0,暁知雲之伤,bilibili,3606739,1854,4db65d74-6db0-50f6-b23a-fe3c02698d0d,幻home,61722433-dfba-5899-a5bb-fc9229f1f62f,
0,佟夏曲,bilibili,3546945171753457,1852,b3685313-dae3-59eb-ae83-c88427300f6d,,,
0,Su_夙燃,bilibili,3493282071972571,1851,48be1a96-5ec7-5d28-bb24-13fde61e1214,,,
0,恩玛enma,bilibili,3493281696582321,1851,09a8ced6-d60b-55c8-a993-04a3921b1c1e,,,
0,苍南,bilibili,263031381,1851,17d65d50-f453-5b1d-a8ad-9c77af8384a7,,,
0,安安安诺然_Anora,bilibili,20177651,1850,88c52e00-bcbe-5f0d-adca-410cf44e4774,,,
0,Jason同学,bilibili,11809053,1849,49d89f51-5b69-5087-aadd-076859ae49d8,,,
0,赫德维希,bilibili,823547,1847,e36add71-6ae8-59b7-a2eb-7e62098444be,,,
0,七宫天空Aria,bilibili,1750726607,1846,fbd17c4f-aac6-59bb-88d3-a4b17cfd1233,,,
0,虾头臭鱼,bilibili,3537109325449621,1845,c3f592b3-7085-5b7f-adca-bb402537099d,,,
0,伯奇-澈屿,bilibili,1194081839,1844,067f5866-0844-5a42-b742-7c156f2ed8e4,,,
0,明辰吖V,bilibili,3546790777326454,1843,b8479694-eb28-58cd-973a-35e8fcdfccbb,,,
0,西布娜Sibuna,bilibili,1658045935,1842,944060ce-589e-52b4-b6fd-7ea0783504ea,,,
0,立夏Wish,bilibili,327993,1841,1daa9c4c-8111-5517-a247-6e507a086cd2,,,
0,Seven_小七Official,bilibili,3265126,1840,79a72898-a114-5eb9-9ff9-00a7cc6d3149,,,
0,娜诺_Nano,bilibili,3461567532239826,1840,9f222c99-25e4-5b27-953e-0ebc0b03008e,,,
0,ベルモナ,bilibili,1995854577,1837,4bd3ea2b-fe8b-5944-938a-8bacc680f1a6,,,twitter:Bellmonya|youtube:UCaoat2Vz9i1_wbR7_ctv3bA|twitch:bellmona
0,羽鳥楓momiji,bilibili,74174075,1837,94e77a77-9c5d-517a-839b-6e49f732b0ef,,,twitter:rgT3jxHfDCVcOdb
0,蒂莱米Lemi,bilibili,1898801080,1837,3bc3a038-6fee-58a3-9bc2-73e7dbea3d76,,,
0,玄雀阙星official,bilibili,410284136,1836,6c43109e-dcc6-5b52-ac38-af8bf3e7455d,,,
0,艾伊布,bilibili,5500045,1836,cbd8d48c-b331-50f5-b41e-2dd31753c3c9,尼比陆,e91a4eb4-14fc-500f-a8f5-f8650d62dbd2,
0,莉卡_Rinka,bilibili,484193653,1836,8811e136-dc95-580b-a06f-42cc9f1eb090,,,
0,凛音筱筱,bilibili,3494365269854282,1835,1959a426-fd58-5acd-8551-6e1fec71f8a9,,,
0,洛宁Lny,bilibili,3546868392921566,1835,a207ebcf-5f21-5865-8dd3-d2fa7c475a41,,,
0,一只阿九啊,bilibili,3494362004589312,1834,a6cdc454-e398-59aa-9166-da757cdb6692,,,
0,海野望Nozomi,bilibili,1494066792,1833,2013a0a3-4176-56a5-8406-2422f9135109,,,
0,内薇娅Nevaeh,bilibili,1074823394,1832,86ec3bc1-3ddd-567b-9cf5-91deccc968f2,,,
0,冷死我了了了,bilibili,354267794,1832,75adcc56-169f-5d49-a8db-a6b2b6d98c83,,,
0,洛洛米,bilibili,11085212,1832,acccf377-cf65-5c75-bd61-3e9639d3e72c,,,
0,狸姜乐,bilibili,1953954412,1832,69e3dee8-a256-52cb-8abe-3c7303dc1fd9,,,
0,初小雨-ovo,bilibili,3493089744259405,1831,6435098e-48f1-58b9-8f72-6a42b769cd1b,,,
0,山野霧,bilibili,3461566647241432,1831,000a31e0-a3f1-5276-802b-2b4a75dfb52e,,,
0,鹿璃,bilibili,1371321336,1830,eecb80a3-ba27-5315-b3a4-b2feed8fadbf,,,
0,DZzero,bilibili,17127874,1829,8980ecb7-2bdb-54d7-be8f-ce52675e4716,,,
0,吉祥阿,bilibili,3345215,1829,6210bf5e-f9c7-5598-9dd6-0797cb8bd7a0,,,
0,薇薇欧vivid,bilibili,10408102,1828,1b71f211-6e28-5994-bd8f-a50a3bf27a6f,,,
0,苏尔林·哈拉鲁,bilibili,749237,1827,dca2bdcf-93ef-52e1-9bb1-c8ad8fe56a7a,,,
0,阿宸宸,bilibili,664512,1827,0b583f5d-24f6-58ca-8bb8-11fd2e638f8c,,,
0,克拉米Krami,bilibili,3494350715619735,1823,1447f883-d1a1-587d-89d0-74ba957aedd3,,,
0,缇缇Teri,bilibili,3493121891502743,1822,9f5dd914-077c-55db-ba2f-de7d8dac4caa,,,
0,aOAO汪嗷嗷,bilibili,646527238,1821,631ac105-20aa-5e23-8db4-57e5bf3405fe,,,
0,千圣Chisato,bilibili,1557202606,1821,beb5c7fe-ebfd-569a-b185-8d41b63d1312,,,
0,北藤Betty,bilibili,337068859,1820,7cd0d298-d29b-522a-8017-463b29926571,,,
0,哩哩look,bilibili,512247978,1816,9d3d3f21-652d-5a38-9001-ec226db1c173,,,
0,橘九,bilibili,429285255,1816,d66f0564-dbe7-578f-a1b6-c29dd4d0c830,,,
0,纱娜Hanaki,bilibili,689402166,1816,6ed0a265-8c8a-5f51-afd6-ce08d86f1e9d,天枢project,7126d95d-9311-5691-a2de-88d978486297,
0,白一鸢_Channel,bilibili,701546862,1815,0ab57f16-439d-56c2-a875-d4ce9d93a731,,,
0,路小雨TvT,bilibili,1711523322,1815,ba50b461-637f-5406-ba59-8ab802055047,,,
0,莫新,bilibili,17497053,1812,3bf521b3-e255-5ae5-a943-9de85941c189,,,
0,只鱼只,bilibili,23134740,1811,9970dd9c-07db-527c-bed0-c724351ece66,,,
0,花翎Karin,bilibili,3493277416295169,1805,7fdf0bda-dd48-55b4-9680-3801fa1b69a2,,,
0,尤拉莉,bilibili,1189078151,1804,89f757b2-dd1a-5386-aa0b-058292a45a36,P-SP,f076e35d-500d-57ba-9149-6caed8275768,
0,星泽百合,bilibili,3461567735663313,1804,fe1eba14-cec2-514a-86da-16ba43916890,,,
0,林叁柒037,bilibili,3493146321225881,1803,fa681c7a-6cf4-5d27-890c-7118747a7a9e,,,
0,伴晴orz,bilibili,148885908,1801,c9fc182d-bef3-5b12-8528-1652b587c852,,,
0,喵豆子nyazuko,bilibili,1950577263,1801,172d581b-45ae-5930-9eb5-2919f324f195,,,
0,饴姬兔莓,bilibili,3494350302480404,1800,edb20933-b761-57ad-8aa0-74d753839da3,,,
0,朝朝Morin,bilibili,2087027321,1799,d95e1146-5039-5814-bcf8-e9e3f702d39f,,,
0,瑞贝莉亚_Riya,bilibili,488252627,1799,4b643406-29a6-5186-8791-dcd81e1eee48,winks,73f553fe-bc06-5b12-be20-44b1190b6237,
0,究极拉垮的天上Sora,bilibili,2202922,1796,318b20cf-db6c-5cab-a3c1-e4b0ca723b2a,,,
0,EPP_official,bilibili,10292573,1793,a68ce9a4-bc0e-5168-9a59-c4e952134265,ChaosLiveSprout,e67fb222-1c4e-5f19-84da-9e8beba2c365,
0,渔一桃,bilibili,187907182,1793,da7cf7d5-72e0-5e64-bb0e-ade398affe76,,,
0,豆沙包,bilibili,4097824,1793,e1fcf837-77c9-57f3-88ef-324b1258a3ac,Re.Eden伊甸园,7160ffcb-737e-5a07-b9c1-f130ff46cbee,
0,狱沢犬killy,bilibili,3706946632813069,1792,3991b0a4-926c-58f6-b4db-3e56ecae47af,,,
0,小伏兔呀o,bilibili,3493080351115928,1787,ff0abe72-fb21-5121-bf7f-fb231ffb7e9b,,,
0,千波亜矢_Chinamiaya,bilibili,392486867,1786,134a76cd-6d05-538f-b604-fd8e1e454179,,,
0,汐雲飛鳥Asuka,bilibili,6064698,1786,b32d45cc-a171-5d2f-a363-c557201506c7,,,
0,洛肯Lorcan,bilibili,324807706,1784,b94368ea-a489-5933-bbd4-b3fba5273dcf,,,
0,猫竹璃星,bilibili,15973647,1784,444ac57e-5aa3-554c-b3d3-f736910dec30,hitorino,4d66bbfb-bee8-59ec-88f6-495507330f10,
0,芊雪是只狐,bilibili,3493272410393405,1782,b84ae7da-bed2-5911-9553-baf90dad8e6e,,,
0,灰川空也,bilibili,1600038826,1777,04264f30-cb99-5cb0-a29b-a2ae84187fe4,,,
0,萌吱吱,bilibili,630774747,1777,eb318c84-d79b-55f1-b7ac-74e77bad3959,,,
0,景礼,bilibili,36648204,1776,e161a947-63a1-58e1-8ca7-df84b84883db,,,
0,小小的小凌,bilibili,402642078,1775,269c04c1-95c8-5540-a9bc-3f70176b3375,,,
0,桃茶茶bictlo,bilibili,3493288663321522,1774,924f758f-7025-516d-afca-58c0cc32731d,,,
0,克莉雅-Koria,bilibili,480950,1772,a6d4b202-8135-5f78-b748-b5f387b63e40,,,
0,星野飛鳥,bilibili,1700332,1770,d9c8fba9-8f63-5d46-a0cf-2692fe4faa6e,,,
0,伊奈璃inari,bilibili,3493144547035730,1769,b15485c9-b204-5719-84cf-3465d6fd6571,,,
0,白梅雪见,bilibili,384742859,1769,8684ef7f-0b2e-56fe-ac61-49a2066e51a4,极光社,9548b50d-dbb9-5b8e-9a4f-a86239ac14ca,
0,天霖Rich,bilibili,10755560,1767,983dac94-a2eb-59f4-9947-f18a0d5e218f,,,
0,鹿岛佩佩子,bilibili,114307830,1767,04c48e63-0e89-509c-824a-bfae2b6f6534,,,
0,碱水栗,bilibili,3546603252091748,1766,0b1fbf54-bd0f-5014-bd1b-f606ca576de8,,,
0,雾里妃音,bilibili,3493123158182714,1764,d2de6580-e9ec-559d-bb8d-544771db81ad,,,
0,Yu-u-mi,bilibili,7498906,1762,d653da9a-fad4-5dfc-a558-41069fa0ec9a,,,163music:30377410
0,閻麟麟是大聪明呀,bilibili,1522990829,1762,a6a65363-a17d-5306-b2e4-cc87275043d7,,,
0,洛茶,bilibili,8217442,1758,5990bb44-42ab-50cc-976f-5d11136a8bfb,,,acfun:12152626
0,涅可,bilibili,3461577258830514,1757,8ebe0f20-7724-5ecb-9063-8eb75052ffbe,,,
0,朝雾优乃_Yuno,bilibili,625133608,1755,40d40e64-7dcc-51df-9e95-c2cb948f561b,,,
0,若月桜奈Wakatsuki,bilibili,11338567,1755,05f12342-afbe-5d01-8352-05b679b1bf27,,,
0,西瑟今天吃什么,bilibili,3537104973859145,1755,80504c8c-4b4b-5f48-82f0-400ae826d221,,,
0,十四葉,bilibili,442318785,1751,0d0cda4b-8d7a-577b-8e5d-c8b60b0f28ae,,,
0,蒸汽猫薄荷,bilibili,7685014,1751,6a5cfd94-d3b4-5d81-a5e9-c602526741b3,,,
0,神音Yae,bilibili,3493291370744057,1750,710379b2-15f4-5257-81e0-0769c5a0487d,,,
0,雪羽Eira,bilibili,3546857452079978,1750,8d51c80b-d692-5d74-a845-c7c906f39ef7,,,
0,暮霖胧Stardew,bilibili,27573274,1748,e37454a7-a4db-55e6-a244-2efc175c50f5,,,
0,伊予安_Yiyuan,bilibili,269491765,1747,2b9d7a23-dffd-5be9-a636-f70aa1767e6c,,,
0,冬铃茜AkaneRin,bilibili,676376,1744,0b4872f5-2eb4-51ee-9bc4-327ff0465940,,,
0,百濑杏那,bilibili,3493130949101733,1740,39a8b525-0be7-5bac-bc19-ee7a13edf500,,,
0,Seven_烛,bilibili,3494380891539892,1737,22123ffd-6534-5bf9-8b6e-bc8d5c2c3b02,,,
0,rosabel_official,bilibili,3493118663985555,1737,fd2efa22-ee22-5f99-b7d8-e1d4a3745f76,,,
0,乔思思Shiny,bilibili,290667251,1737,00b2fb27-6ab3-5b38-8c04-fa8d3932b7ec,,,
0,仔犬丸たねこ_official,bilibili,1360350659,1734,b36226e3-0b52-50d7-b48d-5468063cc3f3,,,twitter:taneko_wanko|youtube:UCIGAhromCFFPynz6x7zrwSQ
0,神也雪ADDLOY,bilibili,259279517,1733,e5279058-7bc9-5edb-aebb-a3bc467565bd,,,
0,凌三Shiba_Inu,bilibili,20649174,1732,7448ffa4-60b4-5ae9-ade0-eb34cd3261f3,,,
0,予枳枳,bilibili,3493104531278180,1730,d95a20c5-6688-5211-8f5b-75b92a4b0649,,,
0,佟年年嗷aowu,bilibili,343015985,1729,589289cc-867b-56eb-9ab1-4699000837df,,,
0,呆毛ruki,bilibili,1680177,1729,2c597b7f-bbbb-5bb5-af58-b7a21c853f49,,,
0,云蒸霞蔚desu,bilibili,303501761,1728,365cb7b7-b8cb-5e8d-b69e-1db441f43c5e,,,
0,小迷糊_Collectlove,bilibili,3494380291754556,1727,9b12ad58-60c0-54e6-9d66-64dd18943677,,,
0,阿诺-ARNO,bilibili,1628150460,1726,af41c4e2-0831-5cba-83d0-caf2911871ad,,,
0,夜桜たまofficial,bilibili,441666957,1721,297fdb2f-e80f-5ff9-95fc-7bcf9c678c83,.Live,02f5f560-4646-5fcb-ac58-81279c7e2c1e,
0,白桃奶昔茶,bilibili,15196481,1721,f87c3643-6525-5533-a15a-d28fdad7e68c,,,
0,心海尤黎,bilibili,4459310,1720,ef064cd5-b06d-505d-8e4d-695af903569a,,,
0,悠莉YuriMajo,bilibili,21835653,1719,6e17d5e6-ece0-5758-9463-8b1191b45c1f,,,
0,蕾欧可Leioke,bilibili,3493120943589465,1719,cd90b8fd-5b59-5525-9600-e253c77a58a0,,,
0,王小王Official,bilibili,679127344,1715,0d90f7d9-6a89-5e8e-b9f5-077181b433d3,,,
0,黛茜daizee,bilibili,3494369669679181,1715,a43f2f0e-c8a1-540e-a6cd-b21decf5ec93,,,
0,一颗米狸,bilibili,3493278395664860,1714,e221de9a-203d-5d69-b4d4-2f86e25ff466,,,
0,米德米德你在哪,bilibili,3494363252394513,1713,d0daefbf-a863-5e30-bae7-6f5c4fa5de35,,,
0,艾可offical,bilibili,35954791,1713,e2829c81-f541-5fe5-b105-5a49a1b9a874,,,acfun:204885
0,梓桃亦唯江,bilibili,36061816,1712,2af8d021-fce9-5f7b-9edf-2b48811b69dd,,,
0,花音兔乃usagi,bilibili,7275567,1712,232b360b-59e0-5969-8c9e-691b36534962,,,
0,艾璐娅,bilibili,3494354316430205,1711,59f549f8-9a33-54a8-adaf-5dfb680752d0,,,
0,栗兹Aliza,bilibili,3493144356194480,1710,ad1cbf49-5d6a-5ab5-9ea8-3d1cdd33c786,,,
0,詩絵瑠玲依,bilibili,3027110,1707,0163c184-6875-5fb8-a4da-f6c5f1537efc,,,
0,馋馋饿了,bilibili,678947871,1706,dfe2a94a-0dcf-55eb-b813-47472cc8f499,,,
0,柯洛Kuro,bilibili,3393365,1705,da0b8676-465f-5929-a2e7-da779007a136,コーロンサス学園,a43eee3d-839d-54ff-90cb-d9045437de30,
0,芊翎Liora,bilibili,3546717462988811,1703,e24a410e-b74a-59de-a70c-be8fd99aa306,,,
0,懒帕森纳,bilibili,255935117,1700,0d5c59cc-6d3b-5e91-9700-9aeb01b18c23,,,
0,派拉Para,bilibili,3976443,1700,1e30638c-6523-5005-a498-d760154fe0e3,,,
0,安伯_Ember,bilibili,3546648173087295,1696,732562cf-6aad-50b3-863d-8363733c2382,,,
0,莉娅-Lia,bilibili,1808561046,1696,6e4e0657-6b75-52d5-9e9a-eb1d1c83b41c,,,
0,小Q_cute,bilibili,3494363696991178,1695,c1dc787b-35a5-5495-9ad4-5537741fd915,,,
0,有枝Yoz,bilibili,432238053,1695,c9a69ce3-5b48-522b-8d50-a5d5a68fccd2,,,
0,德莉亚-沃尔夫,bilibili,1494109995,1694,f0366c2e-b3aa-512a-83e8-32b6b995da26,Project-Hilda,e94c397a-eb34-56c9-a0cf-051bccc0dab4,
0,屈彦沉Shizumu,bilibili,86361868,1692,65647125-22f3-5a07-ae30-85d64de0ef1c,,,
0,清合Yuri,bilibili,3493089809271689,1692,4edae404-ff5d-5e1d-91eb-52dfee679714,,,
0,Nagi,bilibili,619487,1690,47b2c514-124f-5681-9085-a346be72e782,,,
0,埃栗,bilibili,679180755,1689,04fe3c64-e4ff-5e26-a38b-b5b7a53be9da,萌芽社,11361482-308d-5313-8597-96d3d8d7170a,
0,时月Tsuki,bilibili,3546610969610825,1689,6dcd3bbb-40d7-57d3-a7a6-1fab86f03aab,,,
0,清水夏芽,bilibili,3493113930714082,1689,9d3daf4d-9c69-5608-b98d-6dced094c8d8,,,
0,猫沢狸乃_Rino,bilibili,3493122864581360,1686,f594710e-a55a-5095-912f-0de85d7070db,,,
0,政委Official,bilibili,14024186,1685,7512ea47-1127-5689-9619-4014503a3892,,,
0,浅月Asaitsuki-自律人偶,bilibili,654852,1685,7d72420b-d572-5879-b322-b7552c9fb8f1,,,
0,蒂莉雅Official,bilibili,503820721,1685,ee0b969e-55e1-5e32-92d5-a4a49845f9ae,,,
0,西子在干嘛,bilibili,3493137347513185,1684,e6a3e08c-7f6d-5433-af52-06bf69a7785a,,,
0,小沅Yomi,bilibili,3707042715929567,1682,d408e57f-92f4-58d7-ab7c-63cd3ccc0c6b,,,
0,白帝new,bilibili,3493269608598452,1682,f8178d95-30fe-51f8-bce7-e7e874cbef2e,,,
0,安佐_Anzo,bilibili,3493082144180642,1680,e1ab3606-2bae-59e4-ae0b-920c8b99e848,,,
0,萝丝_niko,bilibili,3546379840392082,1680,d987a2fe-325a-5712-9f7d-0eb6ebb6123b,,,
0,小芙殿下_,bilibili,3546557840361556,1679,860e9539-f006-5cff-8ac5-71e668a68300,,,
0,极夜Naksto,bilibili,498432665,1678,d4cc6f5b-3a73-5858-93ba-d71b126d7d8f,,,
0,夜维Ive,bilibili,3493093449927501,1674,ee391cb5-7568-5f10-a5bf-95dfe37e6cb0,,,
0,伊波inami,bilibili,3493286914296565,1671,22ff96d7-37af-5bf5-a99e-3f058824feb1,,,
0,式部めぐり,bilibili,540064490,1671,c4d2172b-f9e3-5590-a361-f33a0682f1f1,,,
0,西禾是酥酥呀,bilibili,21605809,1670,bf3c2465-e174-5c21-99c7-4984660806f3,曦和project,7b8e376b-1043-5774-a985-5d57aafc4a16,
0,新原修治,bilibili,391888668,1669,cca420bf-42a4-5453-a465-ad377946ed61,,,
0,铃宵Linco,bilibili,3494353181870931,1669,fdec242d-36aa-57c4-8c7a-01ead5de0509,,,
0,キナママ,bilibili,441828861,1668,21582987-27f0-5094-b5e2-37dc64c2ab31,和遥树奈Project,03e5db22-f42b-57a1-b034-48a7f5642d8a,twitter:kinamum|youtube:UCb84BLktAEWyR0_xUP1wRcQ
0,塞菲拉-苏的占卜小屋,bilibili,81882577,1668,c37b566a-aec4-5896-9b3f-48f8f862df70,,,
0,彼岸の仙,bilibili,3493261888981817,1668,4406b8e5-a43f-5dfa-8c54-b060d718153a,,,
0,宫霖Krua,bilibili,3493269373717077,1665,0cbc3586-3221-5338-b849-812afc65ab0a,,,
0,骇零Hyrin,bilibili,3546835333417352,1665,04daac92-7c8c-5896-9369-a81daa903cf3,,,
0,鲨Samekan,bilibili,7903807,1665,c0d67403-0ddc-5d17-b6ba-298bd09ab5f7,,,
0,景云重华Morpheus,bilibili,3494362384173634,1663,5d7dae58-494c-51c6-829b-b566934b441d,,,
0,鲨鲨是条鲛,bilibili,1480811,1661,9ee1f907-361f-5a53-a2a5-1da12cf643a7,,,
0,纱奈,bilibili,3494351376222828,1660,14a365b0-b519-5354-9ac2-15ef5bc1c142,,,
0,Dsire-寒叙,bilibili,3546935413705490,1659,c209eb52-dc46-54d0-82e9-0d830b96c0e7,Dsire_Official,a4053e22-87a2-576f-aaca-910fe6246264,
0,泰迪熊奴奴丝,bilibili,2061961489,1659,12aead56-ef8e-5c34-ac9c-7544576f46b2,,,
0,桔砸Wink,bilibili,3493284924099169,1658,948eba3b-7327-5588-afd4-d342f4e3db38,,,
0,酱小栀,bilibili,1578487212,1653,e3e2a5b8-5e40-5dac-820b-95a21dbb0473,猫铃社,6eec14e5-38cd-504f-a995-b7bd15b4c51f,
0,糕米_Yiko,bilibili,687861087,1652,77ef03d2-b581-54c4-bb9f-fad267a65aea,,,
0,莱菈_Lyra,bilibili,3546778446072067,1652,051df348-0215-5db3-9664-5c6a5b9de906,,,
0,希赛莉Official,bilibili,668817079,1650,648a29d3-3c18-551c-928d-cd7500f7ca7e,,,
0,桃泽纱奈Doki,bilibili,296923324,1650,634faadf-472d-5f5f-8b93-9a5e3bae9398,,,
0,炭炭tan,bilibili,3546722292730737,1650,b8f02619-56b3-531e-a2ef-934a557e262c,,,
0,艾美拉鲁德_Emerald,bilibili,1115318272,1650,409be523-ee24-592f-a1ee-06f66bddebad,,,
0,杉见,bilibili,1127051550,1647,f57e38a7-1e91-568c-be7c-bb88176dd087,,,
0,茶柚柚Yuko,bilibili,22454718,1647,fa16ccfc-d893-529c-a684-a14af4ea80fa,,,
0,藤礼,bilibili,3494374721718526,1647,ad21df00-4943-5258-8928-776413f367fd,,,
0,桃笙Mofue,bilibili,271955071,1646,ebcd034e-d353-5ddb-b48e-7600b2986d15,,,
0,祈酱kiyomi,bilibili,90858026,1645,84103494-88cb-586d-a7ee-7d31b0580b4e,,,
0,万天尾鱼,bilibili,3493267630983404,1644,702ea912-9ada-5324-90e1-a79b133cd301,,,
0,蝠灵念,bilibili,510982800,1644,41f6e601-96be-5b70-93cf-49255094b0e8,,,
0,远坂爱,bilibili,3493258479012149,1644,f37f8652-c0b3-5171-8603-e238e488310a,,,
0,阑月亮湾_zZ,bilibili,3494367226497198,1641,94237a21-5ad8-5ac8-847a-d74d4068b59a,,,
0,咕东AiJie,bilibili,3494354003953805,1640,a4865af3-ed40-56f0-a47e-b33a248d3649,,,
0,时小希niania,bilibili,3546635420305699,1640,1fa4d8fa-d8f0-5435-ad93-e7c1657391a7,,,
0,诺亚Official,bilibili,1677598119,1640,7c8bfe97-70e5-5e94-84d9-dc2470ab9657,MZ次元,8d3239cd-4811-570e-a968-7c582e46ead0,
0,风凪Nagi,bilibili,5080894,1639,9b7c2344-73b1-594c-98f9-e1bd883504c3,,,
0,Camellia_杉茶,bilibili,159991420,1638,af724d41-7cbb-5ad4-988a-697e870dfa79,,,
0,雪白い团团,bilibili,44964324,1637,34a7f1b0-fa2d-5214-a031-98d4551ff196,,,
0,埃维_Ivy,bilibili,1440561624,1634,d40d9ff2-c602-5fb3-a44d-3823bc601ebe,,,
0,枪佐yariza,bilibili,639235,1633,dfe56ba4-5449-5f01-967c-f06b62fb62ef,,,
0,浅芋imo,bilibili,1398230632,1633,f1e71eba-9175-5f4c-98bb-afb2d356958a,,,
0,玛璐璐_Maruru,bilibili,488737433,1631,36bcfa9e-3214-5850-a3ff-18cf41c61064,,,
0,Yasuri_,bilibili,1822027685,1630,21dccdbd-d105-5eae-8048-4619bd79ff44,,,
0,祝盈盈BeiBei,bilibili,3493270470527347,1630,3de4810b-7afb-504e-8e59-1adcdbf1ce77,,,
0,南关关_Official,bilibili,470992099,1629,c5b6a1e7-89b6-59b5-baca-aa73996afec8,,,
0,淇软软Rua,bilibili,3546639341980296,1629,1bcf8325-1b24-5eed-9d45-b5d0bc1d040a,,,
0,白星baxing,bilibili,3493145455102294,1628,c42c9b6e-fd6d-56c7-a0c1-87b11f087b3b,,,
0,咬一口菜菜Nn,bilibili,3537124349446832,1627,67f0e2f4-5e2e-562c-a6bb-3de52536a90b,,,
0,雪菜卷儿Channel,bilibili,11500298,1627,0cc92332-01d3-58af-af2d-26130c04d22f,,,
0,春水life,bilibili,275274671,1626,91423a73-099c-5c13-bffe-a8ad6be6c346,,,
0,_Yuina奈奈,bilibili,2081728858,1625,1faa3ae9-457b-5f72-9220-fdf6d3fcb7e1,,,
0,星空凌,bilibili,19488841,1623,d07a08e8-7385-5ff4-8d64-a51caae14284,,,
0,睡不饱的南北,bilibili,3493269629569506,1623,a3d68ea5-6ede-5b08-b032-aed11fee1afb,,,
0,晴天雨天兔兔,bilibili,3493091585559033,1620,aa595f58-8c5c-5d4e-847c-8f2e420e1e1b,,,
0,芋泥cookie,bilibili,2078225540,1617,0d910651-4e81-52b5-b079-a6a5dd6dc893,,,
0,葱鱼腩NegitoroCh,bilibili,3461577575500225,1617,2f684235-55bc-5d65-8cda-3771f5a5a6e6,,,
0,野原小零ovo,bilibili,286313184,1617,f2b2bac7-83be-5426-b5ce-15a436d617d4,,,
0,雪野千夏,bilibili,353531058,1617,6778265e-b3b4-545e-a7ab-b32a86af70c9,,,
0,海离,bilibili,7564991,1615,379c44bc-3045-59cd-883c-590570a6d6c6,纸片人计划,cb8f50eb-2127-5a65-acef-df8ebe3743a4,
0,小松子芊芊,bilibili,3493275088456063,1614,78111dda-fcb7-5820-9d6a-5aad8a6de2b2,,,
0,暖暖的冰,bilibili,3494368931481647,1614,5bc94e1a-9e67-50be-9fa9-a34a28ed8c03,,,
0,乐艾_Nine,bilibili,3494366972742385,1613,7a5763f1-7178-5f5a-82ae-a7ae82480035,,,
0,夜娅Yoruka,bilibili,3493076068731507,1612,235f6f28-f2b2-536b-a7b9-673f24ef9a34,,,
0,尤栗希娅Yuri,bilibili,3537121870613247,1612,df36cc87-a0c5-5bd3-b083-d72fcbe520aa,,,
0,佳百璃Gabriel,bilibili,3546803114870927,1611,58c9be97-ec20-5a75-a7ee-62cd5581bb43,,,
0,暴躁dd兔栗,bilibili,13270832,1610,f7e6426a-7741-5ac0-bbd0-ccc0d28afa69,,,
0,多琳达令,bilibili,3493144301668746,1609,ef333ad7-588d-5deb-858a-c639acdc97d1,,,
0,真城煌璃,bilibili,17573731,1608,227dbafb-4c8f-5ca3-ae53-b155572f6122,emoechi,e99f3b51-c9e1-5b68-893f-aa6394d3af86,twitter:kirari_emoechi|youtube:UCQjGy9ZkIuqqzrqyLvml4Bg
0,Sniraite-冰星蛇,bilibili,561589,1607,f535710d-6920-55b2-a4eb-e951979ee5ae,,,
0,狗Neko,bilibili,2011306,1607,c7609edc-6191-5f33-aae1-44f237f114d7,,,
0,tutu就是tutu,bilibili,10268699,1606,ef597c49-746f-5b0c-9062-dc614baa19e7,,,
0,汤圆没骨头,bilibili,457212917,1606,2830ddf3-64bf-5abc-87c6-858cf1e7fdf5,,,
0,纱夏sayaka,bilibili,1227964496,1606,c0dcbb40-58f8-5f25-b517-8d6db27cbf38,,,
0,云帆_Fsail,bilibili,3546913477495448,1604,08fc2b3e-a779-52eb-995c-30864db668db,,,
0,三日月霗依,bilibili,11717971,1603,6e554258-8ab4-5e3b-8f6d-8e9fe008d8ce,,,
0,天宮霞-Channel,bilibili,7418277,1603,6a30096a-1be1-582a-9cf2-95770e7ad6e1,,,
0,秋葵有营养,bilibili,14043719,1602,44995632-1882-5718-8e77-a99564932c7f,,,
0,梨司忆,bilibili,475662442,1601,10a6f35a-4127-542c-a286-d87e79c2db3c,,,
0,知子星,bilibili,3546948525099152,1600,37a8ff78-b9fd-574f-ad2f-578a5b247b99,冬日之家Ultra（北立交桥）,748b837a-0f27-55d8-aae1-695e4cb77aff,
0,伊芙雷塔,bilibili,3493127539132644,1599,0a8bea3f-468a-5b8c-ac33-9f78d24fe00a,,,
0,索利文Official,bilibili,647332642,1599,a43665fa-43e9-57e0-a230-547ca03478b5,MZ次元,8d3239cd-4811-570e-a968-7c582e46ead0,
0,矢瀧Yataki,bilibili,191652,1597,2e92ee43-bd31-59d6-a35a-ac622ba8fe99,V_G研究所,30f0a6c7-e49d-56b9-8dd9-60bf6539212b,
0,奈罗Naro_official,bilibili,1715021814,1596,1db9b4e2-0001-5104-9fd7-f1f81d4b1a6d,,,
0,帕缇Patti,bilibili,6634844,1596,71567c86-fabd-5d58-9916-5a70cabba72d,,,
0,月夜摸鱼,bilibili,430959179,1596,4b379fdc-adf4-5d34-8596-0ec7abe7df87,,,
0,阿洛伊,bilibili,3537118783605404,1596,12306fa1-2383-5a95-bb26-c17089b01aad,,,
0,蒂蒂媞薇,bilibili,408490081,1592,7ed00e81-2c3c-547c-94da-66fbe1456bb5,闪米社,a5a6750b-a591-516f-a261-f1a77f46d4db,
0,纵星,bilibili,3546389669743577,1589,92233267-424b-5446-9171-770990385e34,,,
0,蔓吞吞i,bilibili,3546678380464821,1589,312697a7-84a8-500a-bdef-65f30b4a6622,,,
0,困困奶酥,bilibili,3493263180826922,1588,3234b65d-eb38-5c22-b03a-f7dfb0539b1d,,,
0,佐藤ココ,bilibili,398764283,1585,f52cb3b3-9306-5a57-96ff-08e0f8fb77f8,,,
0,夜凪冷波,bilibili,3546911097228124,1584,512c8ef5-2a44-5441-97e6-b44c0e4e285d,果子本铺（北立交桥）,adb0ac1e-8f0a-5711-96bf-b7bc5676eda4,
0,猫音桃桃,bilibili,375250638,1584,e6545001-4f14-5c3a-9e34-74fc71739222,,,
0,艾露ミアナChannel,bilibili,11349313,1584,af33a662-e304-5ee4-a311-836de6bf3252,,,
0,初Zero,bilibili,3493111344924783,1583,c2d9c987-f84d-5a6c-a43e-729c4036674c,,,
0,柚子不幼,bilibili,38306163,1583,95f02135-d1e0-5235-89cd-7c71666ce48e,,,
0,南宫凛子,bilibili,6768778,1582,b9c8e9b2-7338-543a-965a-311a9fb334a0,,,
0,洛柒柒usagi,bilibili,152081108,1581,0a23aeae-fcf3-517f-a163-bc9720f827fa,,,
0,由衣Yui,bilibili,3494379350133201,1581,7207f40d-e231-551e-8f20-9e3a1354f694,,,
0,仙仙伊萌,bilibili,3493290850650290,1580,03f59c39-9fe5-5232-aca6-b96b5919fd12,,,
0,薏米E-mi,bilibili,16356882,1580,5299f92e-ca97-5d3d-8e17-c2d8cfc634b5,,,
0,柚花花_Official,bilibili,402326,1578,18dd4c57-6c53-58c9-975d-3263d46bc6cb,,,
0,奈卡Fortuna,bilibili,3546919863323538,1577,b537fda6-af07-537a-8e24-39821cb7f04a,,,
0,西尔维亚Sylvia,bilibili,3493286402591216,1577,b28f794b-86d7-572d-bc78-823f6647d265,,,
0,桜吹雪,bilibili,18825887,1574,dc487907-1371-50f7-966f-7c169fad513c,,,
0,夜夜_Yaya,bilibili,8078242,1573,08debe39-b723-50f1-805b-5a1ec09b345a,,,
0,南流景_Meowsica,bilibili,1869949659,1572,8c1a8fa3-7789-5dca-b528-c447dcfdab52,,,
0,甜,bilibili,25811491,1570,c45b5a2e-58d8-5c04-9ca1-4ecea55d89b4,,,
0,希尼娅_Kagami,bilibili,3493291876158384,1569,8d7d74d7-b369-53ef-bf42-34d9aba8aacd,,,
0,乌米kirumi,bilibili,3546757724113807,1568,d8c8a246-2f31-5819-a3b6-f0bdc88e10e8,,,
0,天竹Amatake,bilibili,1076721142,1567,11887e99-e413-5d34-8ade-6dc1532f62ee,,,
0,懵圈果果,bilibili,3546576523889217,1567,3496482a-ef77-5283-b107-407a5cac736f,,,
0,白宫みみ,bilibili,12247475,1566,89e2f67d-f4ce-5a1f-88b7-bbf26d9a2291,774 inc,15e9ec4b-006f-5bcb-bdd0-8dc56854d6f4,
0,Fey,bilibili,49724206,1565,ef495aa2-dd2f-57d0-9112-ff1f39354c51,,,email:umigiri_in_sea@163.com
0,柳土獐是李翠花,bilibili,6614584,1565,05d70dcb-d316-5698-a9a8-17ea3ebce7ca,,,
0,keke不熬夜,bilibili,1171133505,1564,7dadee6f-0e70-5914-87cd-234c0f7e6749,,,
0,漠蒲channel,bilibili,2325511,1564,70035755-0167-52e2-8747-8cdde1d13bbd,,,
0,白鸟Shirotori,bilibili,1744076,1564,b706370b-2dfe-5b17-b774-e1690c030573,,,
0,奶皮Miyo,bilibili,349722764,1563,018c868e-8caa-5a28-be27-dd1d2367645f,,,
0,樱叶卡农,bilibili,2022031253,1563,f462fa10-0ff4-59d7-8911-74093891418e,,,
0,SALLAofficial,bilibili,431649871,1560,d08ecf05-5052-59a9-b4fb-5c1e6a04445c,,,
0,蝶柒_Nana,bilibili,76952913,1560,749eb156-0554-5924-a48f-602a67cd287a,,,
0,千夜栖sumika,bilibili,1458765184,1559,3bb5b81c-4541-53d8-91d9-8cd3182d9de6,,,
0,小兔挞ovo,bilibili,3546855738706656,1558,2fa5e292-a88a-5f45-acf2-041a1dc63971,,,
0,麻吉喵MaJiNya,bilibili,1929287,1558,6a752d9a-dfec-5400-8e1b-63d346519807,,,
0,盐気水Eira_,bilibili,3546382080150153,1557,3ed26e24-ab2e-547e-9ee8-abed9598359b,,,
0,木野伊织,bilibili,1817213,1556,65e96afa-4c3b-5e94-871b-64c92dfced49,,,
0,软宝宝在此,bilibili,3546882464811195,1556,32e2d6fe-75ca-5ae9-a3c5-13a402ad1e2a,,,
0,轻鸢白羽,bilibili,3921433,1552,d269cd3d-dff7-565d-80ca-a7d05dabfac3,,,
0,_南希sama,bilibili,3546564670786376,1549,533a8d16-289c-5c26-83fb-6b004c597e69,,,
0,星星布丁,bilibili,7495405,1549,b0ec3d0a-1b62-52fe-8e91-1aed059da332,,,
0,念念不念umi,bilibili,3546905411848671,1548,a93762a9-8ab0-5221-a3cd-90032170949b,,,
0,夢野紗鳥,bilibili,2013101,1547,25282bb0-6bb4-5003-b958-6d7f11cde82b,,,
0,shadow_sakuya,bilibili,10196457,1544,3508129f-3868-560b-9b72-3e3cd1f3c84b,,,
0,-Yutti-,bilibili,46955540,1542,2a82e90f-aa93-5b74-b28b-e05660eabab5,,,
0,Ume星星星,bilibili,1266499587,1542,a62f2462-a8cc-5e0a-a723-77a4d3f6a098,,,
0,菲诺尔noel,bilibili,571454,1542,3e6a3532-f9e1-5a01-b412-386748aec4fa,MiosLive,bf741674-6d02-574e-b862-a404fdb6d6dc,
0,赤狐Vulpes,bilibili,15072949,1542,0ec7d311-d90a-53d1-b94e-fa6cc24cde98,,,
0,闪鳞Shining,bilibili,3493286975113348,1542,0ffea7e2-02ad-5521-b959-82f97411a83c,,,
0,双叶汐音,bilibili,399592717,1541,91e4ddfb-b221-5fe8-85a8-4123ff855e8d,,,youtube:UCuqcPmdBvwHEWGx00XYCFWg|twitter:futabashione|marshmallow:futabashione|booth:futabashione
0,米兜兜OoO,bilibili,2040490356,1541,29e366cd-e0f5-5099-bbd6-4e90ccb91bd6,,,
0,拉伦娜Lalune,bilibili,3546600542571231,1540,a1b34942-fd55-5db9-aba8-ce56454951fa,,,
0,月衍之,bilibili,3494365959817427,1538,c144b612-fd7d-5a88-82b5-228eee97b356,,,
0,游菲Fairy,bilibili,1977915232,1535,c1e1e2f9-3271-55ca-a180-41c5e383ea21,,,
0,玉斑snake,bilibili,14731787,1533,9ea519a0-144b-5fdb-aa5d-60af7b4afdbb,,,
0,樱前光,bilibili,1418993982,1532,6fd39c95-f7d1-543f-8b0e-f4b2798f4d67,,,
0,邀墨やも_channel,bilibili,261648990,1531,3bfc3e38-777a-59dd-8e66-77e7b15c4950,,,
0,千圣,bilibili,3493259596794617,1529,6204ddb7-9469-5c8e-a45a-dee8497c8cc6,,,
0,泽因Zein,bilibili,1410501943,1529,d99978e5-6bdd-5cdd-a9b6-6618fc188989,,,
0,花霁Kaji,bilibili,354660827,1529,055beafa-bcf6-5945-8bac-eb2c59186195,,,
0,小野卯月_Utsuki,bilibili,52450149,1527,6494903a-dea3-505a-b940-c329cb2e8ec0,,,
0,香柚綠茶kiwi,bilibili,1804442150,1525,ee59fff8-962c-5317-885b-55294ca9aeb0,,,
0,吃个柚柚,bilibili,66931032,1524,d5219f3a-f1f4-56be-9bd9-81c763e588fa,,,
0,真鵺KEYU,bilibili,589181,1523,81ae5b8f-1735-58eb-8c05-2d318675b0c6,,,
0,九霄麒麟Kylin,bilibili,3546714516490635,1522,2d65b535-6f58-5c51-9c77-50eeffc57ee1,,,
0,喜欢死灵法师的僵尸,bilibili,18171406,1521,98b3f44f-d8c9-51da-b148-212b8b74b5f0,,,
0,白旲_Baeyin,bilibili,498562614,1521,bb365cbc-04e0-568a-a396-ea933afe44a4,,,
0,顾红狸_Akiniko,bilibili,3493284947167803,1520,c05b2c6b-d365-5d47-b55e-2b021385e604,,,
0,奈诺卡,bilibili,57524176,1519,7a0a65b1-b154-51bd-91b0-fae9d1c09889,,,
0,我玉玉了ぃ,bilibili,176860439,1519,65f415cf-c32e-5cea-a061-180d493e44d0,,,
0,逆叔Neo,bilibili,1350623,1519,1b7c765b-0680-5dc2-a3a2-3f5e2a72b0d5,,,
0,贝璐_Minami,bilibili,3546795128916027,1517,ca894ae4-427c-5a5b-b12e-d41c9d388b76,,,
0,伽利利kari,bilibili,677507804,1516,aabbc233-81f3-53e7-8e96-a9c00d11c255,,,
0,大奈豆子Niki,bilibili,3493139461442040,1515,fca10d09-ff4f-580f-b0a4-d9aeb22a5742,,,
0,时茗白羽_official,bilibili,12768031,1515,7c116061-9794-5c77-ac33-3a8b2baa2175,,,
0,香织Kaori,bilibili,545143565,1515,b16f3f45-8525-52ff-bf6a-cf2eeabfec82,,,
0,五爪Tsume,bilibili,5034263,1513,73504637-3319-5dd2-a45b-1bcf5f5d79d9,ChaosLiveSprout,e67fb222-1c4e-5f19-84da-9e8beba2c365,
0,南瓜Kio,bilibili,23814111,1513,56cf1c9e-0656-5fee-af23-37a165b68561,,,
0,哒哒魂Da0a,bilibili,10952273,1513,d37942c9-d95e-5230-8754-8d6d61884dc6,,,
0,凉叶Akiha,bilibili,40300271,1512,786ad221-a5b2-577c-a418-94872a0ae4ec,,,
0,只只_呆,bilibili,3546585608751224,1512,c92ccec5-7a86-5a62-8a11-ff36a1778c0e,,,
0,星琮__Starley,bilibili,1445396436,1511,efc76311-1f6c-579c-bf79-a24c40936002,,,
0,深井兔,bilibili,527901510,1511,3453d4a8-9ecd-5a47-a2a6-0a0b61f80ac3,,,
0,鸽莫拉_MooRua,bilibili,12442860,1510,8b741ac3-532b-5d1f-a853-cff197d7bf89,,,
0,曲师师,bilibili,434765561,1509,76d26853-2c56-56ac-8355-656cb4e43ebd,,,
0,花溪月Shiyo,bilibili,3493137133603310,1509,50f254ff-311a-5378-ac9f-49aaf265294a,,,
0,娅羽Channel,bilibili,2866258,1508,4b1b7de4-c5b5-562c-acf6-8b35232b51c8,kenlos,c3de0c58-3df0-5a4f-8224-7297a64c95ce,
0,Dsire-顾翊,bilibili,3546935413704931,1507,ea611244-8dc6-5faa-ac69-6f7e7b517cb5,Dsire_Official,a4053e22-87a2-576f-aaca-910fe6246264,
0,嵊_Yamajo,bilibili,3493079665346929,1507,6f5b9168-086d-5107-b7b4-5084bc3f4c4b,,,
0,白玉糖Miya,bilibili,166866492,1505,402e34c4-4095-55af-986b-eac084660487,,,
0,鸢薰Chuxia,bilibili,287139378,1504,faf86e50-8ba3-55a4-8c1e-b252f74b0731,ProjectViberglow,fdb3ee6d-3a2e-5bfb-b724-aeb9b223de69,
0,鹿十七kami,bilibili,3493299268618475,1503,64716258-3ad6-5b11-949f-312a014cb34a,,,
0,宇佐美沐月Official,bilibili,646278631,1501,1816db9e-fe5f-5320-966b-55bfc616f27b,P.K.S,9fbdaca0-7e23-551b-83ce-22c60b226c51,
0,知许冬月,bilibili,384914998,1501,7a44315d-4ba0-5ba9-875f-77e9202ad601,,,
0,Odetta猫咖,bilibili,571556,1497,7d17b17f-2a23-5923-8593-d02c2728164e,,,
0,念念yuli,bilibili,3546942827137374,1497,b287bf80-7b87-5f51-8a80-f92b67e68e69,,,
0,樱墨羽,bilibili,9881774,1496,cb999ce6-ee57-5a59-ad81-0e8ddf044f61,,,
0,鹤鸣Crene,bilibili,3461576453524173,1496,a5bcccb7-97e0-5290-9b76-882ab5e91ac6,Wildfire野火企划,df9965c7-4901-5180-9ec6-e1ef5fccb550,
0,奶片_Nayo,bilibili,3537123328133660,1494,14a4eb91-4e04-5a23-b3c9-5983827dfa89,,,
0,猫宫ノル,bilibili,396728248,1494,560c6633-b634-50c5-88b7-ab5a0a43f18d,,,twitter:noru_nekomiya|pixiv:37490796|marshmallow:noru_nekomiya|amazon.co.jp:UQ2FUCOO95TB|booth:noruneko|youtube:UCryGmcxRu8mLMHKeGNrhspA
0,白金Channel,bilibili,8228339,1494,59e4fd7d-472b-5c82-915c-94223e841a55,极光社,9548b50d-dbb9-5b8e-9a4f-a86239ac14ca,
0,芒果猫Official,bilibili,433749835,1493,c9f6e1a7-ea2d-54a3-be9c-abc96a9ccb80,,,
0,兴趣使然的BQ,bilibili,13956131,1492,3b800eef-c3d9-5662-818c-7e4030a43650,,,
0,Puppy超甜的,bilibili,14783024,1491,6da5c6d7-938b-5c8a-9524-bd4e9b111066,,,
0,蜂胶幸子,bilibili,25410580,1487,b5a84fff-91ee-5397-a438-f2d620bbec11,,,
0,妖澜澜,bilibili,25593671,1480,1e025353-34e0-547c-97a6-def0535cacc8,,,
0,清晏x白澈,bilibili,3546958432045179,1480,50d913d6-4861-5784-951a-05ba9e985409,,,
0,迷_MEI,bilibili,3493118450075754,1480,7b695a88-ef21-50db-bf61-940f1b91bf23,,,
0,白小糖包,bilibili,1851241717,1479,da7f1f40-6306-5df1-9537-016ec5b0ca98,,,
0,黑雪空,bilibili,5701677,1479,aba4f600-e71e-5687-bbef-053f80212755,,,
0,可可羊coco,bilibili,34275382,1478,3278221a-e693-5bfe-b3f0-ad65018d8d26,,,
0,小漫official,bilibili,403680417,1477,ea9f89d8-51f3-5dd5-a10f-be66209cc199,,,
0,綺凛KeyRi_n,bilibili,1519010863,1477,c18aefcd-aef5-51ca-b725-a12ad54914d4,星野旅社,464d8696-2f1b-55f2-8091-d4b53ae1df4c,
0,莱特,bilibili,214375609,1475,58ef8df1-659c-5f43-a5d6-883a9d6ef153,,,
0,柴兔果冻Maeve,bilibili,5691531,1473,651593f0-49fb-52d7-a045-ae100f53b492,,,
0,璃玥Sunflower,bilibili,14378342,1473,d2433fab-ff13-5207-aa1f-d533c55203c3,,,
0,伊月tsuki,bilibili,19469403,1472,dd639f0c-8f06-5f5d-84c1-ed21393e8977,,,
0,星哲哲Astra,bilibili,11674098,1472,363d19a3-6b05-53dd-aa8b-b886569acbef,,,
0,柳夜丿风铃Official,bilibili,33775994,1471,44290341-e938-52be-828c-359116bbeaf7,,,
0,可莉丝汀Christine,bilibili,3537115977615474,1470,7655d742-62e0-5237-a008-e51c8c99bd4a,银河跃迁PHG(本社),81bdaeaa-2221-5ef7-a52f-aac975443377,
0,AAA怪盗哈露Q,bilibili,3493129197980464,1468,058efd58-8072-5fea-9c94-7b08f4754eed,,,
0,伊比尔Ibir,bilibili,1719406509,1468,b4cfab90-03a4-5be4-912e-6eb3070183eb,,,
0,有枝酱,bilibili,3494371905244034,1465,3e726e90-01b4-51e4-ba36-9ecebd80a599,,,
0,金鱼姬Kingyo,bilibili,31342415,1465,ce3da710-4c0c-5839-82d6-6c6de7cb27cf,,,
0,白夜红枫,bilibili,31346972,1464,0dafbece-fb3f-5d85-b400-1b17f3edb98a,,,
0,阿黄黄huhu,bilibili,3546382644283549,1464,9266d821-1124-5530-ba00-1c50eb5518c4,纸片人计划,cb8f50eb-2127-5a65-acef-df8ebe3743a4,
0,天才小尾仙,bilibili,8212351,1463,9d246c18-d9e8-5a55-b8fd-3a72e797a040,,,
0,商羽Rela,bilibili,1140058553,1462,0b63b9ff-769c-5ee8-8fb5-9618f3c398ab,,,
0,莉莉姆Lilim,bilibili,364245,1462,e6ab1a9f-ea10-5cf6-8797-494651ee2a64,,,
0,猫の神様,bilibili,382201416,1461,9e3bcf1b-2eb1-5961-830e-3b84a5ae677b,,,
0,太皮鹿,bilibili,238742575,1460,36f446e4-5323-578f-a52d-3702ce0a26a3,,,
0,莓可可KOKO,bilibili,3706974178904281,1460,f13d615b-1706-50b4-b697-c8dffa8b922a,星界社（北立交桥）,c1524001-2576-5e1f-b7cd-fa7fb7c4bab5,
0,伊尔希斯_Iser,bilibili,3493091925297287,1459,72af0ab7-f732-5f88-8dc5-45029d0b2dd2,,,
0,艾什,bilibili,612271,1459,e0bc55d5-295d-5027-84e7-b714a8145245,AVP古流社,a7372824-0ebf-5683-b7a3-550ab1c13f80,
0,海帕hyper,bilibili,4210335,1457,a33af058-648e-55d7-9cd2-de1944799cb0,,,
0,哈提Hati,bilibili,3461569786678059,1456,fcf3011e-18ea-572b-a662-912f7f5a4bbf,,,
0,沈郈,bilibili,3546720132663632,1454,5ff4618c-2da8-5dc7-b65d-ce80247eaf73,,,
0,白白绝对白,bilibili,3493296800270545,1454,5122959e-408e-521e-9ea7-d40daebac88f,,,
0,游雪姬アルファ_Official,bilibili,5515089,1453,9dd5258e-f953-5a65-b513-94e5f4bb0de7,,,
0,织一Zey,bilibili,1362120256,1453,f6efa62f-b385-5cc4-92f4-d680881adb82,,,
0,虞情-official-,bilibili,494024888,1449,8d0df0b5-1e2e-5bd6-807a-1f6913484ff6,,,
0,皋SATSUKI,bilibili,3493088309807686,1448,5cf2f5b9-4f9b-5de8-9b72-bf8488cae946,,,
0,诗星羽Channel,bilibili,145998448,1447,1ca799c6-ebaf-5340-83b1-f061c9fd7902,,,
0,心理电糖,bilibili,267690949,1446,58234622-1225-5642-b384-747c4c4f16b4,,,
0,兔乃むにゅ,bilibili,426830342,1445,b30beb18-2e28-5b6d-856f-27aa66726e00,,,youtube:UCh1vCrQu5v1THp-PuP03r0A|twitter:mununyu
0,柚木千海Channel,bilibili,297521482,1445,af153044-c704-558d-af2a-63d0408e2e8f,,,
0,花魂Chivalry,bilibili,3494361968937744,1445,c8937d05-5a5e-5e33-8931-20ea6577138a,,,
0,小春弥亚,bilibili,675971778,1443,fc7b5abf-3940-5c45-baba-5a277630433b,,,
0,樱庭夜sakurabaya,bilibili,10457378,1443,80e29ad3-56f5-553b-9b1b-8e01b05c014b,,,
0,白小雪_Official,bilibili,6856415,1443,ccca5379-fbba-5d86-a768-74325744486d,月光社,a38c8dc9-5896-5684-b965-e39f9c7e03c7,
0,汀夏yummy,bilibili,3546382868678789,1441,18ad2a94-6e66-5e89-ba6b-46784e8ef60f,,,
0,白都唯,bilibili,5487439,1441,5767469c-62d5-50a6-9f4b-695e205686fe,,,
0,松塔塔_channel,bilibili,1087714512,1438,59e14c84-064e-5ef7-9479-d68ea4b270cb,虚研社,d7af6703-ed00-53bf-aa46-0d5cf679925b,
0,生姜,bilibili,503783894,1438,dff5be45-7a6d-5757-ab84-03edc970c486,,,
0,海豹酒姬,bilibili,1316846,1437,84ef34dc-4fb1-52e1-9e81-6a417f4a464e,,,
0,十六夜Yuki_,bilibili,3493289252620662,1436,c0eb9cb5-8125-5adf-91b0-26e145a45992,,,
0,舞鹤福冈独自游计划R,bilibili,143019942,1436,77725a73-4602-524b-ab08-9660c9cf0e5e,,,
0,荒诞大天使,bilibili,10159428,1436,0a4b43f0-bd52-5e57-9b63-35eea62f1fc8,,,
0,虞湘rousi,bilibili,129154683,1436,0be19890-f1ca-57a5-a8f1-ffd79e009580,,,
0,曦娜,bilibili,1702608639,1434,dc5d7a22-f3bd-595b-86d0-edf2d1e12dc3,,,
0,海砂_Misa,bilibili,4261167,1434,4cb506d9-1a48-5708-ab0c-a2c6dd30fe35,,,
0,Ryuryuu_,bilibili,737107,1433,e7d8fe81-3aca-5b1f-a3c2-40c17f07eeb3,,,
0,ElskaAsh,bilibili,17977334,1431,cf0d2f93-48d8-52dc-9ee8-4f8d1dbdd38a,,,
0,墨凑字数,bilibili,14550871,1431,7785d2f8-504b-55ed-a956-8192d867b2f6,,,
0,小布丁,bilibili,3546633484634208,1429,684d49ff-8961-5fa1-aeaa-4d0da6303f49,,,
0,兔知知qiqi,bilibili,3493121176373725,1428,510504ed-085a-5e71-ae2e-2ebb3df7e739,,,
0,秋分迟,bilibili,8112072,1426,ffabcfde-8798-529b-994a-89eb9e8339bc,,,
0,柯蕾纱,bilibili,1919353617,1425,f3b089f6-164d-515c-919e-4208a3879b6a,,,
0,泽荇ovo,bilibili,3493272966138160,1425,bd1de087-4b2a-53ed-a658-bf6c6f96ec09,,,
0,希欧,bilibili,1716998616,1423,c22e82ea-5c12-55fd-8798-45a598a6c75a,,,
0,卡罘CorVu,bilibili,3537117655337282,1422,7af5698f-5817-5978-a657-0a816e31696d,猫邮社,fb7977c3-8198-5021-a136-3c8de14290f7,
0,小凌酱要很努力,bilibili,1299484808,1421,cc87925e-a8fb-50b8-8d31-5283b764d042,,,
0,熹咕哇,bilibili,3016287,1421,d70d5b0d-845b-53e8-8888-aab330cc563b,,,
0,由比未崋子_Channel,bilibili,519866775,1421,239f132d-8759-5f12-8e6e-20dc5049ab88,V_G研究所,30f0a6c7-e49d-56b9-8dd9-60bf6539212b,
0,月路Yuel,bilibili,3669403,1420,e3d7b004-6aa6-524a-9b2e-0310719b69ef,,,
0,砂糖元_Channel,bilibili,58789280,1420,7bdaf37e-8f08-5573-9f3b-b68ced8a9dd9,极光社,9548b50d-dbb9-5b8e-9a4f-a86239ac14ca,
0,赫尔希斯Hercules,bilibili,454202919,1420,737f9548-98ef-5db2-827a-25546d5e50af,,,
0,依织兔姬_Rabbit,bilibili,3493276600503148,1418,39d31137-f00a-5a2b-8be0-730740fea1bf,,,
0,八泪YAnaMI,bilibili,646566938,1418,95dd715a-12fa-52ce-800a-8a952d6f4d81,,,
0,秋兎满月,bilibili,1533049018,1418,708af511-b875-5b26-bf2b-382ef2859918,,,
0,VOMS Project,bilibili,324969506,1417,628d6823-4442-5fac-ad3b-8dc6d68254fa,,,
0,川云の樱,bilibili,3546560294029394,1417,2beb34e2-49c8-50b1-a46c-b819937a9a3a,,,
0,易凝雪_OCproject,bilibili,10242426,1417,4017846e-1131-5472-abc6-daeb05d7d1b6,,,
0,爱丽丝莉奈Official,bilibili,1741307981,1417,0b77f6c2-af04-5b49-bd7e-b46019188abd,Vidol工作室,7bf7dc58-48f6-55cd-8bdb-cf5fa31d8a77,
0,神奇菜堡,bilibili,1533680260,1417,66784a54-08d9-5575-91b3-6d580e93ff87,,,
0,白雨ゆうや,bilibili,3493278408247937,1409,86937c49-5c0a-5997-9e15-d3c9c2867fd8,,,
0,烛玖Pnine,bilibili,3494377886321557,1408,4ab33a20-b3a8-53bc-8a76-52de0aaf2da0,,,
0,啵比Bobby,bilibili,3546673575889391,1406,2b8177d6-5d8b-5390-9475-42b39501c99d,,,
0,瓦莉娅,bilibili,3537119018485864,1404,2bd7b087-5b40-5413-85c8-880f8430d0fb,问尘仙会,5f2eac9f-dc17-577f-a22a-19003e81fcdf,
0,T--suki,bilibili,7004422,1403,0260e22c-adc1-535c-9f5b-f2ed77df3f51,,,
0,雩好大的雩,bilibili,16489976,1403,ec2493d8-d3ce-5e81-8869-1d2af4bdd0eb,,,
0,榛果Noki,bilibili,3546978067680189,1402,37e8c484-0834-5906-9e31-f097fdbda3af,,,
0,艾兮,bilibili,3546614301985688,1402,98f89cff-39ae-5903-802a-ccc37d464e1b,,,
0,汐宫怜Rei,bilibili,503204622,1401,0e9258b6-7224-5b4d-8470-0bc7214bae30,,,
0,马太Mastest,bilibili,1010093017,1401,28a246d4-4432-53da-969b-e51787ea84d9,,,
0,凛绪四乃,bilibili,29462834,1400,149925b6-a586-5cf3-b969-fd9596d2dec9,,,
0,瑞肯,bilibili,178357118,1400,bce58251-f229-5816-a651-b86d4ba2dab9,,,
0,勀宝_Chocolate,bilibili,5444269,1398,e8e27c90-1381-569a-9cb6-26a3e9abe21b,,,
0,紅杯ひぐれ,bilibili,400718941,1398,72759a29-1164-5b45-8ab9-7693dcffbdbd,,,
0,SilverNova,bilibili,342872383,1397,eaba8523-8e98-5fad-952f-1ca9fb381ee1,,,
0,波娜娜豹豹子,bilibili,1059724449,1397,8141ee1e-9d81-584a-9c1d-cc8246b65679,,,
0,原来是知鹤吖,bilibili,3494367618664522,1395,614aac50-d5ed-5dfb-b2ec-6935f5bd8e6a,,,
0,日奈晴Nana,bilibili,3493257568848763,1395,6acedfdd-df90-5102-b224-861256ccfc16,,,
0,逢魔琪拉拉搬运,bilibili,471934420,1395,37a214f9-8e8f-5a7a-a586-4001050e52a8,NoriPro,5ca43bb4-d060-578e-a040-2d924bab8fb1,
0,aika爱爱花,bilibili,335877235,1394,2126052b-6a89-541d-b7be-839e02a1ea6e,,,
0,上官小荷,bilibili,494408954,1394,afea0f03-30d8-5572-8576-ef07cef00823,,,
0,Nolie乃莉,bilibili,3546636984781262,1392,996824d9-fa40-5162-9479-b9733dfe69fa,NOA Talent,20a14bd8-50b1-5613-96c9-191eef51b689,twitter:NolieNoa|youtubeat:NolieNOA
0,小软Maji-channel,bilibili,12388293,1392,9fb7956b-0364-5d82-a630-3563744ea28b,,,
0,斯年Giallo,bilibili,3493140726024231,1392,33737839-231f-5be6-bd14-9f7c5196ee9e,,,
0,钰竹卿,bilibili,3546978958969141,1390,9cfb2222-754a-5148-bc3c-a22793726c7c,,,
0,suki星尘,bilibili,454779257,1389,5688772b-2a13-5fc9-aa47-d5ddbfcaa7c2,,,
0,曜泉Prinnr,bilibili,3493124049472166,1389,3fb24cb7-40fc-5f85-9cff-8e48017d499c,,,
0,柒饱饱,bilibili,1341260511,1388,b50b082a-5465-5a70-8549-71dc5d947e65,,,
0,汐幻狐狐,bilibili,524335565,1386,929860b7-e7e3-53ab-8f02-5e2fd1edec85,,,
0,丶颜卿丶,bilibili,3546578805590325,1385,b255effe-53ab-5a64-a14e-12832e080cd3,,,
0,永瀬叶枝Kanae,bilibili,1675771267,1385,68003c96-5384-5ac8-9504-c0a3eef43040,,,
0,o软呜呜o,bilibili,3493286935267861,1384,87e95135-e1e1-5b1d-b07a-14ff81ca516b,,,
0,序缪言_MiuYa,bilibili,1295016665,1384,c20a20da-3c85-5130-9c31-2a150cbb1e15,,,
0,亚斯塔Astra,bilibili,1327189298,1383,a910c3d0-d794-56fe-be31-76235858fc0f,,,
0,小醨Liz,bilibili,13341120,1383,0ef467dd-a927-5a50-b43b-349acb0733a3,,,
0,河洲,bilibili,3734150,1383,f1cd725a-3a2f-5979-86de-1f0a2186fac6,,,
0,观月琉璃Ruri,bilibili,3493266018274242,1383,2894bb39-1702-5a42-8c1d-52aa6108ab0c,,,
0,奈良Nara,bilibili,3537104808184479,1382,eb876c7c-0d22-5579-97cc-7d1ca88dfb6d,,,
0,姬野瑠瑠歌,bilibili,3546600276232382,1382,211a4cb1-ef00-567d-ae8d-b636bae430f5,,,
0,西尔诺特SileNoTE,bilibili,3461570713619187,1382,0b66f4e5-803b-52cb-8863-370a7af551c9,,,
0,小骨大魔王,bilibili,1034537291,1379,cfaab611-89ef-531e-971e-509c6a0330ba,,,
0,二小姐_Ash,bilibili,4865406,1378,2a4f93f1-c8b6-5f01-9e6e-8e43796b741f,,,
0,奈奈鱼呀,bilibili,1996845568,1377,207ddf47-6ab7-55dd-96d7-638ae3e93ed1,,,
0,泡芙受气包,bilibili,3493136596732776,1377,0fe7fac9-ce68-515f-810b-99b5233d4c47,,,
0,一枝淼淼,bilibili,3493273840650770,1376,d9688931-4cdc-55c3-8ceb-7d56effd9ec9,,,
0,Candlelight烛光,bilibili,499499627,1375,c62f1176-e5d1-5ba1-bbcb-fa2a92a9fc2b,,,
0,卉Sir,bilibili,341048805,1373,88779327-273a-5081-8f60-6a20146bfa95,,,
0,梦惜V酱,bilibili,3493120616433766,1373,cba603e9-8088-57ae-9f35-087cbf00cbc6,,,
0,酥汐wink,bilibili,1997956896,1373,f0a56fc7-3edb-57e3-8422-7d39ae932101,,,
0,安黛莉-米拉Official,bilibili,3951862,1371,dfbfe7de-00b7-58a4-a3c7-1e830292b6f2,kanae,73102f48-57f2-5d59-94ef-7aac41e97f65,
0,星佑Shiuyoo,bilibili,612658912,1371,61bd2311-4163-5713-ba45-98878e9132cc,chaoslive,7d14580b-8154-5fdb-9777-b1032d302bfe,
0,一只樱爱吖,bilibili,515654926,1370,506f9f3b-833b-5cf8-8e5a-6d70af939ad5,,,
0,千枝芽May,bilibili,1988418789,1370,11cc8df0-c7ab-5930-aabd-f99c224e3240,,,
0,轻又,bilibili,826101,1369,f904d565-5126-5d2a-8ae5-6786da193937,,,pixiv:3449894|twitter:neovialotus|afdian:neovia|youtube:UCELb-uMjz0Bbtlg5qHooGDA
0,音仙吕,bilibili,387113126,1368,8c8db6f7-aee2-5ba9-9550-ec87df5c9ef2,winks,73f553fe-bc06-5b12-be20-44b1190b6237,
0,是云衢狸呐,bilibili,2008817755,1367,d0da2b57-e296-5329-9e3d-e9b02460f822,,,
0,柚希Yutsuki,bilibili,620049604,1365,a7c7e9f1-7290-555e-a8b1-1ee8e614c1df,,,
0,米呦Miyu,bilibili,283509107,1364,6a7f9e39-1f44-54b0-b92d-de2d2327cdb5,,,
0,魔帝_Channel,bilibili,477948447,1364,3b3baa99-04d4-5729-a258-730770611db8,夕映结社,820597b7-9f1d-5ad4-83db-66aa8aef89f2,
0,未怜Miren,bilibili,3706975498013671,1360,3e9bfc59-5c00-51b9-a32f-d03d3ac2f37e,星界社（北立交桥）,c1524001-2576-5e1f-b7cd-fa7fb7c4bab5,
0,狼谷零rei,bilibili,3493142491826361,1360,097a1de6-36bb-583e-9d83-6000734626cf,,,
0,绵谣Miya,bilibili,1680235615,1359,8c219260-402a-56c6-b841-2fea00708a9d,,,
0,沫熠Moyi,bilibili,132834024,1358,046f4f85-ded2-54f3-ad90-3dacff343345,,,
0,蓝里Lanri,bilibili,3494349744638635,1358,7b7215e8-27a1-566c-ac26-9e048ca24478,,,
0,未央uri,bilibili,3405402,1357,561ebfd6-4b9e-5dfe-9e19-87851cdef88b,,,
0,迟暮Momn,bilibili,513485432,1357,e9f1208c-add5-51e2-94a4-b8584453ba70,萌芽社,11361482-308d-5313-8597-96d3d8d7170a,
0,鹿芙芙Fufu,bilibili,3707030772648311,1357,97151d5b-bb02-5d22-8b6a-dad6ccb4184c,,,
0,芊芊,bilibili,3546579610897042,1355,fa8530e5-7182-5a81-a600-99833064db10,,,
0,乔乔真的不摸鱼,bilibili,3494368602228824,1354,9ed83fe3-4215-5fb4-9410-43775b47e941,,,
0,秀真_Hotsuma,bilibili,3585860,1354,d4bd77b0-2213-5c26-a4e4-183f96f190b4,,,
0,一只莜喵饼,bilibili,9604802,1352,9e1b6dce-50f1-575f-a6e6-3d10e4f193ae,,,
0,椰泥卷Toraaa,bilibili,625823085,1352,19e19b48-2472-5f74-b8b8-467087252d45,,,
0,Nana奈宝,bilibili,3493288868841856,1351,df68eb01-2b13-5a6b-a601-33515ed50f2e,,,
0,优羽,bilibili,3546698127247598,1351,af7dd244-fc18-54a6-a23b-718cf41805fd,,,
0,修哉_Mesulia,bilibili,3537120811551195,1351,fd6590cd-ba4a-5ef9-8bcc-d785c5fc4fd1,,,
0,狸小鬼wink,bilibili,3493113234458776,1350,b088c11b-1c3c-5a53-8612-a46d298e8125,,,
0,高桥由纪子Channel,bilibili,1979535505,1350,830717de-d022-5198-ad90-c15ec41de883,,,
0,木俚Muli,bilibili,627204409,1349,b7754a43-b79c-5ebf-b826-7b8e04eab83e,,,
0,水银女巫Mercury,bilibili,2096381,1347,6eaa677b-d1d4-5c46-8bd2-eb121060808c,,,
0,逻辑特克,bilibili,3537115415579591,1347,e9eb6181-89ca-5a49-a266-ffe352e652da,,,
0,酱香圆子,bilibili,3546921121613966,1347,58040d3a-42b8-5c9f-8091-194b587516d0,,,
0,墨以恒轩,bilibili,3298932,1346,e136bc13-df36-5fda-b186-5db68a565f95,,,
0,ORUSONA-Official,bilibili,1648885943,1345,87b4da4e-873a-5cc0-98b4-f1601c731443,,,
0,张敢敢,bilibili,697138005,1345,ace08d28-c857-5871-836f-1e7325c205c6,,,
0,云青墨宇,bilibili,3493137741777620,1344,2d11ac95-9ebb-53cf-8225-73d35f4f0c74,,,
0,千羽陵光,bilibili,3494374061115665,1344,7817ef0b-8703-50dc-844f-4b217731e743,,,
0,汤音mayume,bilibili,1833290718,1343,819afb0f-2d2b-53a4-98ce-cafdb3a1c630,,,
0,花川玫玫,bilibili,1153283989,1343,9e3cb661-3276-51e0-969d-7e8c5ae7008b,,,
0,北山大王-苏怡之,bilibili,448765600,1341,f777ad8c-8d49-5c53-b8e0-fd71476fc3b3,,,
0,小楠道,bilibili,35122106,1341,93163617-af76-57c3-bbf9-24463827878c,,,
0,方陆离,bilibili,3546777567365640,1341,3e5cc207-7ea3-5c14-8078-7b1db4eb48a2,甜瓜社MelonLive,863b38a4-e1fb-5d0a-8d0c-89c54abbad35,
0,白川佳奈,bilibili,66771733,1341,0004e0b0-cedf-5772-9960-2c5d02241554,,,
0,钟馗Official,bilibili,636493549,1339,7b52bcc4-4374-5b39-a6fc-f86b1450a4d2,三垣四象project,a32f4ed5-ce5c-545f-bc6b-03fa2b3e6a9c,
0,幼Phoenix,bilibili,14980676,1337,bf1d5eff-e5b0-583f-a015-a41b9df1f92d,,,
0,莎拉の好运,bilibili,19484763,1337,457742c4-9652-536e-902b-53f0f60eb04e,,,
0,墨卡,bilibili,1180223498,1332,16362d36-806b-512d-a088-4fc6fa856cdb,,,
0,樱野露,bilibili,512311068,1331,944b0598-4671-515e-adea-e4e7c323c9bc,,,
0,_小月芽儿tiko,bilibili,3546636867340410,1330,93702ad6-1431-5e56-8a25-ed1a699ab233,,,
0,布布Bobbie,bilibili,493808233,1330,2fd01838-a3d3-5f31-ab65-05f67c402732,,,
0,无感情的琴音小姐,bilibili,248901721,1330,6dbac7ca-d52d-5deb-8e77-8e3eac6d8f83,,,
0,一个苏梨子,bilibili,3493276592114514,1329,16985c26-a39e-5737-8baa-6cadddcea328,,,
0,桃汁汁ovo,bilibili,3494359278291593,1327,4413c2b3-3e02-50da-b4f3-58fb9d5ee610,,,
0,白崎妖梦,bilibili,3816747,1327,af4dbc8c-9231-5665-b551-8cff6d5cda67,,,
0,伞盾战士伊狸_channel,bilibili,487710,1325,587cc63d-1f67-5478-a0a1-f31c59771fb5,,,
0,蝶蝶樂Kotyou,bilibili,1223923165,1325,fa323036-bc2b-529a-9215-7ae710de3e82,,,
0,霧薰kIri_,bilibili,3494353477569316,1325,39377e3f-4234-5ac2-b31c-61895104a1e2,,,
0,吾乃夕昭大王是也_,bilibili,3493292299782900,1324,a70990d1-48e3-54f0-845e-a43a5d9b36af,,,
0,芙洛希娅Freesia,bilibili,3493265433168761,1324,26f855a5-687d-5bc7-968f-e1b8b0045eb8,,,
0,蝶音_Dian,bilibili,3546718008248902,1324,36dfb4fc-a1d0-5630-ab90-6a1c8124c07b,,,
0,云烁-Vision,bilibili,3493289955167162,1323,23546a2e-7f1e-571e-8fd0-bd9775e1ddb5,,,
0,幻海玲岚w,bilibili,318981218,1323,35ad612d-c126-595d-ac11-4f66ab77a960,,,
0,椎名双目Official,bilibili,1629544344,1323,30056c7c-2233-5e7d-af95-0b800c0ab416,,,
0,安喵Airy,bilibili,157298643,1322,6a1ed276-6930-5a52-9442-e3fa78fbe8e3,,,
0,渣渣雁,bilibili,3493296338897343,1322,ec3e20c1-7e75-5ed0-b9ec-fb0257af75b4,,,
0,一坨凌正義,bilibili,439433963,1321,027942cb-4a3d-50ea-8d7f-eb9c45e5d92d,,,
0,阿水Acque,bilibili,3494373503273676,1321,41b04e16-05f6-5483-9c9e-89cdd0f0c37b,,,
0,咩伊,bilibili,3546375323125901,1319,a6018a50-35d8-571c-b807-8dd4ffc38eb3,,,
0,琦尤Chiyu,bilibili,3546911512463455,1319,04ba5d1f-4059-54e2-9a2b-23b5eaea9aa6,,,
0,莉莉安娜Liliana,bilibili,3493136603024147,1318,7fac4e58-94aa-5a8e-9a0e-edb85b37e0cc,,,
0,米特,bilibili,12191392,1317,f8b5a388-ab26-5832-8c03-53a7a5bb3a02,VOISLIVE,94d69d93-5a13-5b53-950d-e037dc339d7c,
0,糖球儿pop,bilibili,630673782,1317,8cd9f05d-61a2-521d-9585-60b523800d45,,,
0,二岚Crystal,bilibili,4698622,1316,69352e26-3e65-518e-86d5-95d43459649c,,,
0,桃濑绮罗罗_Kirara,bilibili,1262608078,1314,419d0ed3-c21e-5193-84f4-c9c07989a041,,,
0,鸽羽Dove,bilibili,3546934509832905,1313,2d12acdf-7201-54b5-96d2-e881dcaef581,,,
0,弥莉安喵Miriya,bilibili,3546636944935414,1311,b290224d-e633-5d4c-a46f-02e6a623ea30,,,
0,爆辣鱼翅,bilibili,3493293465798741,1310,afab80cd-9926-5893-8550-9fd8024d0a30,,,
0,ADAI_戴,bilibili,5517713,1309,fd929353-55e5-5840-945e-a0992433d7ef,,,
0,奈笙小绿,bilibili,3494377783560461,1309,6dfac35a-1d54-50a7-ab95-1b4535f1b3ec,,,
0,一颗死扣死米兮兮,bilibili,3537113714788980,1308,16e605aa-3d59-53c5-928b-09638fff4c0e,,,
0,狐笙笙,bilibili,3546863999388488,1308,65faf208-621b-5d3d-92a2-af8a301d327f,,,
0,珀猆,bilibili,445581888,1308,3aef6602-7dc7-575d-9482-07e01d9d8463,,,
0,绫伊-w-,bilibili,2027158554,1306,68966948-1b0c-55bb-b992-b96883ac692e,,,
0,美与兔miyoko,bilibili,33785439,1306,ea363344-d887-58a1-9ae1-224cd705ddac,,,
0,异株湖Official,bilibili,26398020,1304,7e39e090-c7aa-50ee-a7b0-f5527e689715,,,
0,怀夕Peri,bilibili,3537121006586034,1304,2edb905c-8c29-5c8d-899a-00139b2f8025,,,
0,维那_Vena,bilibili,9319626,1303,c5280bc7-e9b4-556a-b849-ac6722373a3f,,,
0,有苏绛黎,bilibili,3494368088426527,1302,ae81e9fc-2ab2-530c-acff-db31aaeb6ac7,,,
0,艾露忻,bilibili,44595540,1301,7a3a06ea-99c9-5e49-b14e-02deea8b03f4,VOISLIVE,94d69d93-5a13-5b53-950d-e037dc339d7c,
0,优酱想要睡大觉,bilibili,3493134407305326,1298,872bdbe3-e7e8-58af-a0b9-1d6d9cc93c75,,,
0,普罗透斯,bilibili,171901758,1297,336867a8-24ce-5ec4-b81d-8d525d9569f6,,,
0,石川胜,bilibili,74917341,1297,3dff61ea-0bc4-5ab4-8ec7-28d0d0c732ad,,,
0,如月南minami,bilibili,3461568622758177,1296,122ceef4-c4f6-55ac-9d96-9ad30763a6ef,,,
0,御坂ホタル,bilibili,51173587,1296,4dfebbf3-2e8a-5dcd-aa8d-fd70107d0c12,,,
0,冰置八茅official,bilibili,1460363504,1294,f5e34332-980e-565c-8e3a-15edd2b7d071,星巡学园,6506d485-2cbc-552f-9337-6d4fc2d9b7fd,
0,小紬先生,bilibili,44237258,1294,1d73bc0f-bafc-5a6b-94f1-11d68524018f,,,
0,祝夏_Zaya,bilibili,3494357135001823,1293,f3bdd191-1429-545f-be52-d6f19c016ccf,,,
0,赛诺莉亚Cenoria,bilibili,2029383138,1293,aeef411e-600d-5fa4-951a-e5a00110487d,,,
0,Dsire-萧烬,bilibili,3546935411608174,1292,1ec644d4-db0d-5fba-9943-75d387833c79,Dsire_Official,a4053e22-87a2-576f-aaca-910fe6246264,
0,猫宫城弥羽,bilibili,3493267211553500,1292,9bc4b0fd-f4f0-5532-9644-f7bca9c7d362,,,
0,水无玲奈Reina,bilibili,3493293455313734,1291,4f6076bd-e6be-551d-b36a-e8406c5185b8,,,
0,98_SSword,bilibili,137980431,1290,986b4565-7d1a-5392-b18d-b381dd3926f4,,,
0,梨曳白,bilibili,3546721873300222,1287,66fa45bb-c8ff-50da-996e-a6718307dd42,,,
0,琅诗琪_ShiQi,bilibili,1465708752,1286,68ddaa52-75e5-5465-92ec-4c0cb598a95b,,,
0,花咲浓,bilibili,1824840199,1286,94982b3c-c905-5465-897b-8aab3f909d4c,,,
0,月霖,bilibili,456631019,1284,031df7db-03b6-58ef-b9f9-5e4e2ccd7516,V-dol事务所,0b7d637d-0ea2-5381-b0ea-81bcff5f13ad,
0,辞忧zephyr,bilibili,414872355,1283,7c63ac6d-75c5-5323-b665-8071bb14fca3,,,
0,倾慕橘崽,bilibili,349789869,1281,7d85a193-6bf9-5ac1-a8ff-dbcd47072b75,,,
0,娅绘Channel,bilibili,543797956,1280,808db745-b003-53b0-8277-92f40bb8a182,kenlos,c3de0c58-3df0-5a4f-8224-7297a64c95ce,
0,德西_des1,bilibili,3493140545669876,1280,ba5c5e39-deef-5c05-8abf-4827b04cb9e2,,,
0,Lumi又又又在唱,bilibili,3546662343543218,1278,0d9067e8-9fe4-5b0d-a271-3d987b77f4ed,,,
0,礼修Shu,bilibili,3493119010015594,1278,3f54f57c-7e30-5450-bd20-0ca8477edc35,,,
0,四六间琉衣,bilibili,1907738575,1277,e13d39d0-34a3-53c0-a25d-278fcc2e1095,,,
0,小十一_sy,bilibili,691492864,1277,e62adfb5-2978-5824-b263-2aece79db94a,,,
0,清茶白桃桃,bilibili,593862389,1277,b3a8746e-b456-5452-afa9-1001a7912bbe,,,
0,绵软软rara,bilibili,3493133446810321,1277,f8913b87-a13e-50a7-96ed-956cc3659302,追光社,72121bcf-cb42-50b2-93d3-9a83cae702f8,
0,星启_Venus,bilibili,52355700,1276,ccc819ec-d0e1-5495-a78a-068517fcdf02,,,
0,箱梓,bilibili,28842735,1276,acb2738e-3ec8-5e57-bd13-f25b9b6e09db,,,
0,文葉叶叶,bilibili,3494362071697780,1275,580ed5a8-30f6-5683-9065-f9110b3b2824,,,
0,阿塞尔Azl,bilibili,3493146342197496,1274,892287ac-464b-5b19-9315-0b02a857171f,,,
0,仓持京子official,bilibili,692283835,1272,446cd650-77d9-509e-a975-e87b0b09ac11,星巡学园,6506d485-2cbc-552f-9337-6d4fc2d9b7fd,
0,莜米娜yomna,bilibili,481966745,1272,6a71ade0-09ae-5adf-94d9-c3f0c19be266,,,
0,神沢无奏_Kanade,bilibili,3537107719031229,1269,38d39d65-dd55-5217-86ff-dba86d878b2e,,,
0,番茄咩_mieto,bilibili,572556723,1268,1ebef1d5-d9f9-548f-b75b-3ac2317c281c,,,
0,望月遥Haruka,bilibili,622623143,1266,87d78c94-9051-50aa-b68f-bd15fb3f871a,,,
0,来自外星的Vivi耶,bilibili,1611629135,1266,14f7de2a-1699-50d3-b07a-818b34d3b4fd,,,
0,時雨suiyi,bilibili,3494360534485297,1265,903e8410-c43d-510e-8f15-12b5cbdfff8f,,,
0,明紗,bilibili,5035137,1264,2cc7e79f-d4a8-5cc7-bb73-279493c60b1c,,,
0,星歿夢昇,bilibili,410789205,1263,72c75dee-4dc1-5748-bc18-e9fbedb51aa4,,,
0,小羊滚滚Psyche,bilibili,305557231,1262,b99494f2-accc-5f7e-947e-c6a61b5681f2,,,
0,月月芽i,bilibili,1653308625,1262,9908cf80-218f-510d-a955-e1eed4eb5dd9,,,
0,芽幼yayoo,bilibili,1081248498,1261,b163a55b-dae0-5140-b5a8-e0bcd1d8ab62,,,
0,何羽Heyuuko,bilibili,1509526938,1259,507f7532-80c0-5dd9-bb00-416719a924a2,,,
0,媹丝狸_Doma1n,bilibili,2229195,1259,207f5977-81d8-5d82-8c5a-a5f37c3740f4,,,
0,茶眠_official,bilibili,104345729,1259,2c8faa33-1d35-5968-9d83-9c8f0a02a26c,,,
0,Kurara,bilibili,1553415810,1258,78eaa887-2dee-515a-9388-a292045ed628,,,
0,满川红叶_momiji,bilibili,201254574,1257,bdc478ea-d5e4-5f59-86e3-166b9453c956,,,
0,阿莱希Alessi,bilibili,3493268845234892,1257,4c32f620-3e1b-57e3-b0f1-4700e1b279bb,,,
0,豹呼呼Cori,bilibili,1533396293,1256,9354a5d3-db09-5ed3-a094-ebf3b17a8dee,,,
0,雪琳Seline,bilibili,3546865123461952,1256,45df9cbc-1d0b-5197-a935-f89f5aba4b1c,,,
0,史官ニアHosinonya,bilibili,12233377,1254,bff401a3-7bce-5ccd-9aef-8fa16bd18984,,,
0,蛋牧Chat,bilibili,3537109910554935,1254,1e5a4771-8ef1-5bb3-b5e1-711cc0d43612,,,
0,奈子,bilibili,387091887,1252,639fc206-99da-54e6-af27-029f2536ef2a,winks,73f553fe-bc06-5b12-be20-44b1190b6237,
0,柯柯nio,bilibili,662145134,1252,4f529779-3957-5672-841e-58578f0d6770,,,
0,Akira,bilibili,4400255,1251,5095517d-5ba4-5d47-b291-92faf62d7b0c,,,
0,赖赖Layla,bilibili,3546791672809910,1251,ac2bc7d6-8d33-5aa6-b965-0163c93dec5a,,,
0,米勒だよ,bilibili,145190245,1250,24ba47b5-e3d7-5a1f-a01b-51f268eb0db6,,,
0,菲娅_薇卡娜莎,bilibili,1211386715,1250,f4ece35f-096c-5ce1-8691-bdfec461c23a,,,
0,白月_yue,bilibili,3493086657252074,1249,a51b3336-4245-5e67-a69d-e3537b32e219,,,
0,艾泽Azure,bilibili,336609938,1248,b14d88d3-2f86-5803-b753-a5b3f410bd4e,Hanabi_live,06620aad-1e28-5c4e-995d-cf7c03d43f15,
0,萧堇黎,bilibili,386847857,1248,ecdd30d2-4567-52c9-b12d-941c8dffd4af,,,
0,凉宫千雪Channel,bilibili,513183186,1246,211d02af-bc69-5836-b89b-2eeb0363626a,,,
0,巧可喵channel,bilibili,5742946,1243,0dadf461-3998-5472-99e4-aeb41556f12e,,,
0,S宅宅羊Nina,bilibili,486482491,1242,5f8ea252-b96f-537f-ad29-07a8b36ea034,,,
0,草莓味的乐凌枫,bilibili,3707044070688833,1242,027d6ab9-7490-587d-90cd-55adbea1e50d,,,
0,白鳥林檎_ringo,bilibili,2134701537,1241,8ff7d913-e27e-5b5d-b4eb-202abc699716,,,
0,慕卉kyoku,bilibili,22295072,1240,5e756379-df4f-5e41-b43f-d5322db83e68,,,
0,酷炫羊崽,bilibili,3546620499069896,1239,d04ba9e2-b98d-5f11-9356-b24720f671ea,,,
0,银河晚晚,bilibili,3493136546401026,1239,8c14392b-0b12-57eb-bd76-d254afeb035c,,,
0,岑岑酱_LemonCen,bilibili,3494359271999934,1238,22bcdb85-a999-5d26-b5a0-e1de308f9aa0,,,
0,盏知念,bilibili,3494363824917033,1237,eccba5ce-b3f0-5271-84bc-dd02e7333b48,,,
0,遇见桑旎,bilibili,3706937617156501,1237,825fc721-1f8d-536e-84c0-7ba9f2b27708,,,
0,千羽黑乃official,bilibili,476509224,1236,f92a2155-f10d-5567-acff-7a7267ae9d96,,,
0,水银_Shianne,bilibili,22432713,1236,70e7ce28-0107-568d-9eba-a60bfdcdc0c2,,,
0,风太_Fuuta,bilibili,1625699469,1236,cba8661e-b6d3-53e8-aa5f-e4f8dd04af8e,,,
0,兰舟ransyuu,bilibili,440557,1235,0b849f8c-e559-5e99-aa74-7008b7dce538,,,
0,万彩kinnix,bilibili,3546701673531456,1233,2451e954-3122-5463-b573-aeadfb21813d,幻光回廊Project,6dc03368-be51-5eda-b402-b9b1059c27e6,
0,加菲,bilibili,3346598,1233,4be9b578-2dc2-5ba5-bda4-58b4095af3a7,,,twitch:jiafeinya|twitter:jfmlgm
0,汉献帝,bilibili,106106,1233,b95ed821-56a6-52ee-870b-d01f88fcc430,,,
0,白甫Byifu,bilibili,60158257,1233,86e97416-b8de-5159-b26d-1da193b9ee05,,,
0,bobby__啵啵酱,bilibili,294780482,1229,993b97c0-00ed-5460-b5fb-893bd34bd7f8,,,
0,邻家老徐,bilibili,2112019,1229,62fb72dc-838d-577e-9458-78c57dff38ae,,,
0,Arouse复苏flos,bilibili,336602161,1227,2a6b9217-360e-59d7-aaf0-ea596382553d,,,
0,Maya Putri,bilibili,455888811,1227,392bda9e-ff59-5558-bc02-fa1c7a503cd1,,,youtube:UCyZoDBhW8cLrzZ-dqKdQqEg|twitter:mayaputriid|instagram:mayaputriid|facebook:mayaputriid|web:https://maya-putri.com
0,塞伦saran,bilibili,3546953881225504,1227,33aeafac-d8f3-50dd-839b-82c46902433b,,,
0,阿雾Awu,bilibili,2222400,1227,6bad2fe9-7217-5849-8050-65236816c125,,,
0,花乃_Kano,bilibili,1812569138,1226,fccd8739-32da-58d9-874a-9ac11c8efe91,,,
0,言言言之有理喵,bilibili,3494358835792376,1226,479b0c16-ef3c-585d-9618-794e3ab328c7,,,
0,草青Official,bilibili,27894443,1225,b1ffe1d4-3b2d-5a54-9c6a-2e6e0d2e0b53,,,
0,凸凸_TuilieZ,bilibili,3461572510878516,1222,5cd7a7e1-e10b-58e6-a8c6-71ae42084a0d,,,
0,神原_ouskuru,bilibili,109381959,1222,3b9c7ae7-e50c-5c33-99cc-b6b981a85c48,,,
0,尤奈_Nafisa,bilibili,1062810784,1221,f81f2182-8abc-5c32-a7c1-856806442f73,,,
0,相沢光_ひかり_HIKARI,bilibili,4537059,1221,5a0e66ff-14ca-51f8-8c82-642e5cff1511,,,
0,这里发现了斯托利,bilibili,612775753,1221,17ab756a-edc3-58e6-bc23-959b5916b85d,,,
0,姬宫塩盐shio_chan,bilibili,3494364489714550,1220,c0a9eb7a-f834-5257-86d6-6e794166d818,,,
0,暮雨_Muyu,bilibili,15452470,1220,1e37a4d5-9aff-5e2f-bd51-2392be13938f,,,163music:442097691
0,雀雀Paissa,bilibili,7937906,1220,f32f6c91-feef-5115-a020-563c41a5b6b9,虚数之海,32a9d077-2597-552e-9884-85282f5cd486,
0,一只可爱的小咚咚,bilibili,15312286,1217,1ab04cf6-b709-53a4-a2f5-28c66da10b1e,,,
0,光临,bilibili,3461573697866274,1216,556a811d-023b-5702-8231-e3b9f27a6e07,,,
0,黑羽露_Tsuyu,bilibili,3546379467098703,1216,3e4f75bd-e277-5bc3-85da-682fd18c5759,,,
0,伊斯特尔_official,bilibili,638827899,1214,f596d94f-10b9-5030-bf13-0d1d81041ad6,,,
0,兔酱喜梦云,bilibili,1599961433,1214,e49e201b-4250-5e11-a9de-f45c23ebe504,,,
0,御神梓月-アツキ,bilibili,1618425,1214,b78cb04d-656f-5876-a4c4-c3356dc85d88,,,
0,甜甜妮宝来啦,bilibili,3493295739111693,1212,497a23bc-ad49-594c-a5b8-bae0f293d563,,,
0,斯佩塔,bilibili,3494355220302129,1211,34c83663-774f-5756-b0c8-2883d01c43bc,,,
0,纪闲俞aJI,bilibili,43080665,1208,a5fe51b7-d82b-56bf-8e3d-0c78a363c915,,,
0,维柯Vico,bilibili,3537116826962211,1207,c50d2746-efbe-5b49-b97a-6486a5fb4ead,,,
0,小软睡醒了吗,bilibili,618604683,1206,a6ba55a2-0b76-52f8-b154-2ba541aac004,,,
0,橘葉月,bilibili,2101497482,1205,c6b5367a-e115-5485-82e6-4073c07fa52a,萌芽社,11361482-308d-5313-8597-96d3d8d7170a,
0,芋见元气抹茶茶,bilibili,3461582336035204,1205,7d19ea64-08fb-583a-b742-efda6b2eaa39,,,
0,萤luisant,bilibili,125241110,1204,73cf798b-a45e-5a1c-9b99-829aaa6013e3,,,
0,鹿琳饿了,bilibili,692838055,1204,eed0b128-f0f4-5b4b-bdee-c50ba57bc259,,,
0,贝露菲_Belph,bilibili,1724435,1203,40b4ac01-489e-54d3-93eb-8625019690fe,,,
0,翡翠リーヴル,bilibili,612347956,1202,4d397924-0f8d-510d-bf6a-b9c6bc0a694b,,,
0,梅露蒂雅,bilibili,87386257,1201,cdd516e2-2536-5d7f-892f-98a6f9292be5,,,
0,风生水起金大叉,bilibili,24793729,1201,d1b59d46-e3c2-5944-8d91-88b05202ed94,,,
0,潘多拉的手记,bilibili,21964952,1200,1450b0c2-222d-51b0-b6ba-414049ef935c,,,
0,亚斯敏Yasmine,bilibili,597223,1198,9f3f081d-b96c-5fb4-afc3-881c3e96a2c4,,,
0,陆然-陆知愠Official,bilibili,401755222,1194,c0e9f559-6658-58b4-bb9b-7ce0a2738ab1,,,
0,雷KMNR_Official,bilibili,1530499388,1194,f4ea5c68-c255-5f3f-af11-b7a610cc2742,Vnicorn,33d285f2-b9a8-595d-a282-4a341ab9d020,
0,亦瞳Tio_Official,bilibili,72568546,1193,6852c0b0-da95-585a-bc11-7350d2805f00,,,
0,巫艾_Wafia,bilibili,3493137724999836,1191,293177e4-b119-57bf-8632-b3b461de7a23,,,
0,竜宮蛍official,bilibili,3546388086393300,1191,a25b08a6-48b9-5c53-8bcd-3fa03ddc791e,,,
0,小小雨yuki,bilibili,541648563,1190,bf7d0bec-5c2f-5a06-b90c-f9538546dc1d,,,
0,恶魔优拉Ula,bilibili,3493266481743925,1189,39d0c328-84d2-59a8-ac44-a9a71f0086a6,,,
0,鹿之野,bilibili,543748,1189,76fb4d10-16d2-5f75-b492-7bd503e4607e,,,
0,南音弥Minami,bilibili,3493267630983559,1188,8addb489-ae83-5d88-b054-512adbcfa219,,,
0,卜冬Bodon,bilibili,259285720,1188,b37429ce-8c17-5562-b421-ea28479af409,,,
0,幻月,bilibili,432175033,1188,64870850-0d58-555c-ad2f-433a73f8ee05,,,
0,皮皮拉多_official,bilibili,1839110606,1188,12462638-d91c-56ca-bc83-ea8da310a662,,,twitter:_pipirat_|youtube:UCXrSYe1L3bm2aGzEuu1t1yQ
0,该用户已匿铭,bilibili,364803422,1188,0457aedc-715d-5b5e-9fd3-c59bf0874dee,,,
0,汰一TakeyT,bilibili,3494362256247365,1187,01bd20d1-3cb1-5684-a4c1-dd0e6149c892,,,
0,爱缪,bilibili,3493130617752435,1187,ef324e84-de9d-5fba-a3b4-661cc131947f,,,
0,妮柚kikoi,bilibili,3461566271850847,1186,1201cc79-5fb4-5a8d-a045-f5bb8c40048b,,,
0,莉恩NaNa,bilibili,11579225,1186,5ea6ec36-f426-5316-9dc9-26dfdce46a00,,,
0,カルロ・ピノofficial,bilibili,441666956,1185,e83faab4-9522-5839-b9aa-4b69d83c68e2,.Live,02f5f560-4646-5fcb-ac58-81279c7e2c1e,
0,糯糯小呆呆,bilibili,3493275128302169,1185,8c99e67d-7d0b-5de2-9720-6a3c9a797632,,,
0,敖霜_Channel,bilibili,284453783,1184,3e23290d-a7b1-534c-bec0-25731df97e53,,,
0,悠米米米_yumi,bilibili,517609001,1183,abe71685-e079-50e1-8a96-277411479275,,,
0,小鳥游奈奈酱,bilibili,1095372350,1182,91cf965d-7001-5325-9c81-e67a8f7db63a,,,
0,YO攸路OY,bilibili,3494356482787514,1181,64f378d8-124c-5b5a-9260-254155e3c98e,,,
0,月铃luna,bilibili,3691011534490289,1181,05dcd613-4346-5d87-bb5f-0653ad171cb3,星界社（北立交桥）,c1524001-2576-5e1f-b7cd-fa7fb7c4bab5,
0,气人苯,bilibili,518742800,1180,1714b096-938d-5f79-869c-c982022ed7dc,,,
0,玉阶Monroe,bilibili,77079195,1179,d6cb2629-6ba3-53a7-b1fe-9088a8e9d0d8,,,
0,萤乌路空,bilibili,388171,1179,44f1dd27-1b3e-5416-8344-8a5687806657,,,
0,Vveneto_channel,bilibili,5696525,1178,5778181a-682c-551e-a446-1dde460e2e14,,,
0,憨猫小七owo,bilibili,23576666,1177,646ffd3b-32ab-5d25-b7c6-490a5ac74f3c,,,
0,神宫寺春卷_Haruka,bilibili,601204805,1176,d6ba9541-9410-5f5c-b52b-949ce870eaec,四季神社,eef5fb94-75dc-532d-82c8-8c6e78457ed9,
0,啊呜ahiru,bilibili,1847473158,1174,f0c315d0-3aa9-51c0-a9f8-02bc980909d5,,,
0,饭饭饭酱丶,bilibili,1464586,1174,698bd38d-8f3d-57cf-b329-56734c718855,,,
0,咩咩崽-mie,bilibili,695965340,1173,e37f3329-dbb6-57e9-9885-9663b1cf94b9,,,
0,星语meow,bilibili,1743336457,1173,2d33d7ef-66d4-5a73-8b3f-6a4cbcc8c1a4,,,
0,BlagS_Channel,bilibili,11587741,1171,0e207dc0-5143-5e7a-ae24-727b95545ea8,V_G研究所,30f0a6c7-e49d-56b9-8dd9-60bf6539212b,
0,大花猫喵喵鱼,bilibili,487744559,1169,02e57d79-54dd-5ee0-bd8c-a737c057982d,,,
0,森绘麻Moriema,bilibili,1102958400,1166,2ba61e49-b1e1-5237-873e-b162beaaaf17,,,
0,圣皇浩云こうん-Channel,bilibili,20675652,1165,806f5c78-e72e-51f8-8f9f-f835c353115a,ProjectViberglow,fdb3ee6d-3a2e-5bfb-b724-aeb9b223de69,
0,下弦-Dline,bilibili,1687648962,1164,61f5bea7-4bd4-58cc-9e8f-5b1d406b1b43,,,
0,小鳥遊七枝,bilibili,3537105137436823,1163,f1fa46ab-4650-57f8-85bd-8422fe2b4f24,,,
0,梓溟Mza,bilibili,3494365861251227,1163,2b118455-cf36-546c-8be8-fff218f42899,,,
0,沈辰烬_Ember,bilibili,3546984044563271,1163,6c0f08f3-ce1d-5d5e-a268-89cc7b9455bf,,,
0,夹心曲奇Miao,bilibili,23445219,1161,d7b24da2-50f9-53dd-b70b-9543f6cad4ca,,,
0,星絮Hoshi,bilibili,357520995,1161,4102ef29-9d24-5a34-8fbf-5fc393012e4c,,,
0,塔菈玛朵TramaDoll,bilibili,195111150,1160,18d43968-fbd4-5e10-8dd9-7ef750ce7c48,边迹社,2bbb487f-2542-5499-ac57-ebd6fedf1f94,
0,月野兔Suki,bilibili,3546979204336438,1160,b8ffc900-094c-5a17-b92e-d4b4756ddd40,,,
0,朝朝_sunny,bilibili,3546858515335545,1160,219fd678-cd85-52b3-970d-aea78d595545,,,
0,深深叨叨的叨叨,bilibili,1041126743,1160,1e2bd519-2f14-53b1-8188-22f5405a780e,,,
0,尹柯Inkkkkk,bilibili,3493128419936717,1159,0a705000-7959-51d9-b5f9-8d35e27a9396,,,
0,帕路haru,bilibili,3546614866118685,1159,a6f3d910-e135-5aaa-8fae-db2127121be2,甜瓜社MelonLive,863b38a4-e1fb-5d0a-8d0c-89c54abbad35,
0,琳琅Dazzling,bilibili,1369019691,1159,716659a3-456b-5286-bcf6-a736fd10f0a4,,,
0,阿笙-Oaore,bilibili,402208101,1159,2a7eb286-1776-5d3c-bde3-33dc639ba82e,,,
0,活鱼曼波,bilibili,3546932211353626,1158,0a3732cb-d1e4-5da6-b065-6a4b68187010,果子本铺（北立交桥）,adb0ac1e-8f0a-5711-96bf-b7bc5676eda4,
0,符离桑,bilibili,168130052,1156,569afcb1-c659-55d4-a9a4-23714eb228ac,,,
0,莫温,bilibili,3546582018427120,1156,6376d179-6859-554d-a518-cc3db5d2d1ae,,,
0,月杉Tsukisugi,bilibili,2189538,1155,9b72b4d5-4cdc-52d2-a90e-de5ba753e5aa,,,
0,要加几个i才能叫koi,bilibili,23200613,1154,2a532d49-81f0-5d08-880a-78c57aa43a4b,,,
0,鹿纱纪ShikaSaki,bilibili,3493273121327275,1154,ae8c2a16-ac53-5643-a15f-ac53bf45fd6f,,,
0,真理シンリ,bilibili,302010674,1153,71c2863a-a1a1-5c12-88c0-6234a489a966,,,
0,蓝渊,bilibili,1801612929,1153,942f27d6-ae8c-541d-acf7-f24fb5fcb104,,,
0,希依Kie,bilibili,2099399911,1152,cc96b17f-c5c4-5534-ac22-d652236ef276,,,
0,本猫official,bilibili,7309773,1152,b365aba0-002b-58ec-b1f5-659037df0a9e,,,
0,有马Arima_,bilibili,588631324,1151,1b6d5786-b553-5b26-9321-8a3ea621f9e2,,,
0,甘味子,bilibili,305100,1151,17bc6bb0-fe2c-5b9e-9429-cf97d26c0ab1,V_G研究所,30f0a6c7-e49d-56b9-8dd9-60bf6539212b,
0,楪帆波official,bilibili,533193036,1150,1876b4c4-4567-596c-98f4-25998d6a7d77,星巡学园,6506d485-2cbc-552f-9337-6d4fc2d9b7fd,
0,炎沐yamu,bilibili,433076086,1149,dd6f517a-e3d3-59f3-b4d8-828e6bcfdef2,,,
0,陌星之韵_Channel,bilibili,381861978,1149,cc19c843-a079-541b-9133-4b79f5d47dde,,,
0,眠い古茶_kocha,bilibili,129290154,1148,52255102-d5e2-5d27-9de6-08f74f2b14f6,,,
0,剑舞小十三,bilibili,3494371462744800,1147,458e2828-9190-5495-9a40-4f27161d08d6,,,
0,泽伊Zee_04,bilibili,454142986,1146,4ee18108-8242-52af-b4c0-f47b6e5ce865,,,
0,鸭鸭不可以涩涩,bilibili,3494349673335041,1143,40053856-f6b6-5cd5-872d-a40ef7b98eec,,,
0,云希UNKI,bilibili,700956912,1142,02bf71dd-3664-59ba-a8a4-072c3f872fb2,,,
0,律子丶,bilibili,2603083,1142,62ffae45-ee0f-57d8-9975-c062e1846801,,,
0,祺间Cuckoo,bilibili,488427882,1142,6b798816-2948-5044-a0af-35541c75e6eb,,,
0,天野凛,bilibili,394760624,1141,41be5a03-9ba3-51e5-954b-50eccc4c388f,,,
0,北焰Alita,bilibili,3493082884474883,1140,c49db9d7-8f15-5d82-a0ea-a85df0a321b4,,,
0,灯奈朵妮埃,bilibili,12802330,1138,711590ac-ccf3-5f25-8382-0f8b055b7bde,,,
0,芙黛Volis,bilibili,3494354381441519,1138,f41b2064-d43a-51e1-8bba-6207d6384bba,,,
0,Sorako空子,bilibili,7238137,1137,49853fc3-5bff-54e9-ab63-ecc47ea65f5b,,,
0,也叁Kisoumi,bilibili,1882356696,1137,5482640c-6712-57d5-9e8c-41ac9bc6333e,,,
0,任捷,bilibili,476343997,1137,afaf7264-2012-56ef-8451-25748d962fa0,闪米社,a5a6750b-a591-516f-a261-f1a77f46d4db,
0,星梦希望_hsymkb,bilibili,10286793,1137,c0ba8a96-3f9b-5830-8546-593edfb21a98,,,
0,炫银蛇,bilibili,51234175,1137,4154ada9-b853-50b4-9e06-f333bf4f6339,,,
0,米兔cka,bilibili,3493090562149280,1136,bbeff8c6-9bdc-55b2-928a-7e6c2527d2de,,,
0,柒玖or伍陆channel,bilibili,40327370,1135,0a25c906-7a81-5d6f-a993-4aa5842d24de,,,
0,庫吉菈Kura,bilibili,3494355658606842,1134,da0b0dd1-510b-55c7-8fe0-096d1d185d8d,,,
0,雪吹奏多,bilibili,3493078811806308,1133,4a1cabd3-b02b-5c85-89d0-b2a87691acd6,,,
0,塞宛奇,bilibili,1699745216,1132,764afdad-e56f-5620-8c46-073d9d83cd8f,,,
0,碎星BrokenS,bilibili,9311399,1132,92f62c76-cb13-535b-8bad-13dcbee6083e,樱满月虚拟社团,d160848c-6d4c-56f7-afa9-196abc2405f7,
0,九卿-Eileen,bilibili,1420352989,1131,8426e068-94f6-5e38-9e31-6a4f924c7dcc,,,
0,珑倾卿_Qing,bilibili,3493286207556487,1131,c099aa0a-fd79-5f0f-836b-7160724103a2,,,
0,真越Zenya,bilibili,1320742569,1131,9eb04d78-303a-5d6f-b9d6-03d2ce00e8da,,,
0,星绫奈_nyana,bilibili,25519681,1129,990badd8-1efd-5332-9b59-0a0e22b7b3ad,,,
0,柿青依,bilibili,487624577,1126,a8064dca-cab5-5b17-8480-4b8b077e74ce,,,
0,鹿鸣夕浅,bilibili,42407494,1126,222c19e9-ea4d-5c6c-b852-88cdef05f5a1,极光社,9548b50d-dbb9-5b8e-9a4f-a86239ac14ca,
0,四_Hayek,bilibili,284094597,1125,03303528-43ec-5dff-8de8-501a2c2a7a49,,,
0,秋田稻穗,bilibili,669275668,1125,4e81e43f-b030-548d-8d0d-6fd9eb96eeea,,,
0,郁一yoii,bilibili,3494371854912176,1125,bec475c1-ca59-5287-90c3-cd694eb23edc,,,
0,刺猬SWCW,bilibili,470410710,1123,47f3e304-a2e9-596e-a798-9e14dd70a44c,,,
0,教父白静羽,bilibili,8918512,1122,4fb48680-3cbf-547f-84ec-a71a4540b2f3,,,
0,亚德,bilibili,419394449,1121,01e2e74c-ad5c-5701-bf34-a37d81824883,コーロンサス学園,a43eee3d-839d-54ff-90cb-d9045437de30,
0,雾雪Koyuki,bilibili,3493297639131662,1121,0f017dd2-13c4-56ac-b991-4e0829073d95,,,
0,拉弥亚Lamiya,bilibili,3493266337040956,1120,1e8257c5-b40f-5ade-8710-68563d9ff882,,,
0,艾勒珐Alpha,bilibili,3493136217148154,1120,a129143b-a576-5c63-9b98-833a02b99686,,,
0,卡尔特,bilibili,1095818885,1118,584b44a5-3fe4-5e7e-ab02-ca5f58541963,,,
0,鱼鱼酱unicorn,bilibili,3461571344862178,1117,3e6d6bff-153c-5659-bda2-537852bd7dc2,,,
0,如月みう,bilibili,587953984,1116,e1264023-8462-5fd9-9651-f4a0591bd414,,,
0,帕西斐珂,bilibili,3493134585563527,1116,e408fe1c-e508-5dbe-b92f-c9f1a110890c,,,
0,柚木桃ちゃん,bilibili,474819209,1116,f6a22e7c-1461-58ca-b02a-ef1d3688b4a6,,,
0,苍苍_Channel,bilibili,19574643,1115,ceeb974e-d617-5126-8391-0d6d56b5c62f,,,
0,蛋挞喜欢小逻辑,bilibili,3546886046746837,1115,5537ae86-b0e8-536c-8430-123c1df59bcf,,,
0,-official-Spi酱,bilibili,2051555906,1113,259ab452-9cd4-5f08-b5af-f92789631f34,,,
0,柚月蛍Hotaru,bilibili,478502198,1112,1a207cce-51b8-50fb-9577-b4b03dbaf6d9,,,
0,星望NONZOMI,bilibili,3493116159986065,1110,a9416fe9-c192-5a36-8e5d-7e1949b73e8a,,,
0,红伶Bornea,bilibili,3493094448171498,1110,8b4e881e-a0da-585f-beeb-1700273fca47,,,
0,走Kakeru,bilibili,652571677,1110,69286263-1d15-52ff-8c25-7f95278f1c61,Vnicorn,33d285f2-b9a8-595d-a282-4a341ab9d020,
0,琉莉蒂娅channel,bilibili,563108,1108,a0ee2998-d8b7-56e9-bbae-1db5b1b66fe2,,,
0,安迪亚_Andia,bilibili,525850968,1107,6b279a6e-d265-5887-9061-3ef0cf3e13a2,,,
0,千島白桜Official,bilibili,35881918,1106,b2d56a74-0540-51f5-a371-80e24a14c582,,,
0,筱玖歌YY,bilibili,477045775,1106,5e8fc4ce-d10d-59b1-a1f4-d13e231280e6,,,
0,向日枫Channe,bilibili,406287528,1104,f58a2a15-cc3f-50e7-93f6-31a9eb209398,kanae,73102f48-57f2-5d59-94ef-7aac41e97f65,
0,Nico莉莉,bilibili,3220897,1103,fdacf0f3-5599-5468-9f8c-118556c18537,,,
0,曦柚xiyou,bilibili,3494377049557569,1103,2a9d23af-261e-591c-be3e-960bdd30d7f4,,,
0,闻枝Nano,bilibili,4753926,1103,109d812c-037c-5c04-b212-4d53a87ef3f4,,,
0,早乙女雪葵,bilibili,173247,1102,530f40be-1971-5795-ae68-8ad3e984f5ca,,,
0,天久ふみかofficial,bilibili,7961231,1101,17cc083c-2531-57bf-a5ed-10a46393b864,,,
0,汐月Shiotsuki,bilibili,2171550,1100,60e10066-6cea-5d0a-8984-42bc2ab41110,,,
0,糯米团子,bilibili,11270014,1099,1031fc63-666d-51ee-b562-9f4bb3689f2b,,,
0,桉瑶yao,bilibili,3546889030994075,1098,3c89a57d-f2e3-54a4-9d48-01d96fb80e5e,,,
0,豆叮儿ouo,bilibili,1339550497,1098,6db8c326-390d-59f6-a2db-7a225957a150,,,
0,nome糯米,bilibili,505814286,1097,bfb0278f-3a1b-571e-a3f2-979309b864a6,远星社FarStar,d6c029ef-8b44-5e59-9e0b-79d4c9884333,
0,月璃Yori,bilibili,19936047,1097,082a88e6-f4d7-5007-b43c-9941f33d6051,,,
0,星川夜yoru,bilibili,1639574233,1095,724924c9-e06d-5c8c-8a37-c3a156873e38,,,
0,木木,bilibili,1426012877,1095,2b60193a-513b-5161-b6f9-5aefcb114cf5,,,
0,橘眠眠,bilibili,1222235381,1095,530dd916-88e7-5576-be66-9d74015bd379,,,
0,星悦希Esther,bilibili,1568468378,1093,406f138f-5dfd-5d40-b831-e580e8a224a9,,,
0,阿弋娅YIYA,bilibili,3493287423904580,1093,263eb9c2-3caa-562e-8597-4446ae5e75bf,,,
0,雪都梨Duli,bilibili,3546899885853387,1093,f21859fe-5ea1-5f78-acbd-4413a5363d62,,,
0,洲崎绫响,bilibili,1549963,1091,2f260bd6-4fd0-544f-8e9f-e0417da9a110,,,
0,珂蒂Cordelia,bilibili,1042479555,1090,fb9355d9-e5ff-5f73-84a1-6bfd3e989f2a,,,
0,伊凡,bilibili,599697,1089,266090b1-278d-5e23-b985-637611253881,,,
0,梦蝶依X雨栖,bilibili,9882492,1089,ae70d6e9-7d9b-5a80-83f0-02d0c5d86d23,,,
0,桃也Taoya,bilibili,471272166,1088,48250b86-7e57-5567-a72d-4d604e421c5b,,,
0,艾博单,bilibili,1887101809,1088,d476520e-21d9-50f5-976a-7f7997bc3b54,,,
0,分华至夏Channel,bilibili,572274,1087,0df37a52-5c73-5594-b466-c3b1e753c3ed,V_G研究所,30f0a6c7-e49d-56b9-8dd9-60bf6539212b,
0,深玖,bilibili,3461573370710061,1087,481b532b-132b-55f9-ac09-314299248675,,,
0,匙叶Amaranth,bilibili,3493296187902517,1086,204aa7f7-13ab-5c83-be1d-cfb80010f9a5,,,
0,依梦绮罗,bilibili,1902949868,1085,ddbb630c-a2b6-5629-ac35-2ed0d0213ae8,,,
0,君曦Hana,bilibili,3493124429056481,1085,62a29dd3-e9e3-55f9-86c2-c7eae8fd8765,,,
0,幺妖儿丶,bilibili,3461580536679215,1085,f5ea7014-07a5-56f3-8d4f-8b0b6bf43922,,,
0,森ノ目律channel,bilibili,124177,1085,d6aebc1c-0263-5072-b31c-78b8b5dcb503,,,
0,缪檬Muemon,bilibili,5363202,1085,27015cd4-f979-5ebf-bbd6-ca8749994f61,,,
0,幻姬_Official,bilibili,8772820,1084,406ed560-940b-5ad8-972b-317501ec65db,,,
0,小小白菜菜兔,bilibili,2139680138,1083,a004af45-b9e4-574b-a9dc-1abe68d285fd,,,
0,希尔塔,bilibili,525299904,1083,cf57790f-fbde-565c-b2b1-272e8209d69a,,,
0,樱奈汐音_Naki,bilibili,476891365,1083,ca603fa0-7994-53c2-a81c-e21f5fb197d8,,,
0,花木凛音,bilibili,3493284162833158,1081,53d1e80b-82a5-5dfe-830b-936163741bf9,,,
0,云汐cici,bilibili,3494349249710646,1080,352eb92e-d1c1-5b82-9a90-a0b3a1144af7,,,
0,伊莺,bilibili,11222009,1080,773ceff4-5a87-5b04-933a-6c353912b4c4,,,
0,莳瓜Melon,bilibili,3546826919644001,1080,52f7ff2e-089c-5ac9-b278-12e26847657d,,,
0,西瓜与伊卡洛斯,bilibili,39149400,1080,8199f277-a6f8-57e6-833d-c1cbf7386af3,,,
0,鱼奈Yona,bilibili,3546385666279768,1080,966a5dc3-28c5-5170-b898-7715f29a4e17,,,
0,张团团,bilibili,520424576,1079,4a2aea5d-cb38-58fa-ac15-294efc87fbd7,,,
0,春水_星星星瓷XICI,bilibili,17317850,1079,294636ec-c11d-50b8-984e-d693309b28ef,,,
0,小艾咪不吃鱼,bilibili,477904396,1078,78952815-3988-513b-9162-917367c6e26d,,,
0,阁诺,bilibili,443932564,1077,85ad0479-cb08-5a23-bf89-3414ba855a3c,玹云社,a629223f-5cb6-50df-8d28-5400b4d1c497,
0,醒醒Adalia,bilibili,1470303774,1076,de38ccfe-f355-5b4d-82f8-c11de13a86b9,,,
0,阿尤沙德,bilibili,5500001,1075,de90eec1-0deb-5588-852c-84e8e2dc0ca9,尼比陆,e91a4eb4-14fc-500f-a8f5-f8650d62dbd2,
0,初颜,bilibili,387236794,1074,7061f68e-f7a8-5af5-894b-167d229089fe,winks,73f553fe-bc06-5b12-be20-44b1190b6237,
0,樱吹雪Channel,bilibili,304869354,1074,7524b0fd-084e-545a-bd5e-64ce3332c1e0,ProjectViberglow,fdb3ee6d-3a2e-5bfb-b724-aeb9b223de69,
0,修嘎Shyuga,bilibili,3493118479436042,1073,d53a27f8-2e20-5f14-99c4-586c22e4b4e6,,,
0,月霜华Shimo,bilibili,3546592495799149,1073,b2f34dbe-5494-5e97-9099-aa4ba7a61ec4,,,
0,の菜菜子,bilibili,492383589,1072,c4fe81fe-1d15-520e-835c-f167219eceb8,,,
0,瑟莱徳司,bilibili,584128,1072,4800e9ec-cb32-5a68-a4a0-1a383961a242,,,
0,星榆,bilibili,437225566,1071,d012949b-823a-5f12-b391-0ff015e5e2ff,,,
0,萝苏Rosue,bilibili,605426,1071,6f6e2ddd-a230-5b7a-93ed-349a651bef9d,,,
0,颜缡颜缡耶,bilibili,4048069,1071,20e4037f-e836-5b0e-b586-44e81545ef02,,,
0,Mika_Official,bilibili,97883488,1070,5cd6f62c-f6f1-59f5-ab2b-f89884e92c54,,,
0,天羽ちよこ,bilibili,72041,1070,b93dc3b9-f5a4-57ea-a99c-b987823cbbd1,,,
0,玲奈月月,bilibili,3493292540955275,1070,1c1fe96f-98e2-5e5e-a2ff-ff3ea7fb66fe,,,
0,稚与Coco,bilibili,3546865639360599,1070,572c0b87-5ef7-5294-8507-188eaad5a3ff,,,
0,铃木桃织,bilibili,490794838,1070,210e4d36-6db3-5636-929f-ad8ce7d80639,,,
0,捡捡JJiumi,bilibili,3546593917667611,1069,0f106b3a-9087-57c0-92d0-00e7bb38727e,,,
0,李梦非,bilibili,22631109,1069,2e546ee3-9d50-5114-94a5-7112b4e29e31,,,
0,樱柠柠sakura,bilibili,3546656337299626,1068,442f54e2-32d5-53c4-9afe-d35054dfe9ab,,,
0,泡泡鱼吖yu,bilibili,3494360379295895,1067,5d5368ff-380f-58b7-95ea-bd9955b8e09d,,,
0,狐栗LuLu,bilibili,3546558505159515,1067,5b26d732-ebcb-5379-9dd0-5f7e7588f63b,,,
0,露米娜lumina,bilibili,7677170,1067,7eec475a-d936-5ff7-9e84-fd37ddd61ce5,,,
0,C029s_MOC,bilibili,1182104942,1066,cedec3ca-9c67-5280-b511-36093a0268fe,,,
0,蓝歌Aika,bilibili,1828371367,1066,a8db64d0-dc4d-5548-88f1-fb71e1f4a216,,,
0,酒井奈奈子_Nanako,bilibili,1840042245,1066,2e90517a-1b73-5c68-ba5e-59e623ac33e9,,,
0,泣狸,bilibili,19136342,1065,a48057da-f6b1-5f24-b41c-5486e000bdf4,,,
0,花雲燻official,bilibili,533193037,1065,854bd0c7-c16c-5dad-9355-1ef1d7b688a8,星巡学园,6506d485-2cbc-552f-9337-6d4fc2d9b7fd,
0,池恩na,bilibili,316770369,1063,aa050da5-981d-505d-87f1-d9082ec9a4b9,,,
0,空空酱koko,bilibili,3546379309812228,1063,ef61afd0-6add-5f86-8388-52fff84c7f94,,,
0,安阮阮,bilibili,3493089568098592,1062,33e10540-5ccc-5ea0-b463-00678cb28bdd,,,
0,Mina米奈奈,bilibili,3493283017788221,1061,058fe818-6e47-5df6-9291-028efbddbdc6,,,
0,欣栎_Shinyue,bilibili,435789390,1060,93e7fa4d-3e70-5f14-a774-bcc14e22f499,,,
0,里基RIckey,bilibili,3493105357556389,1060,9ba816b1-0cef-51d2-80a1-89e651f14842,,,
0,与月绮,bilibili,2122066590,1059,3056945f-c89c-5e8b-9399-6a8f17fb23a3,,,
0,初云-cloud,bilibili,130097809,1059,c8149268-6e20-535c-9e98-2a117cd686eb,远星社FarStar,d6c029ef-8b44-5e59-9e0b-79d4c9884333,
0,柚子yutsuki,bilibili,664321,1057,c8d440cf-363a-5564-b059-d29eb3181307,,,
0,红沼泽,bilibili,5366508,1057,0a3c7061-21fc-537e-adee-2770cad789c8,,,
0,星夜黑时S,bilibili,2758030,1056,c0cb02bd-2e00-5194-a9f1-e648bb0e5f37,,,
0,科米Konmi,bilibili,3493108889160468,1056,70d83d0c-b99a-5694-ac0b-62c721759172,奥兹奇旅团（北立交桥）,1f2e8d1e-8b25-5c58-b808-cff4460a7ab0,
0,灵汐Shiria,bilibili,3707011388672315,1054,13f2c366-2bc2-5eee-bf05-cc2986f209df,幻想社Symphony,89e5da70-fabf-5934-82bd-9e0ee5012474,
0,水無濑烛烛,bilibili,2387571,1053,8e81c3aa-8e12-5d73-a493-c4ac14902798,,,
0,陆千,bilibili,195742895,1053,a0a7a504-5c6a-5bc3-925f-7026663fc16b,,,
0,POKE-Channel,bilibili,4058927,1052,7cf25f97-01e9-55d7-8de0-419a2debd177,,,
0,卜古Buqu,bilibili,701582685,1052,edaa3fbc-6ca5-5efc-a006-3edcb0038ed9,,,
0,祈爱伦,bilibili,3734773,1052,a9d274ed-9527-5b12-84c4-c9e86c220d33,,,
0,真狸谱Riri,bilibili,116666702,1051,9f75b328-f919-5003-b488-d6b483d0cd82,,,
0,月眠Yumen,bilibili,95670810,1050,c2994bfb-e6bc-53d7-a18d-0bf9b12cccc6,,,
0,SN_沈宁,bilibili,283731700,1047,b19e89a2-152e-522b-b943-e0b763d90286,,,
0,铃兰兰_suzuran,bilibili,1730842065,1047,eabada5e-868f-594e-8578-760d6a3bba84,,,
0,雪野一梦yukino,bilibili,3493134654770035,1047,0d49d948-6890-504f-bbc3-88c479d64e7c,,,
0,悠濑_Yuuuse,bilibili,21150296,1045,6511e1ab-b9ff-5aa5-b79a-2c7b8cbbcc73,,,
0,豹米,bilibili,3493130085075469,1045,f718d89a-5066-5a5e-b511-dfbf47759760,,,
0,妮蔻_Neko,bilibili,604142033,1043,09c785cf-c244-5298-b090-80257fd85965,,,
0,mikan233,bilibili,4971404,1042,25931ae5-fb9e-5b2f-9535-e7532bc9ae55,Vidol工作室,7bf7dc58-48f6-55cd-8bdb-cf5fa31d8a77,
0,早耶三三,bilibili,3494354998004378,1042,c5efb650-ccb7-5554-a125-22404a936be6,,,
0,李柴伶_Challin,bilibili,320133639,1041,eb2686a3-c0c3-5cdf-bd6d-ef111b175f55,,,
0,血色星辰,bilibili,3387887,1041,0e0cc08a-91fc-53a3-9bfb-91a93545eaae,,,
0,西九九Nicy,bilibili,3494357499906111,1039,b95a2892-d6f4-5256-a672-5a77ec52843b,,,
0,阿熊叫做藤原知,bilibili,184382,1039,fd4f38ba-7e54-5467-873d-d23a07ca876e,,,
0,蝶理紗,bilibili,1270055263,1037,887600c3-8bfe-5817-b348-3a7e6eca96b2,,,
0,诺尔official,bilibili,1027581210,1037,75522c9b-a904-577d-82be-82660a7b5b20,,,
0,天才小宅lucky,bilibili,3493286058658626,1036,b74b3079-87c0-5a3e-8016-ce91631ee9db,,,
0,汤兔汤汤,bilibili,25913500,1036,0452e7c4-a745-53a3-b297-905e5c3e9171,,,
0,豆飒咯_Lisa,bilibili,3546792912226872,1035,835172d0-5461-5d4c-9327-4ad4b87008b1,,,
0,_白__鱼,bilibili,3537116009073204,1034,6e04da77-2596-5530-9396-cc537dc457bc,,,
0,傻妮儿_Shining,bilibili,3546870762703523,1034,bef314ea-b2ea-5883-bf53-81d841cb5741,,,
0,金糖喵娜Sugary,bilibili,3461563816085651,1032,243ba2a9-4cb5-5b94-b6b3-c7715a2955c3,,,
0,望月白枝_Official,bilibili,3493142231779517,1028,13aaedef-5110-5692-af7f-3400b3f0ec91,,,
0,绘星墨墨,bilibili,3493081982700180,1027,74716bd3-18ec-5ca9-a246-4b9b3472ec45,,,
0,蛍HOTARU,bilibili,1551528,1027,5bad0639-8df8-50ef-81e7-ba35d06d11d8,,,
0,乔微微_Official,bilibili,544133342,1026,5fd63995-051d-5f8b-b3d9-e5fc4d42ba3e,,,
0,珊瑚_35,bilibili,416231451,1026,2b93e90b-dc60-5f69-89f2-7d027013077e,,,
0,WhoHa_唱说唱的,bilibili,3494350954695225,1025,6d620681-c569-58c1-8d44-4d3ee0547536,,,
0,小羊乖乖vv,bilibili,3546871387654195,1025,5d478262-c211-5db5-8e78-6d3fa5e0d129,,,
0,炸鱼FeFeri,bilibili,1088544998,1025,60bb111e-049a-57f5-a1ff-320dad46ffbf,,,
0,白云藻Official,bilibili,507793429,1025,27774a72-1b17-54d2-8d12-ec38efc881a8,,,
0,白毛Bmmua,bilibili,16123998,1025,8d3105ed-ecb7-5306-8ca7-283245c76686,,,
0,2丫_ニーヤ,bilibili,7071426,1024,9065ed39-5540-59c0-8587-81b4450a597d,,,
0,哆楽Dolor,bilibili,398314436,1023,5e9fd46c-309b-5305-a1b4-d4ab01cbe95d,,,
0,岐月哟,bilibili,488735095,1021,e8d9dfcf-6c6c-5d03-9197-bc61336121c3,,,
0,KO鲤波波,bilibili,3493293946046781,1020,442d6f48-2d89-5e0e-8e5f-67848ff1bd40,,,
0,安杰莉娜,bilibili,8938841,1020,7efc9231-e152-5241-9ede-d602b4a1776a,,,
0,晴天助あいし,bilibili,3493134046595612,1020,7be25c6b-dfbb-58ea-93d9-bf50721a24d9,,,
0,尤尤-official,bilibili,495410898,1019,8e33798b-05b6-5dd4-a2b0-f8c202fae0cf,,,
0,萌々嫁もか,bilibili,1391261247,1018,728472ee-d70f-588d-b2da-68fa929cf884,ますかれーど,02e4175f-3781-50e6-85ff-b58ba023732a,youtube:UCOobfYvyNQqWHBpEaMnXr7w|twitter:mochatan0214
0,久伴_Adrenaline,bilibili,91772566,1017,8d8f4671-2e66-5b92-bb15-9b1929c16eb6,,,
0,红衣小财迷,bilibili,3494363220937684,1017,74523a5a-08d0-5e7b-a935-868661b39793,,,
0,胡桃いく,bilibili,404409600,1017,714da86b-3d4d-5b76-b2f3-e14396069440,,,pixiv:21997|twitter:practice19|youtube:UCaKbWdaSQ31s6BkqgHh0lDw
0,风早梓,bilibili,28656055,1016,cfe916ae-9c03-5191-8590-b84d34918bbd,,,
0,枫雪梦依,bilibili,374665207,1015,0f111583-08a2-531d-95ec-a9e72d85c255,,,
0,松岛莉莉子,bilibili,3537121681869253,1014,290afab1-af0c-5380-a0bd-934ba6568d17,,,
0,鸣神裁,bilibili,1629850247,1014,a0e1863d-538e-590b-bab8-4eb377ab91d5,,,marshmallow:narukami_sabaki|twitter:narukami_sabaki|youtube:UC4XkrZwqFWeHNOS3uI5Oh_Q|youtube:UCR1vMiGggY5jSDL_eTkXJCA
0,羽鳥Akira_Official,bilibili,15116025,1013,61dcf054-a352-5b13-ab9d-33309ff97a4b,,,
0,铃菟_MagicalRing,bilibili,6406913,1013,9a3edae2-c27a-5ff5-8088-8f5882733407,,,
0,派因,bilibili,488798866,1012,16de5cd7-8d5b-512a-9765-b836512e61a8,,,
0,燕欺yakii,bilibili,3493268394346753,1012,319db2e8-d628-543f-9b2e-efcd122037e9,,,
0,阿泱咕咕叫,bilibili,1437176996,1012,1df3a9de-e45e-5a1d-aaaa-fc88b93aca6a,,,
0,青络Bloom,bilibili,3493115988019782,1012,c6ffde8f-c7c7-56f2-a672-a04ec41766b0,,,
0,娜娜维Nanavi,bilibili,3493134814152872,1011,c24e4457-bb57-50e6-a9ae-f4a9ecaea8d5,,,
0,咕噜小八,bilibili,3493266557242037,1010,049d058e-a0a8-5a3e-bfd7-ec3cac5ddc5d,,,
0,濑户Totoni,bilibili,18863045,1010,9629bc5a-5d2e-54a8-b7cd-2507843aceb0,,,
0,空湛Channel,bilibili,24293396,1010,f9db0e50-ec5a-5c0f-b621-d746cf5b2502,,,
0,和裕official,bilibili,1763828391,1009,0d147235-ea26-5533-9334-6b3fb06ea5fe,,,
0,月理理yli,bilibili,3461578848471449,1008,2e8d813b-0fa5-5842-9d51-bd31750041ba,,,
0,花薏fai_Offcial,bilibili,480069015,1008,da2e6192-f0b3-549d-9834-529f573155c4,,,
0,月见狺,bilibili,65714241,1007,aa45949b-b9ca-5896-91ae-29185acab178,,,
0,如黎Dawn,bilibili,3461579418896666,1006,3664ecfd-5fd7-556d-b1ac-518378848078,,,
0,星之胖久,bilibili,365151158,1006,8bf441bd-42a7-53f1-9493-308451227e97,,,
0,王玩玩,bilibili,5696856,1006,e89807e4-4ac0-5912-a2c6-d8b435841ec4,,,
0,多菈宫maid_,bilibili,85445905,1004,2e5eee58-3c86-5a7c-8fb7-6a43fce32bc6,,,
0,橄榄树下的黑酱,bilibili,63038006,1004,99b6d38d-5cdd-5007-8846-e563489b22f8,,,
0,小小智障儿童,bilibili,241342091,1002,78fd886a-70cf-5c43-a92b-871a4651a76a,,,
0,梦九lifeline,bilibili,358569407,1000,93552f17-52d8-5c58-94be-5b9257a3223d,,,
0,烛萄Chloe,bilibili,3493282996816726,1000,ce1e9e63-c023-51c1-a2e5-a5a30c0a284f,,,
0,紫薯丸子_Baby,bilibili,1194936155,1000,5b5ba3bf-6521-5209-ba75-07b2e20105dd,,,
0,萧弛龄,bilibili,1151067510,1000,ea707309-677d-5cd0-8834-1df122874a46,,,
0,迟川miyo,bilibili,10999523,1000,450692f6-ae7e-50b3-86e8-b74bd7fbc505,,,
0,星空琉璃midori,bilibili,389696946,998,5134e99c-1740-5ecd-aec9-fbf0de09421d,,,
0,菟噜酱,bilibili,3461569417579101,997,2cf5e661-9f5a-5258-9a65-55b3697d73e7,,,
0,星见玫奈Mena,bilibili,443608708,996,6ca950dc-0117-556a-8fea-a1a6bf341ac4,,,
0,柠汪汪,bilibili,629184597,996,980af500-6557-5afd-a0a2-0fc04c18faa2,,,
0,娅莉亚Auas,bilibili,1511162162,994,6f32df66-9713-53d1-8c9b-b990bf0bc16d,,,
0,安米雅Anmiya,bilibili,3546820231826172,990,2d24395d-bfb0-52d4-9850-5d5f16ea1c8b,边迹社,2bbb487f-2542-5499-ac57-ebd6fedf1f94,
0,椰果,bilibili,382188993,990,ed10edd0-8907-575c-b280-c62bd74d473e,,,
0,神子杏,bilibili,444234804,990,479a186b-cacf-54f8-8c2d-ed06b848806b,,,
0,渡了个夜雨,bilibili,3494377408170133,987,372bef87-fd21-5aef-9fc9-3a70bcf57648,,,
0,海葵Noah,bilibili,295047677,986,0fe2287a-eb11-565b-9247-0e2e87be3032,,,
0,栗卡Ricca,bilibili,1222026215,985,3140a867-60be-5e2c-a348-0760fd980d10,,,
0,克洛伊斯,bilibili,6121204,984,ef408ed0-f63a-53fb-8e27-977bd91cfa85,,,
0,芙不喱,bilibili,3493113209292834,984,2a94989b-7420-5de1-80e2-2782e8e85954,,,
0,倚水haru,bilibili,3494361539021125,981,8fd997a6-5ae5-551d-86d2-f6d8f39f13da,,,
0,咕咕叭咕,bilibili,1627170029,981,160c3fd8-4ab6-53de-8850-9e8ba8592b25,,,
0,兔问twin,bilibili,3494371741665656,980,19047d81-acad-5bfd-b077-5652027783a7,,,
0,粉茉er,bilibili,3493116912864155,980,47956cdc-36b9-535d-ae88-20b3afb31de9,,,
0,白禾遥,bilibili,3493269793146906,976,afa93635-2b44-507e-a083-d8ee4df25bb6,,,
0,筱离笙Kageshino,bilibili,67921263,976,984bb54e-406c-5ca8-89fe-a915f10b4cbc,,,
0,纳希亚Nashya,bilibili,1100753698,976,e9284515-b4a6-504b-8136-d562cce357cd,,,
0,银刃烤里脊,bilibili,498535110,976,fc6c88b2-41fd-56e4-b2c3-cf9119d6b95a,,,
0,苍暗,bilibili,4968023,975,094c67c9-4aba-59da-a5b0-5def1a90d69a,ChaosLiveSprout,e67fb222-1c4e-5f19-84da-9e8beba2c365,
0,奈奈不是垫的,bilibili,1064029133,974,7c4519d7-f513-5414-aa42-ac5d62078fe8,,,
0,晴婳ぃ小猫驴,bilibili,3493274423658598,973,e27518a2-6aa0-5c38-8435-1569612f8b90,,,
0,继_Tsugi,bilibili,1577826459,972,fa43b344-3fcf-5ff6-8866-77b43b7f476c,—MSD一,4119dbf4-9390-5a1e-8b90-6734005c8b85,
0,星见光,bilibili,11912784,971,afb7d651-4fcb-5992-912a-a875eb5fabf8,南十字星project,cc1ed03e-7840-5738-83b7-b637c02b00fe,
0,creammarchen7,bilibili,392970636,970,9ca4d4f1-d56a-5735-96ad-a44324f15a52,,,
0,娅沙Channel,bilibili,612120404,970,ab056789-3135-5eab-a2a8-608daac2148a,kenlos,c3de0c58-3df0-5a4f-8224-7297a64c95ce,
0,沫尧-MY1024,bilibili,87692438,970,632d7cba-35c6-59dc-bdb2-5e00540f2687,,,
0,松雪安娜,bilibili,1061608795,969,9a5559a4-f58d-5ba4-b753-b9cd62f682df,,,
0,八神やがみyagami,bilibili,3079278,967,b144e6e1-8e0a-54a6-bab7-893accb58391,,,
0,奥格丽梅露official,bilibili,692283836,967,f93fe95c-7239-5250-8cea-c0111636af78,星巡学园,6506d485-2cbc-552f-9337-6d4fc2d9b7fd,
0,宙_ling,bilibili,290734767,967,50383452-a184-5cc2-8030-fa35286f520e,,,
0,玉目绊Official,bilibili,43651295,967,9b8bbe6f-821c-5d51-9580-d05d6e334233,,,
0,芙眠Nemori,bilibili,3493136774990269,967,15bc341d-e765-5153-8e84-007fdbad0a6f,,,
0,雪姬幸,bilibili,3057684,967,6486b1a4-b2c7-502b-acc7-098f272d49e2,Vi-D,faf257d3-81df-564d-b5ae-2d9fd694675c,popiask:Yuki10
0,矢上飞鸟_official,bilibili,2393138,966,40251419-9f16-5b59-8afb-536c4c11afa4,,,
0,Monoise,bilibili,473409,964,8304b761-b83c-5f60-a635-d4b8d750ae71,,,
0,小叫每天都想鼠,bilibili,3493257927461136,964,d38ed159-7da4-5c71-b933-cc48fa0208f8,,,
0,Swabe,bilibili,3494365198551271,963,7d805232-14ff-5181-a542-0884739ff545,,,
0,影森一輝_Kazuki,bilibili,40836269,962,3c35c7cc-6e64-5cda-aad4-c6d404896a27,,,
0,才不怪小熊,bilibili,3494365062236210,962,5c0b11ff-606a-5120-aa2f-82afc9586939,,,
0,壹夜youzoula,bilibili,21911535,961,0fbc2d36-d336-50fd-903b-c3c677371587,,,
0,香缇,bilibili,3493117298739621,961,41a30028-943e-5797-818d-cd550a87fa0a,,,
0,卡布卡,bilibili,26115427,959,a146f8a7-48cf-56e9-b4c5-9bbb46e92c5c,,,
0,嫣珑,bilibili,1899937919,958,28e9d3a0-afab-5600-b9d7-cdc807426293,,,
0,夜崎_yaki,bilibili,12087715,956,04229178-f5ee-52e9-9724-9049c78dd2a6,,,
0,LAN-61,bilibili,2096850363,955,3cc70a5e-7bac-5127-9ad9-a7ea7ce3999c,,,
0,枫雪砂糖Channel,bilibili,229141273,955,927573c9-f182-5529-b1bb-bd5c1c55f63a,ProjectViberglow,fdb3ee6d-3a2e-5bfb-b724-aeb9b223de69,
0,Ron易,bilibili,3546903763486816,954,2b9da505-a8dc-55e1-9999-0080e9d1138e,,,
0,片姨P,bilibili,3493283600796139,953,8df06d48-9f15-5082-9eda-c5fecc52f9ef,,,
0,七海悦玥,bilibili,607630,952,af566b91-4876-5912-8d62-0bcd796659fd,,,
0,贝芙力Beverly,bilibili,3494368679823768,952,3014063a-ffae-56ff-8fd9-15d0cce92c6d,,,
0,可乐colaaaaa,bilibili,3108355,949,da98e38e-4fdb-5548-8d11-cc3cfc0ab894,,,
0,茉茶Momo,bilibili,3546606154549775,948,5aff219a-e220-53ca-a93b-1575b9c7401e,,,
0,西维亚-Sylvia,bilibili,8405021,948,39de0eac-73c4-5fd8-a749-3608dd4c4dd8,,,
0,Isako_official,bilibili,1511924791,947,d74d06c4-1970-5061-9f44-3839a116ba15,,,
0,暖日依娜Official,bilibili,1506353910,947,e6477eca-0158-5a0e-8720-211c9298214d,,,
0,云灰,bilibili,32724937,946,4d6d85cb-15ef-5c05-92d8-47cf597a7579,,,
0,七海雪音yukine,bilibili,3546383673985966,945,31c00907-d0a4-558a-86b6-87687b96133b,,,
0,船儿学姐,bilibili,71657517,943,a2bae92d-8239-52a5-925f-35e8d29ef0c2,,,
0,乐骁_Yuusya,bilibili,492257806,942,3fc90434-c529-5ca2-8a4f-2af202012b70,,,
0,夏樹サクラ_Channel,bilibili,87602191,941,3d71de71-ffa0-57ef-9e73-697868f3badb,,,
0,眠兎小夜_Official,bilibili,245142786,941,985e73b7-5e67-52a3-9a8c-dec1dcb45bbf,,,twitter:nemu_usayo|youtube:UC3Xz4cCvNhKUyYi6w-D4N0Q
0,比西子,bilibili,384981494,940,5e28f466-917d-59f0-8997-6674cab84dff,V-dol事务所,0b7d637d-0ea2-5381-b0ea-81bcff5f13ad,
0,白月Shiro,bilibili,16616117,940,cf3e9d3b-b117-548e-a6fc-97d51cc7dd82,,,
0,雾见花子,bilibili,343747778,940,fad59b95-61e9-5584-b13c-0385d539461b,,,
0,御子柴-mikosiba-,bilibili,1092417210,939,909b6a72-6d8c-5164-8075-8f9df8cfbd13,,,
0,焰狐闼闼Official,bilibili,172302053,938,acdb7ac5-3801-5bf3-98d2-b6e35ac4e383,,,
0,星园花音,bilibili,846128,936,21917a58-1512-5240-8ed9-f8eb1fec1011,,,
0,禁欲kitty,bilibili,3493288487160276,935,820a7968-54a1-5185-9a41-a95b8648301d,,,
0,Alls店长,bilibili,582378,934,3863d7fb-09ad-5f06-91f5-eee7784eacb7,,,
0,提耶凛,bilibili,694327823,934,0a7666cf-f411-5b92-9be0-8419a80801df,,,
0,艾德文娜-Edwina,bilibili,21222067,934,1990735b-c15a-5699-8025-0b1ace7147b9,,,
0,洛弭弭mi,bilibili,3493263679949161,933,05734c9e-d6e6-582e-9d03-d31b6498ee88,,,
0,桃丽娅,bilibili,3494349721569809,932,7a1e2cad-7368-5939-ba66-5d0dc4e6691f,,,
0,泡泡jer,bilibili,3493094498502790,932,dfb2a764-9c5d-53c3-bd42-2794d6bafa6a,,,
0,温妮莎_Winesa,bilibili,452842985,930,2c06aaa3-b124-5125-a14c-95f23c9601bf,,,
0,维奥莉特Violet,bilibili,378932044,930,feddea8f-348b-512d-9d8e-e97faf68e283,,,
0,耶绒uwu,bilibili,270326324,930,3f015b7d-91ac-5618-ad1c-b46d81f05a7d,,,
0,妍妍子rase丷,bilibili,3493141682325882,928,11997077-f16c-5ae1-9b2c-4bdd85bcd075,,,
0,苍羽耀_Channel,bilibili,628535387,928,d1ad0f8a-0302-5ffc-8110-1bc7de5761bc,雨林社,0c0c81b5-fc69-5ee9-a2cb-f77fb303b682,
0,KONO零牙哒,bilibili,1609261349,926,3f84ecf3-0086-56cc-af59-867a8085a532,,,
0,藤__夏樹,bilibili,426,926,6278b740-f58b-5d70-84b5-2724af1f9f0e,,,
0,琉夏Lucia,bilibili,1510373188,925,57d97d79-c213-55c9-a2ff-4d3fbecbf8e4,,,
0,苓汣酒,bilibili,3494375667534052,925,45f13630-e031-526b-9109-5245d8faee39,,,
0,碎心broken_heart,bilibili,3493273112938846,922,eece3cbe-dbd7-5769-a981-c41acef49ab9,,,
0,西尔芙Loki,bilibili,3537113213569178,922,e102a058-134b-502c-ad7f-fd08208fc562,,,
0,诺拉Norah_Krytonia,bilibili,3493261914147096,922,b6ef6a69-b526-52e5-85ab-88d2fa20e584,,,
0,赤猫AkaNeko,bilibili,24895390,921,29cabdfa-099b-5105-bc2d-7d74e387f47c,,,
0,奶油云朵麻薯,bilibili,3494377320089669,920,3de38c9b-8a3d-59d8-9954-71a27c64c5d8,,,
0,流明鹤_H,bilibili,15058395,918,6bf2cdc4-4e02-5f53-a9cc-400cd0d72111,,,
0,捷灵J0の勇敢冒险,bilibili,1245370792,917,0ee7d794-d46e-5ab8-af2c-dfc76207e5be,,,
0,端木墨羽_official,bilibili,2069515097,917,e636926e-6e2f-572b-b426-8f4d03ec16bd,,,
0,阿芮塔_aurita,bilibili,1445260737,917,9a5f088e-73ec-5e0c-bcec-f311e5989b04,,,
0,灵凌Zero,bilibili,3546827183884565,916,37910018-01d7-5162-918a-c1a475ec4048,,,
0,冬泽枫,bilibili,11368670,915,a69d1369-1ae6-5d62-a197-af5c49e1050d,,,
0,墨玉今日算卦了没,bilibili,1884733187,915,c7f76933-2216-5745-a6be-e0a227e3b8c4,,,
0,兔眠sTouch,bilibili,255281598,914,0f6a4c72-a0f4-54fc-ba04-d8216f8698ce,,,
0,次伞tks_Channel,bilibili,38808836,914,18daa32a-7187-546b-b170-0a95bf6c57af,,,
0,沫安娜,bilibili,3546618005555261,914,9eb6d6f6-c665-5701-9a25-bea5627e5070,,,
0,缇缇Titi_channel,bilibili,1672255663,914,44825ece-0132-5387-ad8e-b55aedb3ec52,,,
0,银鸢Kin,bilibili,3494373029316794,913,6a2c0c84-d08f-5869-97a0-8f96d9f155de,,,
0,komako_02,bilibili,5494366,911,0770f520-2bce-51cf-a412-5ed9e17d837a,,,
0,柔咪_romi,bilibili,17806540,911,73b180c3-faa1-57c7-8aa4-115bf23728a9,,,
0,娜瑞丝niko,bilibili,476186393,910,572a321f-ea93-5e9f-bae6-612e975a964a,,,
0,北上双葉official,bilibili,441666959,909,682ee316-7678-5447-b85f-327f06c85dd8,.Live,02f5f560-4646-5fcb-ac58-81279c7e2c1e,
0,凛樱_Lianne,bilibili,3537106083253012,908,a7c7d085-dcf9-5d9a-926c-e2f75510424a,,,
0,栗子猫azure,bilibili,42994351,907,2153d163-e23b-53f8-944c-3d5012b306a5,,,
0,亚喵莫伊Cha,bilibili,454512699,906,4d71732a-fdbd-52c5-b27f-47f9618d5107,,,
0,桃灵Yami,bilibili,3537109224786151,906,6edf9502-5179-55b6-947a-86d89a29863c,,,
0,甘沼ほより,bilibili,400753692,903,42dce4a6-52ee-5877-997e-10152e0f19d1,,,twitter:amanuma_hoyori|youtube:UCUYa5UZVandk6i6g6nL95sQ
0,野心与伱,bilibili,3546636565351393,903,1f7f850f-8ea9-5523-a881-f0e4116f6c1e,,,
0,北川洛莉儿,bilibili,5465147,901,cbe9cf02-21d3-517d-b9a6-2dd3e1d75dcd,,,
0,慧柠lemonade,bilibili,2042014042,900,22438c6a-1bb7-5de3-ac45-b897586f15f1,,,
0,金剛いろはofficial,bilibili,441666962,899,96207f81-3ced-5b8e-a219-65c3de8de434,.Live,02f5f560-4646-5fcb-ac58-81279c7e2c1e,
0,汐雾,bilibili,2060269516,898,10629625-6db8-5733-814a-6b49225f98c8,,,
0,花见泽suki,bilibili,1774708231,897,3cafadca-4daa-5f48-a4cd-03bba7288150,,,
0,モモChannel,bilibili,6168451,894,f1fedcf9-c75e-547b-be20-1cce961d4085,,,
0,萘晞Naii,bilibili,1468799781,894,24a6e9d2-37c2-5e95-aeec-7518b0e1706f,,,
0,津島しゅうこ,bilibili,3573423,893,be9895d0-4009-55ef-a437-cca768f4c8ce,,,
0,夜莺小猎,bilibili,245170535,892,934b5a4d-be0d-5d44-8ba0-bd3eedf1d9ee,,,
0,しろいぬ,bilibili,1782710,890,e00dcc1a-c122-52bb-8e69-003831cbaa5f,,,
0,小池真奈Mana,bilibili,3546378280110877,890,736796d6-c39b-58a6-9360-d1e8f2d047a0,,,
0,诺诺LIyux,bilibili,166751785,889,1b0d0496-bc4c-5c91-9d6d-17e759631a5c,,,
0,兔子Tooza,bilibili,8384331,888,0e2015ea-a2ce-5aa6-9061-928b23c2e824,ChaosLiveSprout,e67fb222-1c4e-5f19-84da-9e8beba2c365,
0,幽夜_Uye,bilibili,195670272,888,7665a9a4-bc3a-5b20-8046-a5b01c9155ae,无限殿_Infinite,fb2c595a-af26-52f1-b433-bf339409d3d4,
0,酒酿小鱼干,bilibili,3493297739795143,888,1a36aa4d-ab7c-5a87-a6c0-4c5f4e4a4cba,,,
0,铃星offcial,bilibili,3632318652615406,888,e2f67d5b-93a6-5dbf-b9a4-749fd78c820e,,,
0,可可柰Naiii,bilibili,3493141877360711,887,06db0e7d-9721-5da9-99ff-83cf98371c69,,,
0,塞娇-Starita,bilibili,104687464,884,0df22013-c81b-5e24-98fe-aa72e77ed26e,,,
0,枫屿流_FyL,bilibili,13415361,884,68a6b1e5-19c5-5de6-81f0-2f3ae73f2f1a,,,
0,砂那Suna,bilibili,526076641,883,73cf521c-ed6a-58d6-b895-48cf71a8d787,,,
0,艾唯妮Venin,bilibili,241752602,883,b63eaf0d-0bb4-5626-9c41-fb40e2e94076,极光社,9548b50d-dbb9-5b8e-9a4f-a86239ac14ca,
0,鬼小怜_lian,bilibili,263180148,883,aa31fded-c7e9-55e5-9177-5e9458228bcf,,,
0,上原鱼青,bilibili,161803,882,52af8ed5-0bb6-53c4-916a-0bcc758aacd5,,,
0,倦糕糕,bilibili,3493145713052588,882,77809737-6f07-523b-9e4e-e4b3fb66f344,,,
0,苏月suyue,bilibili,3493141818640880,882,2597c58f-18c1-577c-b395-82347e0bd5ec,,,
0,卿鸾Juzy,bilibili,612160608,881,d64a6240-43db-5ed0-aab5-94be364f478d,,,
0,狐小软,bilibili,1799948866,881,21bb0b75-79ae-5de4-902f-6048d395d967,,,
0,笙宝宝a,bilibili,649379359,880,52ccb221-4bf6-569c-8308-bb725f2672d1,,,
0,太白暹罗,bilibili,20769745,879,30f0c9d7-5bea-51b4-97cc-34b62857c61e,Vidol工作室,7bf7dc58-48f6-55cd-8bdb-cf5fa31d8a77,
0,狐尾润,bilibili,1504594318,878,f635a5d3-06af-5d31-b3ef-9c83574811b4,,,youtubeat:KobiUruru1005|twitter:KobiUruru
0,星見ユギ,bilibili,212553,876,3b40af1c-8f6a-5535-8122-f27f8e8a1347,,,
0,蝶依依--Dreamer,bilibili,22870102,876,ee3111b6-8734-583b-9efc-510c30697d55,,,
0,千浪雪乃,bilibili,3493079816342483,875,01abd8b2-2e55-54d5-be2a-738a98b3e596,,,twitter:Chinamiyukino|youtube:UCb6wjnhSF16KwTcksh0vqXg
0,洛小霜吖,bilibili,3493117227436462,874,4525b5b0-c509-502d-bd04-9a74d962e05f,,,
0,笙笙,bilibili,1751407065,874,65fdfe05-8468-5845-a387-f539554bb8bb,,,
0,星宮乃乃花Nonoka,bilibili,4376323,872,53db6cad-c4dd-51bf-9bcb-f14486c272c0,,,
0,柴田草莓,bilibili,22943325,872,f7c515af-52a9-57ea-aac5-781a8962685b,,,
0,春日野樱_Sakura,bilibili,1734617309,871,9618f280-605d-5f33-b5c1-d417265b7eec,,,
0,鸴の羽_channel,bilibili,20558903,871,59eb1004-1c0a-501a-8ea5-10422d88db24,,,
0,Ooze欧兹-channel,bilibili,401090194,870,ae92a9d1-10f5-5234-9d3d-8680496767a8,V_G研究所,30f0a6c7-e49d-56b9-8dd9-60bf6539212b,
0,月海Kura,bilibili,3461571967716068,869,8ce751ec-6c09-56e4-a6f3-1c94fd6804cd,,,
0,麻仓叶童,bilibili,429866241,868,5d9c4cbc-1026-5944-a692-86e85d8ea3e2,,,
0,冬日喵Neco,bilibili,631383652,867,7cd896bf-9be0-5a3e-b61c-b4ebf2375070,,,
0,菲林萨库娅,bilibili,49441966,867,65c4b451-5adb-5d6b-a078-eeaf75a2f572,,,
0,Nowhere_終末少女,bilibili,539690295,865,02d9c257-77a2-5f33-ab7f-637925a8522c,,,
0,火野由莉,bilibili,495171954,865,f7d133c8-708c-5b31-aa4a-478c62f3604d,NornsProject,d3d6111b-0610-57fd-af15-f0569ea0ba0a,
0,狐阿蒙,bilibili,574322,865,82f99856-01c8-50bf-b0f2-6bcc82d5a416,,,acfun:462905
0,狸花もこ_Channel,bilibili,500451641,865,fe67cba1-770c-5517-a446-27d5842655c9,夕映结社,820597b7-9f1d-5ad4-83db-66aa8aef89f2,
0,瑾言きんげん,bilibili,292992974,865,a231bdf3-1e59-5f9c-927d-00e6405da62c,,,
0,小林かのんOfficial,bilibili,385579511,863,16c5727e-72e1-576a-89c6-0d3c013154d5,,,
0,瑟薇尔,bilibili,519874142,863,3c9d2a7e-e942-5542-9c9a-2eb27ad0c15f,,,
0,心碎小野,bilibili,3493262440532294,862,20bd3b6f-3366-505a-8671-b882cc06fbd7,,,
0,莲子_Renko,bilibili,1385262,862,e7e1cffe-75e8-5bb9-84f6-1635908bb6f6,,,
0,七鸽O_o,bilibili,3537114020973336,861,62735a5d-5f50-5b0a-bfcb-5b545115f704,,,
0,猫庭ネコロ_Official,bilibili,7375144,861,58642164-35c2-5834-a78c-f826c59a0a5f,,,
0,银粟Sumi,bilibili,3461574085838859,861,90af172c-9417-5ec9-92b4-d2a0ac4d4693,,,
0,安曦Anxi,bilibili,16957103,860,1b153525-79f4-5be7-bedf-24ddc258507a,极光社,9548b50d-dbb9-5b8e-9a4f-a86239ac14ca,
0,恶霸叁叁San,bilibili,3494357770438974,860,0656b48c-ce4f-5298-8af4-e66860eb17e8,,,
0,茶茶channel,bilibili,486136377,860,3ad22ee6-d9ef-58b4-b84f-0144390fb2df,V_G研究所,30f0a6c7-e49d-56b9-8dd9-60bf6539212b,
0,音音酱Kitty,bilibili,1207968536,859,9d9f09cc-d8aa-50e9-80ec-dc21db77ec85,,,
0,小葵花_Channel,bilibili,13740989,858,92cf039b-0c19-5ab7-87f7-f5614c714c74,,,
0,柯梨涵Calista,bilibili,3493262530709630,858,36a9a484-7eb9-5d8c-b90d-4357cb814bf6,,,
0,Evelonda-飒旦,bilibili,1502437,856,0a38dc23-5829-52be-b283-5853d5df04d8,,,
0,可希,bilibili,163010740,854,58f6a50f-f391-51a7-be3b-b7965ad30187,,,
0,空格子,bilibili,2507525,853,4aa28c3a-7e37-5116-8355-ea333c6d7f76,AVP古流社,a7372824-0ebf-5683-b7a3-550ab1c13f80,
0,霖霖院长,bilibili,3493276877327200,852,7654e5f0-8079-57cb-82f0-86ff067879ec,,,
0,冬妮娅Tonia,bilibili,374444,851,de50f7fe-8672-5dcd-a263-5552ef1592bb,,,
0,栖黑_Official,bilibili,485591945,851,f5d28700-58e7-59c3-b68e-8f72b713f7eb,,,
0,眠蛾OnAir,bilibili,3493270650882244,851,fe938ffa-77aa-5df8-ab5d-7b7155c353ed,,,
0,薇拉Beepa,bilibili,3546880053086900,850,0877d19f-6cd2-5608-bdca-558e372b3c68,,,
0,与朵小天使w,bilibili,14041583,847,0ea3d644-9c83-52a4-994f-13fa54c89da4,,,
0,奈奈-hola,bilibili,3461574473812229,847,158b51ba-d10e-50e1-a570-40849bdb6732,,,
0,酒心mi桃,bilibili,3546636005411410,847,51750320-d6a2-5997-aee7-ffacc7ce7b69,追光社,72121bcf-cb42-50b2-93d3-9a83cae702f8,
0,王剑Official,bilibili,12431536,845,5079cb2b-1206-5fbc-a6d3-b97798c37614,,,
0,舒卡勒托Scarlet,bilibili,2909683,845,be4a90b9-2d44-52d8-8573-6d19bd6cbe9c,,,
0,云开开,bilibili,3493091537324616,843,d1d9ab4d-6e6f-5ab7-bfc4-07af3ce752fc,,,
0,栗旬QwQ,bilibili,3494354205280936,842,38d94edc-2a8d-5589-99b5-c725bc5c578c,,,
0,槐荟_Sylvia,bilibili,3494377261369501,842,1b678f52-426b-59ac-a3b7-f91d4f27e969,,,
0,星夜孤云Xingyun,bilibili,451818591,840,753735e1-b41a-562b-93ca-806e4dd60fb1,,,
0,猫乃木もち,bilibili,441666960,840,c753906a-6ea2-51d5-943b-d8d39485e315,.Live,02f5f560-4646-5fcb-ac58-81279c7e2c1e,youtube:UC02LBsjt_Ehe7k0CuiNC6RQ|twitter:nekonoki_mochi|userlocal:493C58114DF1FAE5_500eff
0,波塞冬阳,bilibili,281556529,839,735a5c8c-f1d1-53fd-ad86-2e553c7805ce,,,
0,特妮缇Tranenty,bilibili,1894717091,839,48c079da-2981-55de-92db-aa347ecadc0b,,,
0,甘霖Gerlin,bilibili,59855155,839,c1316f47-9706-5696-bb7b-594a9a7f0341,,,
0,知慧ChihHui,bilibili,3493111426714457,839,6ca04857-1890-5abb-ac7b-513273ce3f57,,,
0,鹤鹤不咕咕ovo,bilibili,20436303,839,ef6e7c2e-0f27-5104-9dfe-70dede230e83,,,
0,珂珞哲official,bilibili,1829633422,838,f9b9b521-1d86-5c62-86bf-471a0a8124f4,,,
0,哈尔温娜_Halwena,bilibili,4069400,837,d551865f-8b3f-5ea1-b38e-bd99bf58bdd9,,,
0,姜也Gin,bilibili,3493294686342117,837,02f2433c-1ac8-518d-bfcd-75e65b4a821a,,,
0,愛内薬尾Syringes,bilibili,517035315,837,80380d4c-458d-5426-9c59-b125089b5a36,英灵殿ValhallaClub,9149cba3-59e7-5dfe-84a4-4a8d3280de91,
0,叶灵,bilibili,3493293239306390,834,491c0091-d50a-50fb-9f3a-c0ccb28d4123,,,
0,太樱Tasaku,bilibili,3493144272308833,833,4390224a-e367-5ac6-999a-0e0dbbd537f4,,,
0,雪见世子,bilibili,269918,832,d810f239-e428-59a4-bd3e-6eb0d21ccf4b,,,
0,鹪纳森mori,bilibili,7050639,832,3cfb5638-af42-5724-9177-dc81b97b608d,,,
0,夏远星,bilibili,86710126,830,c1245748-e9b5-5928-aa2b-c9599642b3dc,,,
0,石小坨,bilibili,3707016396671651,830,efbd3806-908d-53f6-8c2a-4e1be378f515,冬日之家Ultra（北立交桥）,748b837a-0f27-55d8-aae1-695e4cb77aff,
0,春原朔良,bilibili,392023656,829,59aeeaee-4ca5-5c8c-8dae-06c1363a5d44,,,
0,赛薇琳,bilibili,7396511,829,2e45422e-c609-533a-a27c-d66642a5eaa1,,,
0,Nagi_小凪,bilibili,3493299188927189,828,6121a08a-e751-51b8-af5a-7aaa739d8f5d,,,
0,Camellia焦淌,bilibili,11646880,827,615c07cd-12b1-57b2-bea8-6c972033462f,,,
0,灵瑶linao,bilibili,3546853408770154,826,56705226-6d7b-5af2-8d3f-cde443095f40,,,
0,琦Aki,bilibili,552080,826,a93c68c7-48ce-5668-9531-c1c73aa531ef,,,
0,樱色风铃mw,bilibili,96457812,825,33fac334-ab26-5e3c-a947-9b61a2581157,,,
0,米什Mish,bilibili,6975419,825,d809130f-048b-57fc-8541-bfc3a3eddae4,,,
0,ゆにゆにこ,bilibili,387792431,824,2927d301-b395-568f-b83c-ddcd73a07f21,ReAcT,6696f9f6-e159-5fa0-882a-1b1213a68556,twitter:_uniunico_|youtube:UCmTcayoDVo7HXAAV_mquHEg
0,长庚,bilibili,314451660,824,d67f41f3-34dc-5d45-8516-885486f9986f,,,
0,十六夜无明Vita,bilibili,2456898,822,83fc9460-06cc-5bd4-a238-deacc43d3694,,,
0,萝巧Mocho,bilibili,3493132612143334,822,0070a90e-7900-5a95-9fb4-26763e458c7d,,,
0,星遇Star,bilibili,3493266529978876,821,691bf1f1-ad03-5525-b500-2a2272ae7bb3,,,
0,蚊主任,bilibili,10039139,821,3aeca963-d283-564f-8379-64761cd794be,,,
0,梦奈Yumona,bilibili,3493259716332465,820,81804123-b63d-58a5-9385-9003a7c1dad2,,,
0,阿允,bilibili,36230471,820,d34be4b5-e9a0-52ef-b487-bcd6396147f3,,,
0,翎音酱-Channel,bilibili,521137269,819,bf45555c-9923-5b38-87b1-037b5345a623,,,
0,阿怖兔Channel,bilibili,637600,819,d479d5b1-2e24-54b0-9570-8cb59356ec6b,,,
0,岚玻rimbaud,bilibili,3546911451646314,818,524f8944-35c8-583f-afdc-d7055f572d5f,,,
0,五十岚Lucain,bilibili,6092677,817,517b230a-486c-556b-a7a4-e37b259d4eb0,ChaosLiveSprout,e67fb222-1c4e-5f19-84da-9e8beba2c365,
0,星灯遥tomori,bilibili,3546852368583453,817,8ca0a131-61e4-53f7-9cdf-6e2150fd1f20,,,
0,淇淋_702,bilibili,3810286,816,ebfd5141-90f7-5e14-af4f-5ab4151c6419,,,
0,皆月游兔Mizar,bilibili,3493131081222651,815,873459be-22ae-5275-b1c2-2056d92a0ca9,幻想社Fantas1A,5074200f-7ef8-5480-920e-6c21f74cedd6,
0,花朔,bilibili,219563792,815,4778ddb2-1224-5c0d-9390-be8e16450402,,,
0,荔子Lizz,bilibili,11901723,814,ded4b398-4f7b-5ef9-8610-de227bd18761,,,
0,千寻千禧Chihiro,bilibili,34628701,813,27fe0415-f793-53d0-9b62-4ae3a9ff0b58,,,
0,悠璃璃Yuri,bilibili,398672127,813,8c2014c9-6a5a-59e0-9545-154885d8aa43,,,
0,松山雀suzume,bilibili,8371469,812,755ae48f-729e-5722-908d-52006b7ab0d9,,,
0,艾琉Alleot,bilibili,79415186,812,76c914b7-9fcc-5cc4-9a17-e5364699b7cc,Vi-D,faf257d3-81df-564d-b5ae-2d9fd694675c,
0,凉凉懒大王,bilibili,3546613265992101,811,a02de0bf-81ec-5f54-af66-ad8c300423bd,,,
0,露茶99th,bilibili,3493290940828100,811,b0a589ae-d436-5d21-870d-08d9d1f2cd51,,,
0,ET_Channel,bilibili,431079713,810,120ba163-c69f-5a8b-ae7b-6fd213e04c22,ChaosLiveSprout,e67fb222-1c4e-5f19-84da-9e8beba2c365,
0,冰雪的次元酱,bilibili,25395147,810,0a0a9c03-d6e3-5127-892b-1883d927bbbd,,,
0,勇凪Elena,bilibili,2336751,810,d1e73c0e-aeb7-53bc-885f-904c71119ed4,ViViD,e0c583c9-7625-53bd-84c1-5cca0c419a7b,
0,七念official,bilibili,661825871,808,fe6039e6-803d-55e7-b640-267264475d46,,,
0,是琐鸢哦,bilibili,211893076,808,99f2daa2-2b73-5cf1-ad32-4a47f8b096af,,,
0,小沢可可,bilibili,3493094301370589,807,600177f7-f9f5-56b3-b045-006e7bbff836,,,
0,希芙莉Sifly,bilibili,3493119064542016,807,4802941f-9d6c-570f-b76c-9f3669d08e70,,,
0,月初,bilibili,3537124330572529,807,c9e19ea0-524d-578d-b880-211db57a6882,,,
0,避否_鸢歌,bilibili,3108740,805,dbe1d2d2-f5d4-5936-888e-05acdff77868,,,
0,七夜月十夜,bilibili,1548911,804,249bd211-4d54-5159-a6b9-e4199d54bc61,,,
0,莉可Riko,bilibili,6058674,804,6b9819b0-a43f-5700-b287-cb8dc7c22d13,,,
0,魅小柒Seven,bilibili,3546383518796456,804,07f6e6c4-bb78-5e61-9006-481b0eec9549,,,
0,尾塚洛琦_Official,bilibili,702353901,803,bf4588eb-2595-5596-8aec-c27065939fd6,,,
0,町风棉Fumen,bilibili,3494379144612435,803,739304ef-e50f-5ddd-9743-606890cdb5ce,,,
0,白羽梦YOMO_Channel,bilibili,29473017,803,bd525e8a-2f21-520c-8aaa-cc1e68539341,,,
0,林大王ouo,bilibili,3690983151634818,802,d4f95e0b-a297-59be-bb28-28f6f9f7312b,冬日之家Ultra（北立交桥）,748b837a-0f27-55d8-aae1-695e4cb77aff,
0,瑞蒂Reedy,bilibili,3494354528241819,801,2d782d70-6ed2-58fe-88ba-ff4acf915d9b,,,
0,ヤマトイオリofficial,bilibili,441666961,800,88ca449c-e91d-598b-9080-1cea11931d34,.Live,02f5f560-4646-5fcb-ac58-81279c7e2c1e,
0,千羽喵音,bilibili,3546889192474904,799,4e743eeb-c68d-557f-9926-49a3bc483cbf,,,
0,琦琳Kili,bilibili,3546386112973684,799,5ea97c13-7701-566e-a065-93775891a7d8,,,
0,噗咪酱Pumi,bilibili,1014436619,798,9d938550-c6e0-5980-b5c2-7f9cb02257fd,,,
0,橙良夕Official,bilibili,9825449,798,ad50af07-8cc7-5f7b-a2ca-ad19411d4195,,,
0,南殇芙Nesarf,bilibili,11247581,796,ece753ca-13e4-56d6-964e-fc95cc7eef9d,AVP古流社,a7372824-0ebf-5683-b7a3-550ab1c13f80,
0,白百佳弥_Channel,bilibili,22156788,796,54859d44-0052-5447-b9f9-d2abc118b5c5,,,
0,祈風Tako,bilibili,615370462,796,50385bbf-ec17-55ad-a579-9f2e5096035c,,,
0,神山饭团,bilibili,3494353278339242,795,fce665fc-8a10-5a8f-8eb0-41387b8490b0,,,
0,阿琼总是打瞌睡,bilibili,859670,794,1a286a7f-7f02-5c8e-889f-bdd0766f6bc1,,,
0,天清天临,bilibili,37896248,792,bbf0f90c-449c-5607-b133-62766ed83d60,玹云社,a629223f-5cb6-50df-8d28-5400b4d1c497,
0,奈特Niet,bilibili,7514914,792,76071105-54c8-5e51-8c5d-1726ccdb6bc8,,,
0,小金offical,bilibili,375808112,792,fac45c40-70d8-56ba-936f-39901e32d2fd,,,
0,可乐阿呆-KeleADai,bilibili,3493281044367818,790,65905ba9-ea27-5194-8255-613bc1f12906,,,
0,若伊Rye,bilibili,3537105848371683,790,0b32b210-c82a-5b80-9398-1e07cf7ea87d,,,
0,陌雪儿Yuki,bilibili,3546635799890710,790,0fcc8a49-5e31-5e00-9c05-ea286b4008c5,,,
0,泽恩_Zein,bilibili,3537105510730019,789,159a5796-e679-502b-a97a-305927a0570a,,,
0,艾璃ALi,bilibili,37774596,789,261745f0-904c-5adb-9c6d-32fa66d08e87,,,
0,战月Tsuki,bilibili,7196493,787,e98fa341-ce47-5520-923c-5896ad157b63,,,
0,茶绒绒Kiyu,bilibili,3494350017268336,787,466d792d-4ca0-5661-b120-c10bcf686f2d,萌芽社,11361482-308d-5313-8597-96d3d8d7170a,
0,爱思_可莉姆Official,bilibili,3933515,786,2f8d990d-325d-5e7b-a5c5-5112cb9c5e68,,,
0,兎嵐,bilibili,2327673,785,e926839f-6734-5c39-bac8-66019391042e,Normalization Project,ce23afd2-6f1a-5106-b1d6-09980187f549,
0,艾蕾尔Ariel,bilibili,15354797,785,caf7156d-ae06-5781-85b7-78583eae0f32,,,
0,伍尔夫拉姆_official,bilibili,435201473,784,786408e3-51c6-5ea1-835d-f5672e643f3d,,,
0,水瓶的深夜食堂,bilibili,405315164,784,8d7ebffc-1731-5afd-b739-a86bc489b99f,ReAcT,6696f9f6-e159-5fa0-882a-1b1213a68556,
0,驿双Ethan_Channel,bilibili,640418942,783,3d8c7ea9-e7be-58a5-86d0-6da7eb815db4,,,
0,库洛一_kuku,bilibili,285653729,782,01d1c881-51ea-57db-adfa-92f2cabbc945,,,
0,鬼母黑花,bilibili,40114926,782,c3b4e624-0254-5815-b075-102c580c5e07,,,
0,可可の小时候,bilibili,3546589840804264,781,82e83d91-ac27-5444-aa47-90db85fb0ba4,,,
0,沉舟眠w,bilibili,3546887846103248,781,a4e53fde-9b6a-517c-9d5e-b9d6202a5ae5,,,
0,珀卡萝拉,bilibili,695636331,781,e6852bd3-c419-5e54-aa3b-3d4faba185b1,,,
0,小6吖,bilibili,3546379582441606,780,e061535c-7bda-5d27-a9be-e36265d26efc,,,
0,桃司小丸子Maruko,bilibili,3493124452124890,778,f926804b-e501-5be1-be98-de7cfb219f69,,,
0,兰悠悠yoyo,bilibili,4644514,777,845cb88b-a887-5041-afac-416f1181a5af,,,
0,兴登堡Official,bilibili,31496716,777,521eeeeb-6ac9-51dc-88bf-42eee12c864b,,,
0,欧尔贝露Official,bilibili,13855085,777,6e13e602-1be2-5806-be44-33386b1a30c5,V_G研究所,30f0a6c7-e49d-56b9-8dd9-60bf6539212b,
0,-腾蛇-,bilibili,517215014,775,4aac048d-7d67-5012-a6f7-7c40211273b7,,,
0,遠野莉緒奈_Official,bilibili,1044549980,775,b39f651d-148c-5f58-9370-b5bb7e917844,,,
0,八朔めり_meRi,bilibili,531326,774,6aa055f6-be8e-5e3d-9fa4-f78eb8722e0b,,,
0,凛可りんこ,bilibili,169156719,771,9a9b1fda-ae8a-552b-8edf-b8c9abadbc2d,,,
0,神乐不开心,bilibili,3494373893344009,771,16036a89-6065-548d-9c37-061865e27786,,,
0,Nekunoku,bilibili,475348474,770,004c1fc7-78b4-5f59-b183-def620e74ec1,,,
0,墨喵ink,bilibili,3494354089937852,770,569f651f-09ab-540b-8d69-5a753a87ed11,,,
0,离锶,bilibili,692104635,770,d6aab560-e6b3-51a3-96a9-0037acf739c1,,,
0,南夏の月,bilibili,3494378660170224,769,5c352edf-a972-5047-95f0-741c1b3ac01c,,,
0,羽蛇是我,bilibili,3493293948144615,769,76b4a2e4-1e03-5c59-b124-0652e7b09a38,,,
0,幻月丶ルーリア,bilibili,18400646,768,73d5fb08-913a-5f8a-8950-3b70593db55f,,,
0,鯨魚躍清魚,bilibili,612700521,768,f9dca356-2930-59d5-88a0-8e7438089a6a,,,
0,樹枳丶,bilibili,37913961,766,af9382c5-545e-56cc-8f26-8bb5cbfde094,,,
0,肆拾肆Jyushi,bilibili,3494354750539778,766,a0866855-bd8d-542a-8998-7dd09a13a742,,,
0,七安安Tsuki,bilibili,3546381048350924,765,65b69bb7-95f4-5092-aec2-efca9d59d83e,,,
0,渊huchi_Vgamer,bilibili,430328256,765,9aa4e700-1a54-5e23-87f2-c6542aaf8d91,ChaosLiveSprout,e67fb222-1c4e-5f19-84da-9e8beba2c365,
0,迟漾Bastet,bilibili,454385633,765,b2af2e6b-4e48-5081-b900-9a3c0d7895f7,,,
0,一焰_Makuma,bilibili,2055691,764,a48b8eae-ad48-54a8-bec1-d9721169ddb2,,,
0,MOJIもら,bilibili,6189012,763,ac1ee10e-c33e-53a3-a20d-51f09fcd01cd,,,
0,水本无悠,bilibili,194644796,762,c405a4f2-9ab0-5d16-9ea5-a44638698404,,,
0,库玛斯特KuMaster,bilibili,544677114,761,a759fe90-4896-5911-ba6e-6a379cde175c,,,
0,单单狐闹,bilibili,3493264013396487,759,29948746-74ee-5abf-9745-c42b6052ea34,,,
0,弋库菈Yikura,bilibili,13213677,757,d8c53258-7cf4-5d81-8c6a-4201975b5dd7,,,
0,伽罗厄_Galloe,bilibili,2063005265,756,a80f7d40-9ddf-563c-8a3a-d9acd74003dc,,,
0,柚乐YORO,bilibili,1380564420,756,427509a6-059f-5a7b-9fe1-7caf25378a2e,,,
0,栗栖陆Riku,bilibili,1334497126,756,2e321ae8-44ed-5461-8a31-7e496df0c518,,,
0,缇诺_Dino在恰小鱼干,bilibili,1926986371,756,6eb301ad-be72-55c4-9968-a7cf13bb41ad,,,
0,Sylvia潇童,bilibili,314854932,752,8fdba825-670e-5b5f-be61-a49e140a1c26,,,
0,天音绮罗,bilibili,3706991608335014,751,c3411932-f1ea-5dae-baaa-ecdef5b88fc3,幻想社Symphony,89e5da70-fabf-5934-82bd-9e0ee5012474,
0,戦-ZHan,bilibili,4600451,751,cd4ee0b8-e733-58d6-8f33-fb521d652ab5,,,
0,芺狸Olea,bilibili,3494354716986288,751,0d153003-2bc4-5e03-8209-d866f6799311,,,
0,月下芙兰Official,bilibili,11726298,750,c3a5fb26-be12-5fee-981c-ec31f23c4051,,,
0,沅舟_Yzhou,bilibili,3493271986768596,749,769f89bc-f175-56ea-ae3c-bf0541d8f1d6,,,
0,香桃紅Official,bilibili,670241921,749,695e933f-18dc-577a-a35d-02a09adf8b39,電子妖精,003983a6-421a-5e75-93e1-841d5c8ee9f2,
0,PECO_VTuber官方频道,bilibili,383677796,748,39a2a5de-39e0-53a9-a1e6-4a249d6d497a,,,
0,猫沢沢沢,bilibili,214655,748,039805fe-5052-55e5-a35c-2f8cff5ce367,,,
0,Su_咪,bilibili,3546706467620927,747,aac8e580-4b00-59eb-8303-48b5b1ce9a96,,,
0,冰箱旅人,bilibili,1518831,747,8df4d672-23d2-5c53-ad20-a260950027b2,,,
0,美芝Channel,bilibili,13324696,747,bec9595c-a0aa-5cb2-9662-9ebe824e5fac,,,
0,巴班尼特尔晴,bilibili,12678325,745,444a26e2-9c80-5cdd-ac63-bd106a11fa9e,,,
0,菲尼_Phinney,bilibili,3493123558738508,745,6e2c5930-e545-55f1-9f5a-e817461d0559,,,
0,时堇_Tokki,bilibili,565286306,744,2780922d-cebf-5f5e-9ac0-8fcf62cf3bb0,VOMNIS,a9c452b8-faba-53d1-92ad-83337135e2c3,
0,千葉瑠璃,bilibili,32926827,743,218916b8-994f-5101-83fc-6826ab3460bf,,,
0,澪音Rein,bilibili,3690984841939562,742,44052df7-8e5c-588b-9254-c84d518207c9,,,
0,丹炀,bilibili,291976608,740,9acf6ad3-d603-5ec4-abc3-3ef8192b989b,,,
0,珂蕾贝雅Gliesaray,bilibili,4695879,740,6ef3dac6-7998-5c0e-8351-c015fa0b8b5b,,,
0,日向葵_channel,bilibili,8492335,739,b062ca91-a057-55e9-8aef-460e1f863907,,,
0,鸽本熊,bilibili,16223898,739,55fafe55-7e2b-52ca-b7ff-c0a6ca5d8fe7,,,
0,白音沉狐Crimson,bilibili,3493259080894603,738,d707f53c-1475-52dc-9493-c4738a4be461,,,
0,夏夏listo,bilibili,145093661,736,c63ac113-3a0c-5733-af22-ff2384010116,,,
0,归溯_允,bilibili,3493272487987563,736,6d50a9a6-1c60-5439-aab0-36a71d8fa311,,,
0,Lily是非酋笨蛋,bilibili,3493120152963117,734,a454bad9-b55a-561a-8ba9-6b50b4cca581,,,
0,妃理奈_Rina,bilibili,671675297,734,9f80f0d7-2c6e-5355-97dc-202a415c3fd7,,,
0,北岛砂糖,bilibili,3252395,731,fbc86484-1db2-5c00-9c6f-779b1d3bb908,,,
0,月宫鹿鹿_Channel,bilibili,480285421,730,3cf646ef-0afb-5c39-8242-895cef53316b,极光社,9548b50d-dbb9-5b8e-9a4f-a86239ac14ca,
0,纸箱宅_channel,bilibili,155957707,729,f16a5b14-4087-5afa-a0b8-319cd22fb199,,,
0,科陇Sweet,bilibili,1327350405,728,20a4e338-239e-54aa-909c-239c7d778ef5,,,
0,时梦_Yume,bilibili,673893474,726,00eaaa0d-0418-5f9b-8ece-5c001301c773,,,
0,星奏郁兔,bilibili,623039484,726,9c0906d3-d0e8-5414-8232-e919e6586df2,夕映结社,820597b7-9f1d-5ad4-83db-66aa8aef89f2,
0,蓝川恩Aikawa,bilibili,3632300399004581,726,6a185841-6b5e-5f85-9440-64dd93f8fa5a,幻想社Symphony,89e5da70-fabf-5934-82bd-9e0ee5012474,
0,丝绒城堡,bilibili,1200847627,725,36f5958b-c253-53ee-be10-cd6e61585736,,,
0,旺财姓柴_Qfficial,bilibili,611116531,725,c1d2521d-d2da-58a9-ad92-79c27a1848cf,,,
0,陆艾萌,bilibili,574556022,725,8bb16239-b0ab-5963-9cfa-4436f4346041,,,
0,桃子没有在摸鱼,bilibili,1970372013,724,ee3696ef-c8a2-5f9a-b71d-7f1f37e5dba0,,,
0,Nai_早川里奈,bilibili,3494354922506652,722,caa75832-a80c-516d-986a-ee20855241b3,,,
0,安奇Ankie,bilibili,3546374440225548,722,bae0629c-0be4-59f5-837a-06492ece0219,,,
0,林灵尹Wine,bilibili,3493122801666728,722,1bf6d7bc-bd3b-5df4-b2dd-f54383fbef17,,,
0,海胆黑二号机,bilibili,629350367,722,5e5cc39c-4a96-5436-9d1f-8a9c5d7a0323,,,
0,妖尧er,bilibili,1607295049,719,a690ce3e-e72e-5475-80c7-c4042dad03cc,,,
0,睦月よしはる,bilibili,33738821,719,373d5237-7127-5ad7-b2af-e4361744741e,,,
0,霧島アラシStudio,bilibili,31079374,719,800970e8-d3d6-5019-ba6c-49d8e8f9cc27,,,
0,魔拉echo,bilibili,3493273354111113,717,6b5bd133-a2ee-5279-b96d-847618a63dbb,,,
0,伊千代,bilibili,10730849,716,6b357885-cb8d-579c-bb1f-f324284a2317,纸片人计划,cb8f50eb-2127-5a65-acef-df8ebe3743a4,
0,佩亚Peia,bilibili,179637987,716,29239341-b1e8-52dd-814a-32de39b32ff5,,,
0,裸奔的甲鱼Official,bilibili,8429488,716,1b18a985-6c55-57e2-a56f-b930421d5b6b,,,
0,是濠梁喔,bilibili,9170926,715,53674da7-9cb7-5a89-a64d-746280b82453,,,
0,Spotlight-阿音,bilibili,3546610097195542,714,5c64df4c-a363-5077-b9e9-8a73ff52cd46,,,
0,巧K莉喵,bilibili,1871284838,714,443a2c9b-cac9-591f-a0af-ed2579bd7f71,,,
0,帕帕莉PPL,bilibili,3546722699577920,713,5a3c6aa8-5116-5f72-a96c-d1d74dbc0a2a,,,
0,忘川梓Nanami,bilibili,197466492,713,04ff465b-828f-5f77-b31b-fe4d52385a23,,,
0,灯神-蕊小熳RXM,bilibili,3493285603576719,713,7b35d777-03ea-5639-ae15-13ec0aecec43,,,
0,Jiuqi肖玖柒,bilibili,1817980778,712,a190fbc5-700e-53d7-8ece-1f14c3d46392,,,
0,何尼吉娃,bilibili,3732048,712,d86725ba-6fbe-5aeb-b084-1c41ea03ecb5,,,
0,狍狍鹿-Official,bilibili,1851149,711,87a92ca9-54bd-5342-beb3-8e988139e6c1,,,
0,ショコラOfficial,bilibili,12299398,709,d3ea0842-1d2a-58e0-ba28-26ec06869ec2,,,
0,怯鸣NoK,bilibili,3493299002280251,709,9a28eb84-e200-5ff5-93be-54d9df670804,,,
0,月見里青空Official,bilibili,20169840,709,6fb82e77-ab52-5898-9c47-c023ee0bc218,,,
0,英梨奈奈,bilibili,5015386,708,16344532-b3fd-5153-be70-7b52c42f3e26,,,
0,乔麦皮_Jomaybe,bilibili,39468108,707,073e9945-bb15-5250-874b-8540cd7eed2c,,,
0,燃_rot,bilibili,425623653,705,56836725-bd8b-55e0-9bc2-72f2085c2243,,,
0,这里是正常人,bilibili,1993431,702,882e2b24-636b-5589-887a-e39f87b538ba,,,
0,日子人白枫,bilibili,2776294,701,f36835c6-4c58-5d22-a19f-f79e5087fc4c,,,
0,水野攸,bilibili,3494363078330910,695,aac35e28-2af0-5389-819f-85a0a26b3e74,,,
0,河知舟,bilibili,3461582084376583,695,ef400e82-44cd-57a1-b46e-684220591f03,,,
0,灵莳Link,bilibili,3546561516669864,695,73c71df6-c29a-5f34-8330-5fa00ee2640e,问尘仙会,5f2eac9f-dc17-577f-a22a-19003e81fcdf,
0,露比莉特,bilibili,500828424,695,8c7e9147-358c-5b8a-8066-3c4f68fc0b35,,,
0,罗娅莉莉,bilibili,3493107406473219,691,2e55fd79-f86f-52a3-ab34-cf51e213f0dd,,,
0,雪羽桜莉娅Ria,bilibili,1052754134,690,df453ce3-f5dd-59ea-bb90-317910b6b820,,,
0,神大人,bilibili,190959309,688,d2995fdf-cb75-5cba-90a8-69066706c089,虚研学园,da7a049d-15cc-57f9-bb68-49af75ad7b52,
0,贝贝rosa,bilibili,1046136431,688,2cdeacb4-ed21-52ca-95fd-d9964a67ae04,,,
0,二和饼团子,bilibili,487317308,686,c23f9988-0b1d-5429-893c-666db25c33bc,ViViD,e0c583c9-7625-53bd-84c1-5cca0c419a7b,
0,森羽理亚Lia,bilibili,21090462,686,5808e9f0-d7a8-5503-b9d3-5fb379a2f851,,,
0,幽能_Yuu,bilibili,1275700479,685,67c2e368-c012-5412-967f-20c712cd7cc3,,,
0,卡莉卡帕_Callicarpa,bilibili,3493088177686531,684,9fb6a797-ebff-5442-97fd-57af28b50365,,,
0,澜绾卿_Channel,bilibili,1283985270,684,d0ea09e0-d4cc-5ec1-8b0b-4dfda3c12413,,,
0,珀洛KoKoloo,bilibili,40348524,684,41552557-21a7-5f05-aba5-7fd22af75a02,,,
0,樱砸砸w,bilibili,167900673,682,93935517-ae1e-53cc-941e-d2d2f6f8f81d,,,
0,木曽あずきofficial,bilibili,441666958,679,c890b92e-7ca9-5254-8fdc-270e9399f94e,.Live,02f5f560-4646-5fcb-ac58-81279c7e2c1e,
0,五千兆圆,bilibili,7388060,677,bc954922-3732-5599-b3b9-7cebe98da4e3,,,
0,おふとん妖精,bilibili,1831185520,675,4dcd4aab-d204-5f28-beb0-99beb0c185ba,,,
0,哭哭Naku,bilibili,3493264340551731,674,0c4d1c01-7231-566e-a496-d5a766daf71c,,,
0,苏语迟迟Suyu,bilibili,1769772,674,a2fda86a-2788-507f-b387-3c9fd481ab04,猫铃社,6eec14e5-38cd-504f-a995-b7bd15b4c51f,
0,樒挽歌_banka,bilibili,614143,671,958a5425-762a-5499-95b3-c403672692be,,,
0,应星尘,bilibili,36604989,670,44e37102-5d91-5d80-a78b-f5587316c437,幻home,61722433-dfba-5899-a5bb-fc9229f1f62f,
0,絵梨奈えりな,bilibili,776784,670,45780424-560d-5be5-8476-757dcb5bd2fb,,,
0,棪冉Yusaiii,bilibili,402088606,669,d030dbd1-20fb-5c55-a0a6-b606a4a41d67,,,
0,雪兔Yurika,bilibili,631839536,669,97b10cbe-f41e-5bb6-a607-1e86b20a0763,,,
0,艾柚ayo,bilibili,1060626111,666,95d13e71-0b71-5b4b-b290-0d93de55233b,,,
0,阿德罗伊,bilibili,2483446,666,d2cea821-aa3b-5058-973e-09451a460744,,,
0,莫宇声含Channel,bilibili,276610105,664,1f5198a8-3f7b-50fc-ad56-986bc4f8c1af,,,
0,宇佐美雪丸,bilibili,5948301,661,7d731c97-394d-5881-ae20-9162e3e4fd54,,,
0,清水琴美,bilibili,549120667,661,4d579a79-2b95-5a44-bd93-0d8272dd0ecb,,,
0,白雪美佳Channel,bilibili,1728751,661,9834bc67-ec29-5876-a78b-94bab56f0724,,,
0,小野小町-,bilibili,3546607427521505,660,55c36512-bc07-5a07-8bdc-5ff623d8440e,,,
0,桃卷子儿,bilibili,7061223,659,9935a6db-5407-5219-b73f-fcb5cb7d6986,,,acfun:23372300
0,西雅Puki,bilibili,281882015,659,222fbf2a-eaf1-5d1b-929b-51bff95b2ae4,,,
0,银珞Lyra,bilibili,488657393,659,0a30c13f-9569-5bb1-bf4a-83f5ad0a8fe8,,,
0,被可可四代目保护协会,bilibili,492383757,658,7a89cf79-3b27-5e6a-8f76-f7b8094326a8,,,
0,千祈senki,bilibili,3493081399691605,657,ac46dc13-2c94-5d89-8f28-2a3050600c8e,,,
0,夜半真姬,bilibili,1232722862,656,dab2fd16-bfad-5667-b6a8-4b1cf2d74602,,,
0,猫沢玉,bilibili,5393924,656,7e5c3386-ba7b-5178-8df0-f61f7019863e,,,
0,雪静Yuki,bilibili,3225929,655,202d94c4-60af-5145-8948-91ea963db0e5,,,
0,玉丸柴犬,bilibili,8307918,654,7c109bc4-f30e-513f-a1bf-263ae90fdf7f,,,
0,莫小幸_official,bilibili,501348125,654,3c0f21af-554a-54eb-9f17-996080b6dfa3,ChaosLiveSprout,e67fb222-1c4e-5f19-84da-9e8beba2c365,
0,日向にゃみ,bilibili,289654,653,dbc38bd5-ca03-5282-ac84-e87f82dfb421,,,
0,楚岁子_Official,bilibili,299459797,653,a91e030f-46af-51b3-891b-c991c8fb7bd2,,,
0,白月末不吃糖,bilibili,345327849,653,eed49461-c711-5696-97a2-567a3cf6e36b,,,
0,三狗,bilibili,8140088,652,977ae8e7-7878-5a92-b27f-fd0acb8d1de4,,,
0,H_A_L_I_E_R,bilibili,288662118,651,e972bd6d-212b-5e96-bf55-9e6a359085b6,,,
0,琉璃亚official,bilibili,32500180,650,1e9ed2ef-810d-5c72-bf5a-42db5d6e2551,,,
0,艾瑟Aether_channel,bilibili,4919316,650,1ea8f31c-086b-5ce2-916e-b33a17d524e7,,,
0,星至,bilibili,428523,648,46990869-1b97-5a34-893a-6ef724e58c51,,,
0,Luckyの熊熊,bilibili,3546883060402620,647,f9c0bd3d-c57a-582a-9b43-fe809c40c4fc,,,
0,汪汪汪小吉_流泪修勾,bilibili,1778776964,647,7a3bcbc1-8355-5a1b-a2d3-3352aa417016,,,
0,璃纱Lisa,bilibili,489108518,647,d107f8f3-eb25-56c2-bc0b-1f7299eed055,,,
0,-妖澪-,bilibili,3546575374649825,646,08cec2e1-2a74-5954-aae8-cb1b0ae5fb64,,,
0,雪珂Yuki,bilibili,3493085860333807,646,97e1c9ea-2826-568f-85d6-ad9dd93ec693,,,
0,極樂-晨星奈奈子official,bilibili,21330358,645,54da6498-5e38-5df3-ad2e-e28079f7f60f,ProjectViberglow,fdb3ee6d-3a2e-5bfb-b724-aeb9b223de69,
0,璃依Official,bilibili,348803902,645,51f40ad3-3d24-537b-a5aa-ed75652ddd87,,,
0,阿琳子,bilibili,569143,644,22899319-6b05-5c56-a19d-5ae75eeec0aa,,,
0,松永彼方_Official,bilibili,1520239,643,0ec96012-9240-5951-9b5f-77987f128af5,,,
0,千军一笑,bilibili,16236535,642,363fd2ed-436e-5d7c-85d1-83e36d88ffaa,,,
0,艾芙洛Afuro,bilibili,3537120226445674,642,e5857981-d70b-5054-994a-aaabfa86154c,,,
0,五月六日星,bilibili,287327393,641,669a772f-bd0b-5f53-85cc-828da2d74179,,,
0,大葱要蘸三月酱_Official,bilibili,34002950,641,a1bc5ff2-0b40-59f7-a499-7ce1e83a88f7,Re.Eden伊甸园,7160ffcb-737e-5a07-b9c1-f130ff46cbee,
0,元気少女蘑菇橙,bilibili,1876274,640,8b27de58-72dc-5681-84cc-936ef9cf885a,,,
0,鹿岛弥修,bilibili,6230627,640,0b4911b7-ba0a-5e88-b2eb-7024e67d3abd,,,
0,克利玫尔-Channel,bilibili,56721694,637,9329e3c3-2b3d-5ebd-8db1-b00571aafad0,,,
0,Tone_Nanairo,bilibili,1787730465,636,1949c728-51c5-5a34-bf82-62b500439933,,,
0,冬月冰织_Official,bilibili,442403107,636,a9b97822-7114-5e1d-8cf9-37676ab4bb40,忘崽牛奶,81fb6430-675c-5177-9443-8dedd2b96730,
0,紫晶流光です,bilibili,171983684,636,9886af51-f571-5b2d-8129-b14a22f51794,,,
0,月夜見海棠,bilibili,4254032,635,811e6321-a02f-5229-8e0e-450bcb739a94,,,
0,Phileeks_氚飞锂-全是水,bilibili,242240,634,149dafd2-5228-5f97-bb8f-103b2ed8b13d,,,
0,芙染-,bilibili,364670866,634,c46b5093-1f5f-507c-9a5b-1735815f6b72,,,
0,頁开心,bilibili,180815329,633,fbb7e877-19c0-5c0b-9862-8a7b13a0dd9f,问尘仙会,5f2eac9f-dc17-577f-a22a-19003e81fcdf,
0,格拉纳特Gat,bilibili,3546592088951437,632,271f0deb-a43b-5d32-82de-495b27b68b2b,,,
0,薄云Kumo,bilibili,1841535586,632,42f28e6e-112b-511f-9ffe-d508a05d7216,,,
0,闪闪oki,bilibili,3546619358219217,632,4d5caf4c-e00b-5df8-98b6-bfb62b523417,,,
0,希罗neko,bilibili,3461568935233871,630,bd6e99c7-2eb2-5dc0-8b45-6aaefe6b3eb3,,,
0,芥芥Vera,bilibili,3494356247906433,628,de6af207-f054-575f-97c7-640f9da08239,,,
0,九条海,bilibili,165621,627,ca76778c-aacf-52da-8b8a-ce9443d03e5d,,,
0,汉堡兔hanber,bilibili,3494364410022218,627,b559e868-03c3-5325-a9de-3ca4f925fd8d,,,
0,神代盐子,bilibili,15522877,626,6bf15faa-131d-5945-91c5-7f930fa14aec,,,
0,乌冬小糸,bilibili,4659492,624,234081f7-4af9-567e-8e24-dfef6a7bec5b,,,
0,雨洛是狼崽子,bilibili,3493121608386843,624,024b3453-6476-5c55-a181-555d6aa3b873,,,
0,音小乖,bilibili,696493089,624,5b914d17-7698-58a8-9e5f-654006ff2996,,,
0,竹田七対子_Official,bilibili,2702600,623,0e3a2416-af97-5087-9b31-86a87bd2bc9c,,,
0,白角龙缇娜,bilibili,12634911,621,7ac91615-c338-56e5-9f60-6aedf95be4d2,Wenthernten,f0f6db36-c594-50bd-ae6a-5032878a8ce6,
0,莫舒鹤,bilibili,3493108436174933,621,f3f11a9f-f690-5f6e-b544-9057c87ddad1,,,
0,七七诶qwq,bilibili,3546575206877398,620,dbfa22f7-8c01-53fa-9516-330a9fb3b6ec,,,
0,寒冴KANKO,bilibili,301026,620,247ff913-d365-5ee1-abdb-66b604b5b0a2,曦和project,7b8e376b-1043-5774-a985-5d57aafc4a16,
0,竹竹好孤单,bilibili,3537106280384961,620,7691ab8c-96f4-5923-9687-4f9ea917b506,,,
0,貓野奈木,bilibili,1337624,620,f198a457-8b81-5505-a41d-11c47025c007,,,
0,tksr_chiya,bilibili,679575933,619,1bc39d16-d102-54fb-a46d-dfebafc223e6,,,
0,琴陌miko,bilibili,438028310,619,29f1ec12-5fc8-55b0-88b9-f5987e003d4f,,,
0,佐久間ルミOfficial,bilibili,524341948,618,4f34931a-ba47-5ce5-800c-218d16f92f73,空想岛,4aec98b8-98ce-50a3-8eed-3a5367406293,
0,凌洛北,bilibili,304744665,617,750073a7-9fe8-532c-ad3e-f7f966957139,,,
0,德拉_Channel,bilibili,430589,617,d3436427-93ce-5566-ba67-be758c25e3b2,,,
0,星宮ののかNonoka,bilibili,1599207461,617,1bb0d923-f6e3-5139-9bbc-18917e45c0f0,,,
0,尤娜没睡醒,bilibili,3494376367983133,616,eeedb4b4-8e3b-5675-938b-5e9924d341e2,,,
0,凛月雪音_Yukine,bilibili,206138346,615,384d444d-da23-5446-8d3e-1831c29f6426,,,
0,吸溜君,bilibili,734133,615,87251ffa-bd5a-53f6-b86a-a0a494ea8bdd,空白社,da74be58-904f-586f-99f3-49f26c496892,
0,易寒winter,bilibili,73261640,615,f8f0d05e-3f30-5f58-9fb1-40ad8f44c1a1,,,
0,不晚睡不着,bilibili,3494377993275641,612,eefb4533-38bd-5299-88c6-2522344af080,,,
0,云碗,bilibili,2136901507,612,09864688-bfcb-50b3-8e84-5d22dc96e6d9,,,
0,酒宵yoi,bilibili,1990361984,612,a51d03f5-c2be-5d10-9be8-8894ab2f65e3,,,
0,车厘CherryBomb,bilibili,3546379855071666,611,aafe47ef-da1d-541e-8eb0-a8fde85e4953,,,
0,织田信夜,bilibili,2740576,610,1c610ef8-40c2-5aa8-99c5-5ccd5b297843,曦和project,7b8e376b-1043-5774-a985-5d57aafc4a16,
0,豆奶Melor,bilibili,20193220,610,9db8cdea-9d81-5a71-886b-1a11c02576e9,,,
0,阿酸,bilibili,3546388954614313,610,51d8a6d3-8892-50ae-b6a9-fcab6473a7bd,,,
0,淇娜娜_Kinana,bilibili,3537113379244829,609,07c63798-11d6-5219-8439-6a3f5a0c7b83,猫邮社,fb7977c3-8198-5021-a136-3c8de14290f7,
0,雪猫殇儿,bilibili,12431740,609,a825bb3a-7112-5f67-8760-b579eac5e6c7,,,
0,Iris雨梦_Dream,bilibili,19872419,608,f30adaff-4cda-5702-89d5-5c09c07533f7,,,
0,杏羔_Ancou,bilibili,1420404759,608,cba8ff0b-80e3-5b4d-adc6-5bc30303459c,,,
0,野_INO,bilibili,701276545,607,f0327dc2-d362-56b8-b226-81c72bf9f9f1,,,
0,梦天璃_Official,bilibili,489758060,606,7547220a-cec0-5e16-a4f6-772d6e2500cd,,,
0,蝶笙Morpho,bilibili,3493276539685287,606,8120faf7-ef8c-5b15-8071-440eb4123780,,,
0,北暗也想知道,bilibili,1770074854,605,43c31a97-e002-5ac1-b257-26400775e279,,,
0,埃尔伽_Reynolds,bilibili,4666860,605,e2c4f1ad-d0d9-59c0-aad6-a6addb9feaf8,,,
0,依久奈,bilibili,2277475,604,534b29d1-4866-519b-9ccb-8bd0d878cb5d,,,
0,西蔻Cico,bilibili,3493271403760358,604,33519c2e-e935-5459-8bf3-576505127846,,,
0,牧苏,bilibili,875335,603,38734844-25d6-58ab-8b03-42b00399bbb1,玹云社,a629223f-5cb6-50df-8d28-5400b4d1c497,
0,ruka藏在深夜中,bilibili,88120148,602,22a06307-6e91-5f78-b15e-68801d3313b5,,,
0,樱饼静Channel,bilibili,3096031,602,a744689c-d058-5de5-829a-bba07f88e5e2,,,
0,百萤,bilibili,3493270397127160,602,4640408a-ae1c-518d-a72c-657403f74a37,,,
0,克莉丝多Crystal,bilibili,3493274700483016,601,439b480e-0cef-5519-8451-4ce3849c1c6e,,,
0,苏妮Official,bilibili,372720733,601,682782e8-340c-5112-95e9-1456f3e36171,,,
0,柒洛伊ChiRoi,bilibili,1441235652,600,94c897ad-4014-57c5-8da4-1305d8dbef82,,,
0,融雪sesu,bilibili,3493077289274064,600,551b5e7c-6bcc-54fd-b19f-329489480da2,,,
0,羽霁_,bilibili,1357988245,599,0e4708b9-22a2-5dc9-aee5-27d512bb3769,,,
0,超威风的糖糖,bilibili,3318500,598,74024c66-38cd-554b-bfe8-b26888c5603a,,,
0,珲羽-Plume,bilibili,1014637762,597,11a20a73-3c14-53f3-bde6-2585c5479fb6,,,
0,北燕Hokume,bilibili,1993313,596,c08b3eff-b97c-5d6d-b8d6-b90d4c03f31b,,,
0,梧桐树夏,bilibili,124060945,596,186c266e-a743-5fe7-98f3-b19142e51416,,,
0,未星_Mihoshi,bilibili,628741823,595,30abd75d-0e75-5718-97cb-709899664b72,,,
0,Nara,bilibili,493539,594,47d8b2fe-09d1-57e0-a1ed-d079bbfee265,,,
0,伊藤梨子,bilibili,1589507654,593,973f22e0-5dbe-5983-adc3-62d61b88377a,,,
0,副学园长official,bilibili,2021127699,593,c3eb4a34-61df-51aa-a737-b8a57b13dd71,星巡学园,6506d485-2cbc-552f-9337-6d4fc2d9b7fd,
0,千早郁Kumi,bilibili,1034809600,593,0e414770-456e-5156-b022-6bc06d71b1bf,幻光回廊Project,6dc03368-be51-5eda-b402-b9b1059c27e6,
0,奈莎Nyssa,bilibili,3546905170676332,593,aef908be-6b5e-5f87-bb00-94f84aee1ed7,,,
0,阿姒Aisi,bilibili,179300970,593,e880c390-45ca-5c13-8600-69a328d21efb,,,
0,鞠原夏生Natsuki,bilibili,3494354775706215,593,6290ca54-fe9f-5b46-8f27-502257bd4d9d,,,
0,甜甜冰块Official,bilibili,599505098,592,4ca7bd88-1dcd-59c7-9040-074e57bfc432,,,
0,せいりゅう-孟章,bilibili,20659882,591,000b4a4f-32ee-555b-92a8-1cb9183073d0,空白社,da74be58-904f-586f-99f3-49f26c496892,
0,防风草Kazane,bilibili,10704435,591,9a6e63e6-680a-5b4f-92cc-4d3828d31ef6,,,
0,和玖,bilibili,481447539,590,b5aeec5f-5487-5e9d-ab37-5acd1219f1cd,,,
0,枫眠_star,bilibili,3494369267025973,589,54f85038-3057-5c6c-ba2d-4b3a18a7739e,,,
0,希希翎翎Serinnn,bilibili,3494357164362632,588,e8f8bf99-cccd-5f93-a266-9a765ca334ff,,,
0,瑞克斯_Rouvx,bilibili,392668923,588,d9768a0d-06cd-5980-b95c-dbbaa23d622e,,,
0,阿尤里Ayu,bilibili,31093572,588,7300ba02-845b-563f-aae7-6070e6770901,,,
0,鲨克莉斯Sharklyss,bilibili,605511,588,a22d805c-a956-5deb-ac3b-ff17b98ea829,,,
0,天之宫穹,bilibili,11461325,587,9091699e-bed1-562a-987c-db027afdd786,,,
0,残夜暗杀_Official,bilibili,22974315,587,2a8fa0c3-aee1-5824-a934-687f003e0c37,,,
0,巨阙_Ares,bilibili,3494367232788699,586,24fb38d5-3545-5f80-9cee-b3e7ec2f7a7e,,,
0,沉沉_Sibyl,bilibili,3494367576722023,586,f34a77bf-fb1e-541d-a478-a803c918f42d,,,
0,艾德敏内斯特,bilibili,3493146006653848,586,fb205ccb-191b-524d-a9b0-65e761737f66,,,
0,风云奆奆,bilibili,6789240,586,96c1663e-f4be-5c7a-b2fa-a9296cbe415b,樱满月虚拟社团,d160848c-6d4c-56f7-afa9-196abc2405f7,
0,萨罗娜Sarona,bilibili,3835667,585,e3d463ab-afdc-5b06-9e94-258c4250577a,,,
0,铃凛子,bilibili,3494362220595589,585,aaf8b0c4-2c86-5e39-bdac-686067f8f98a,,,
0,施晴Qing,bilibili,696956915,584,139634a3-a5f3-5051-8cf4-a8a6400d2bd4,,,
0,星维Mia,bilibili,23125847,584,9258b08f-7b2f-59ab-834d-d89139e166e8,,,
0,果汁-GuoGuo,bilibili,3494351025998668,584,68da1281-5541-5490-8851-71369d39bf5c,,,
0,梅玛Mita,bilibili,3493143265675939,583,7a48f1ce-9a81-5249-8097-ddfe893885a7,,,
0,卡丽妲Karida,bilibili,3493129569175863,581,e445f593-5f0d-5969-bab4-2a6833c7206d,,,
0,牛巻りこ,bilibili,455868076,581,e2389553-9a51-5f2f-8705-92d1a8095a7e,.Live,02f5f560-4646-5fcb-ac58-81279c7e2c1e,youtube:UCKUcnaLsG2DeQqza8zRXHiA|twitter:UshimakiRiko|userlocal:CF726E9916D040F5_9c6d64
0,萨菲尔Saphire,bilibili,320225995,581,26e96dd1-f047-5236-b42c-5e40cd86699c,虚研社,d7af6703-ed00-53bf-aa46-0d5cf679925b,
0,谷月病,bilibili,3493088139938456,581,f9e02feb-cc63-52dc-bc04-fa2c30ac057f,,,
0,雾枝白茶,bilibili,162472,581,ae8e5f06-262d-5593-8732-d0faea200609,,,
0,虞虞是桃花鲨哦,bilibili,3493088639060282,580,5761d053-95c0-5d37-b307-e1fed95f4812,,,
0,梦游娅虎YaHoo,bilibili,3494349543312002,579,492c3ef3-e70e-5b6a-9e4a-2b861dd2ae86,,,
0,間宵湊誠_Official,bilibili,1145198317,579,e3043c89-78ff-53e6-88b8-3eafc9262932,,,twitter:souma_mayoi|youtube:UC8nYxM0Cl6GMrY-LboUktYw?app=desktop&sub_confirmation=1|twitch:souma_mayoi
0,卡林卡,bilibili,490859,578,bac6161b-154e-559d-81ad-1eeb3bb22098,,,
0,喜欢做作业的alien,bilibili,104606967,578,c9ffe4b9-bbfb-54f7-b3ad-650dcc1a0c2c,,,
0,文何Official,bilibili,24911306,578,32b328d2-b194-5758-8c04-df91c1b80a1e,,,
0,Viola_Vtuber,bilibili,384790313,577,e1f9cb0e-a66d-5c27-8e58-aaf1aa9f880e,,,
0,楽Tano,bilibili,3841931,576,a9b00c0f-7f93-564a-ba7f-691515585d81,,,
0,尾绒_Aurora,bilibili,3493269581335221,575,5f65612f-56d6-5a11-a94d-d95bf9408728,,,
0,梶裕秋,bilibili,1562600500,575,0772d393-de7e-5db9-8845-e05587bab045,,,
0,艾菲,bilibili,315161,575,d612252b-4a4c-57e4-b22f-886e6fdd463a,,,
0,沉阳-SWODIER,bilibili,7444104,574,c72ee170-4535-5514-bed6-272a302a17c4,,,
0,语部纺,bilibili,9254842,574,37863aa1-aca2-5d22-915f-6bfff21c7abb,NIJISANJI,5da64d9a-b5d2-5f3e-ae3c-35ec6aa42492,youtube:UCufQu4q65z63IgE4cfKs1BQ|twitter:KataribeTsumugu|userlocal:3BFABA7DC8CA3FFB_ac4493
0,阿椰_coconut,bilibili,20646249,573,dd46fab8-0aae-5498-9cca-ad362c9884ac,,,
0,铃铃铃酱,bilibili,1044396656,572,a9543b5b-be8c-51cb-a468-5d5398d65801,,,
0,飞鸟未央,bilibili,27123824,572,b7f2772c-6eb8-50f6-b9bb-a2813c22c395,Wenthernten,f0f6db36-c594-50bd-ae6a-5032878a8ce6,
0,绘雨Official,bilibili,2930726,569,1169c66f-2e39-5651-95e5-abfc2243e13d,V_G研究所,30f0a6c7-e49d-56b9-8dd9-60bf6539212b,
0,判官崔珏,bilibili,3493143467002823,567,d7d8bbf8-8aca-5862-a4dd-091b66e2be0e,,,
0,白鵺,bilibili,791546,567,255df67f-32d0-5cf1-bce0-d08b0ac9463b,,,
0,神户汐shio,bilibili,1427911902,567,c4f484ed-c7e1-5917-8858-daa0f936adb4,,,
0,綾芸Ayamo,bilibili,3493283986671762,567,05497854-8f2f-568d-ac54-9f1b50422e8c,,,
0,罗素ラッセル,bilibili,152196624,567,9ae4fba7-4f03-5164-a800-4a979168254c,,,
0,侑音Yui,bilibili,3494356619103143,566,e321e01d-ad3f-58ab-a16f-5b13ce1a0fe9,,,
0,牧羊です,bilibili,479683942,566,764104cf-eb33-5ae9-9e27-f4b4539623b7,,,
0,尼濑蓝Nise_Ai,bilibili,3493273123425149,565,b57ce3c3-4371-5567-9e15-dd38d0b98bf3,,,
0,廪乌wuw,bilibili,3494358428944516,565,16e14242-db6d-535d-985c-dd24c5bf841f,,,
0,神月红绪_Official,bilibili,361916885,565,c343975e-cbcd-5b2b-8d31-14ea7cd8b39f,玄月神,a466cec7-5670-59a2-8dd4-66d1a73ad32a,
0,花邪Amy,bilibili,2124157363,564,a7551db4-4dee-533c-81ce-3d141dff54d9,,,
0,紫苏丸子酱,bilibili,18362166,562,21c8e7a9-8697-5945-8ea8-e191f76933c8,,,
0,锦烁Joyce,bilibili,14047821,562,8ba32b95-b5cb-5074-84a4-6d354e4e0f19,,,
0,ICBM糖果小多,bilibili,2933593,559,3d8c61ee-d00a-5873-a505-3115ea96fa4a,,,
0,星森天_SORA,bilibili,1573449,557,0ad77978-39fe-5a9e-811a-a988e8176b89,,,
0,小春咲saki,bilibili,2127961288,554,c08307b2-0974-5866-9a1f-fbfc5030f2ce,,,
0,鹿泽のchannel,bilibili,17816003,553,f286168f-9a2a-5d09-840a-1ccad9cf05d6,,,
0,烁Akira_Official,bilibili,1202138437,552,00ea7af7-dd6b-58f5-9495-30f81221a3e2,Vnicorn,33d285f2-b9a8-595d-a282-4a341ab9d020,
0,白风浅羽,bilibili,39978581,552,b869cf67-9d53-5147-ba02-6d2d5ecc2455,月光社,a38c8dc9-5896-5684-b965-e39f9c7e03c7,
0,星糖-Starto,bilibili,274710184,551,0e4eb917-77f2-555a-b386-fe0b1b62b5bb,,,
0,茜茜狐Cissie,bilibili,3546387859900582,550,548a8e74-69f1-542d-813f-89c0c9b7e969,,,
0,虾萝xrz,bilibili,1788955,550,1892c258-9d8d-502a-8c84-7bafedf504fa,Vidol工作室,7bf7dc58-48f6-55cd-8bdb-cf5fa31d8a77,
0,幻空_Sora,bilibili,40386896,549,f05c939b-f75a-51fd-aae4-949150898869,极光社,9548b50d-dbb9-5b8e-9a4f-a86239ac14ca,
0,是你的阿惜哟,bilibili,2384872,549,b7187b16-1cff-5b99-a560-16c68f89928f,,,
0,月黎YueLi,bilibili,28992007,549,b1b4f134-be9b-55a9-8c1e-9df9a0a87fb2,,,
0,云初晗,bilibili,50045077,547,7715319c-4132-5a1a-b6dd-b37f26c9909e,,,
0,佑年yonee,bilibili,3493288789150584,545,d2a28a81-3757-5cff-a0fb-2e589e25ea13,,,
0,是奶茶喵酱酱,bilibili,1521669336,545,28bf6ee1-3377-5ced-aba5-398733783acf,,,
0,小蜂めるOfficial,bilibili,451123015,544,7085766b-edbc-5bd0-9b56-d59c2386306d,,,
0,崽崽兔Zosia,bilibili,1382674197,544,6932f630-db54-5221-adec-40c7c93c426d,,,
0,恒吹雪,bilibili,3493115958659963,543,cdbbf7a7-ec03-5f96-814e-1f72c813dfee,,,
0,普罗修斯_Protheus,bilibili,305655973,543,3b4d1bb9-6e22-50b2-ae1d-b4f4e1ab3ac8,,,
0,うぐいす飞雪,bilibili,304626640,542,a68d1a74-2ec9-59c8-9991-380e2809091e,,,
0,明日光牙,bilibili,25193913,541,9b7b7919-bf4a-5016-8165-a03ffa4fbfed,,,
0,卡恩马林娜罗德尼,bilibili,442769447,540,a016f644-48f8-51cf-b115-014deeae97a7,,,
0,安娜夏,bilibili,3546594915912449,540,676f6d7f-e11b-561f-9a02-f85819cf9ea6,SparkQ电光社,7893a9ee-da88-54f3-8005-023fc8095d8a,
0,小白心里软Luniya,bilibili,3546597845633889,540,c544b766-1760-5ab6-97d6-cfc7fd3bfede,,,
0,奈奈米,bilibili,517962951,539,f29c7b23-f355-57fe-b12f-72b81201bd2c,,,
0,雨旋_Yusen,bilibili,2310068,538,b6060b0e-3111-5459-9d5a-04171c8915e6,岄,a2dfbe6d-579b-50da-a404-9d80711403d7,
0,我叫爆炸橙,bilibili,14123818,536,25453938-c634-55b9-a062-60585c9e71f9,幻home,61722433-dfba-5899-a5bb-fc9229f1f62f,
0,酒酒酒酒酒_sakura,bilibili,3493263667366831,536,33c567a7-eb2e-56cc-a4e3-5f4ce7ba58b7,,,
0,花南音,bilibili,475720147,535,c33f48c9-1d23-56d8-b3eb-b5ca2bddf69e,,,
0,月亮也在想你MoYa,bilibili,302570366,534,f6231c95-b458-5209-88fc-41132c2104c6,,,
0,可颂_croissant,bilibili,3493144578492835,532,2d6b644f-d271-5c32-ae6c-d3313297fdfa,,,
0,Lara_Channel,bilibili,702154877,531,3aa5000d-8aa6-5a3e-94ad-ca92734bfff6,,,
0,文艺,bilibili,24569235,531,a54cef11-e2e9-53d6-a5a8-825eae6da5a7,,,
0,米面Mimo,bilibili,3493076932758311,531,ae5d3828-8a8e-5dd4-9236-f90cda0ff162,,,
0,维莱欧_Veleo,bilibili,3493130391259423,531,3a6d7112-b9ff-5ec9-9596-f34a15ec194e,,,
0,漠轩奕AYi,bilibili,3494370550483765,530,53c0246d-3b99-552f-ad55-bc415c44b178,,,
0,星月空_official,bilibili,642495653,529,5c224352-7300-51d8-b54c-9b8a8aeb9f25,,,
0,春日リラ_Channel,bilibili,878070,529,076df77b-7a33-55a2-b0b6-5734e3d331e1,鸽鹉live,ac61354d-1b1c-5be1-80e1-b996ea336754,
0,马猴烧酒茄_,bilibili,30394079,529,7c5c238f-71e3-5649-9b5f-270f47397e3a,,,
0,奥莉薇娅,bilibili,1121242236,528,decc70fe-7323-56c5-9662-509e11b9c6d1,浅海Project,08e83e80-ba92-538d-b63d-fe0592e8af6c,
0,鈴蘭SAMA,bilibili,1702805,528,b6bd01bd-3b09-5768-9251-8dd041134a2d,,,
0,-莫檀-,bilibili,3493287100942390,527,1e95e072-a040-57f1-9ae7-ecdec8ff4e4e,,,
0,喵年,bilibili,514726274,527,0342a9e1-acc2-5895-b840-3bcd612d9899,,,
0,山城,bilibili,5887731,527,181ee7dc-59f7-5491-88a8-2062d294e957,,,
0,猫巷是只喵i,bilibili,7107850,527,0e1396d1-4dcd-5ce6-a60e-ff138898b8aa,,,
0,紫澪心,bilibili,109592736,527,c3743f70-282e-5cd6-bdbf-6446702ea0ec,,,
0,艾瑞娅Official,bilibili,401554271,527,507db0ef-c665-5576-bf34-a35ab9717a93,,,
0,菜菜子_Official,bilibili,3546586497944007,527,c10d1152-e021-5fb3-ae57-5820bde21b64,,,
0,莎耶shya,bilibili,316617023,526,e75554fc-5ef7-5255-b754-5af4dbacab63,,,
0,暖宝起不来,bilibili,1643214727,525,32ded978-e665-5361-adc0-cc6c1c06ecc6,,,
0,神山浠浠_k7tteo,bilibili,3493270623619114,525,43fa1e46-d429-5976-a5d1-5f2305e76a35,,,
0,绥和岁,bilibili,30153961,524,be8f8de1-dcca-517b-b4c5-90cbb3019fb7,,,
0,夜空めぐるofficial,bilibili,637885382,523,52b17134-b143-592a-a8e2-b2672a7945ee,,,
0,小鸟采虹,bilibili,1729753761,523,cd95faf1-4078-546f-925d-e24ac0b1c154,,,
0,卡拉多carado,bilibili,1715394332,522,4467de47-2c60-5d74-8803-b46fa3fcd3f9,,,
0,雅米,bilibili,3546380375165502,521,d3ee573d-9cc1-52d4-83dc-fd1b456994ea,,,
0,密凌_Official,bilibili,611210901,519,47a4510f-b1c4-552f-9bca-92824957a063,雨林社,0c0c81b5-fc69-5ee9-a2cb-f77fb303b682,
0,Scholar沫沫,bilibili,613293,518,5c9d3b40-3afa-511e-acb2-787157f278c9,,,
0,墨神雅雅,bilibili,4339573,517,80ece560-8468-57be-9460-70e02459993a,,,
0,纱音希梅亚,bilibili,220488,517,e311ea40-98dc-5859-b88d-6806eb15ce14,,,
0,书笑y,bilibili,491298509,516,36a7e9a8-2338-5869-999b-3b9fdc0facd8,,,
0,渡筱黎shinori,bilibili,3493297936927022,516,d07ea7bb-adaf-5bb7-9fd8-cc879fbdc275,,,
0,诗织Shiori,bilibili,3493105709877368,514,21f45f1e-22fb-5752-a062-36b54d88d969,,,
0,無视Wish,bilibili,3546897558014925,513,47fd1134-c0c8-5a1c-8aeb-926a28966f17,,,
0,雪叶凛Channel,bilibili,265615931,513,9c5d9303-7da0-5f4e-9724-12b1e8de3918,,,
0,奎尔斯_Channel,bilibili,556792,512,fe5285e9-e175-53cd-945d-681d29b6bd93,夕映结社,820597b7-9f1d-5ad4-83db-66aa8aef89f2,
0,秋山理奈Official,bilibili,12746435,511,cc7f01de-a1ce-50fc-9799-eff8ef72bedd,,,
0,鹤见星绪,bilibili,1329262,511,55efd8ac-9f4d-5b77-86c0-9fa11ca4437e,,,
0,洛徘lupine,bilibili,28473289,508,70e563cf-8918-542f-8ce2-28aecd627ef9,,,
0,绮夜Lilith,bilibili,3546712161388720,508,e23ed451-c606-5b58-a5df-27e04d555269,,,
0,蜜柑千歌_channel,bilibili,35479808,508,b79a8539-6861-5423-aa8f-4f7dc6e4a44c,,,
0,-SanGo-,bilibili,515290641,507,ac806931-d722-5a00-b364-1275eda249dd,,,
0,天奴Tino,bilibili,1563600,507,9803d118-0423-5302-92ad-0d2ee3219119,,,
0,御庭幻想,bilibili,7173428,507,cc0b4be5-9130-51bd-adc9-91994df4932c,ChaosLiveSprout,e67fb222-1c4e-5f19-84da-9e8beba2c365,
0,牧乐岚Official,bilibili,32598760,507,374ad7fa-a3f6-54ef-8817-b5ffdbe86df0,AVP古流社,a7372824-0ebf-5683-b7a3-550ab1c13f80,
0,紀井言,bilibili,1847389227,507,eabd4f18-4afc-5ac3-a045-5832167a7c81,,,
0,徹夜TETSUYA,bilibili,626530125,506,3fba33d2-829a-585c-b6d9-5514bc362324,,,
0,是你的乔一,bilibili,3494374107252966,505,9a984951-73bf-5f66-ba66-720925570908,,,
0,時,bilibili,484431273,505,419e456d-2d95-59de-b47a-34633fbaa5e6,chaoslive,7d14580b-8154-5fdb-9777-b1032d302bfe,
0,花茶C-ya,bilibili,361546291,505,e7303f35-26fc-5162-aba5-e0d04946a8b9,Palette,d0827515-9a79-5e6a-b445-b1145bacfea4,
0,菜菜鱼cy,bilibili,3537113177917806,505,b2fb97f5-79af-5bfb-b11c-a037166205d8,,,
0,阿芙兰娜,bilibili,7378749,505,47c54c95-42f5-5dbd-b114-f799abf66aa3,,,
0,屿萌Yusweet,bilibili,544922790,504,c85c285e-4671-57f9-aaf8-5f35b345c1d0,,,
0,桃崎Rina,bilibili,1932577,504,3a3c916e-f936-51f9-a540-e5b2788deb27,,,
0,花海紫秋,bilibili,3493261872204618,504,2c716c97-f1fe-5cef-a4cb-070cb1d22cef,,,
0,萝蜜Romi,bilibili,9312944,504,acf9e2bf-ce4c-51b8-be3e-ddeb05570a76,,,
0,金龙胧月,bilibili,25132607,504,3376f4ea-737c-5c54-9920-9237b4a881ba,,,
0,西瓜牌の魔法使,bilibili,495828547,502,79b55de8-aece-55d3-aa2e-b63c06ad4db0,,,
0,响月白夜Channel,bilibili,23625206,501,062bc51f-e08f-5aca-bccc-7dc5d151c62a,,,
0,斐列尔,bilibili,3493259001202714,500,c567372a-84c0-5402-8280-ebd7e232d5e9,,,
0,鸿煊_kitsune,bilibili,3493281910492041,500,d7c63cad-6abf-576b-8d46-88dacc0a67a9,,,
0,鸩_zzz,bilibili,32344331,499,f42790ce-db7b-5329-9e55-2e9836ac091a,,,
0,丑牡てぃあ狂牛,bilibili,433561096,498,7441eb80-06ac-5b34-80b0-fd1164bca2dd,ReAcT,6696f9f6-e159-5fa0-882a-1b1213a68556,
0,星枳-,bilibili,34411852,498,4bf96476-595f-5528-9812-1738f1a96b1d,,,
0,兔子灯灯灯灯,bilibili,3542902,497,65c42e05-f099-5c1f-9fae-52d934cd6681,,,
0,凌依,bilibili,392573834,496,ff2beacf-8337-5957-9b46-2eb5678ef5d2,kenlos,c3de0c58-3df0-5a4f-8224-7297a64c95ce,
0,一千万只拉姆达,bilibili,394195,493,994ff7fc-96dc-5660-970e-176154b7621b,,,
0,白星茗,bilibili,3493118192126418,493,0179c0bd-3ae6-5a27-9c06-63dea0d03fe3,,,
0,真由Mayu,bilibili,17615568,493,3efd1b27-431d-5cc7-8865-25e82558825d,,,
0,诺恩雅Enya,bilibili,568166675,493,f1bef447-2b7c-56ba-9ef8-9b5b4fa9bc47,,,
0,九重结界-符雨,bilibili,74023347,492,2a731e7d-f3f6-5645-8531-b63f59bb3fc4,,,
0,托莉Tauri_Channel,bilibili,4929299,492,e7fde270-06b6-5e01-a828-09132352e1af,Palette,d0827515-9a79-5e6a-b445-b1145bacfea4,
0,时渔仔,bilibili,700643305,490,103e57ef-1ef1-5e66-a6dc-8e414d0db211,,,
0,METEO,bilibili,394233884,488,0738c5f1-4785-5516-8ae9-ad5c6f7d4f62,ReAcT,6696f9f6-e159-5fa0-882a-1b1213a68556,
0,仟粟Kisu,bilibili,722378,488,db1a8411-b922-52bb-8158-08b23d18484b,,,
0,夏泽目芽_Meme,bilibili,3259252,488,9f4f174e-e072-5006-8ff7-678869d6d7fe,,,
0,七夏浅笑,bilibili,1041460269,487,53f07e10-30ea-5a66-a490-f9c23aa5c004,,,
0,虞丹,bilibili,3493294430489333,487,cc1b359e-c194-58fa-b6bb-e687ebb645e1,,,
0,佐仓咲,bilibili,15989638,486,2e888349-149d-5828-8908-9da38be3322d,,,
0,介个沫沫憨憨哒,bilibili,3493116155791611,485,b490520b-bd5b-5429-99c1-60a45f9a0fd2,,,
0,凌月_Shinotsuki,bilibili,3493289332312535,485,e5d98849-2994-5186-9701-3336b142e773,,,
0,墨渊恒,bilibili,3493124718463031,484,b8bf61ce-dc50-58e4-9795-97f3409182ab,,,
0,心念依依,bilibili,3493296328411848,484,a67e33f4-d1dc-5953-9ce6-8813d86870e1,,,
0,神楽真白_channel,bilibili,432765966,483,09057a65-b2bb-594f-aca1-333bc48ec1e7,,,
0,无名Couture,bilibili,8528459,482,e89236a3-7430-516f-8ba8-123be200133c,,,
0,枕头orangutan,bilibili,7618327,482,0bb7ad72-ba79-5240-b10b-0c7f2d3a59ee,,,
0,犬神西,bilibili,82209262,482,65f1e4dc-6e4b-5f04-bb50-dc272cd3004d,V_G研究所,30f0a6c7-e49d-56b9-8dd9-60bf6539212b,
0,CHICKER,bilibili,1309306,481,0ac6a6a5-8d93-5fe9-b21c-4f758cac6ac1,,,
0,洛妄Eureka,bilibili,3690996338527068,480,1258225c-d2f9-5225-98ab-60dd70b5f436,幻光回廊Project,6dc03368-be51-5eda-b402-b9b1059c27e6,
0,伫昭昭Aro,bilibili,3494360888904274,479,2ae2d0f2-8589-5f72-b1fb-94a1633151c4,,,
0,望月瀧,bilibili,350888860,479,7989e83a-ed95-5ff9-a58a-77873d0fb7cc,,,
0,氷室藍_Official,bilibili,289584842,479,53d05491-bcc5-5a90-bb05-76d40723bbcc,,,
0,魔騎鎧Majika,bilibili,34522499,479,40d8a43c-c2f9-56dc-8c4e-42168e466fcb,,,
0,小摆摆说摆就摆,bilibili,3546704060091227,475,fd91ea0e-53d8-5650-9690-161d3252ccd1,,,
0,阿什菲利_Philis,bilibili,3493262346160934,475,04573e80-dbd7-5788-9eb8-07a26d7a5f50,,,
0,雾峰沙梨Shari,bilibili,768458,473,26bdac23-0824-56d1-9254-ed3a9ee90378,,,
0,无名古人,bilibili,13905358,471,21ce2673-da24-57d1-b22e-dbd09d1172d9,,,
0,铃屋Dust,bilibili,321819314,471,22a8f8f6-ea44-59d7-b8ba-c56887b8ca15,,,
0,安心院小泉Official,bilibili,701696846,470,547ff9f6-8651-5acf-b2df-c84d44f9448c,,,
0,丹妮想知道,bilibili,543898955,469,11f3642d-7783-58c6-822c-2d7f0a843ac1,,,
0,朴古Official,bilibili,611529563,469,5d75c167-b974-5f5b-8c62-09886ea84ad6,MZ次元,8d3239cd-4811-570e-a968-7c582e46ead0,
0,王年年Official,bilibili,3493105407887843,469,a7d7cc03-ee64-509e-8068-998e74a2cc8a,,,
0,蒲夏绫九,bilibili,113956408,466,912a324f-b030-58a7-83c2-c6904e45cf46,,,
0,双理マイ,bilibili,262843999,465,87d6ef2b-3a4a-55ca-bdc5-48d8c07fcdd8,,,twitter:mai_futari|youtube:UCCvInijwD6Qg9xwdtYJcYtQ
0,ATM西米酱,bilibili,24684806,464,7320081f-670c-53d4-bf9b-e5ce6b259955,,,
0,和泉電工,bilibili,245342,464,d8a3fa66-0d96-554f-ab94-a5dc663472bd,,,
0,伴樱桐雨,bilibili,5364685,461,26ec630c-c241-5fec-9f7f-a492199d2523,,,
0,芒果奈生_ye,bilibili,3493136231827798,460,8b3dd536-fbf1-5117-a967-7ba67dd23489,,,
0,菲诺phinaud,bilibili,1782087136,460,3d9c6991-dfbc-53bd-8b21-ae6900f615ab,,,
0,黒羽マオ,bilibili,8426295,459,c9c8ec2a-767d-5f74-ae19-129cd575a7e5,,,twitter:banecromoa|marshmallow:banecromoa|amazon.co.jp:2KAX45C2NY0PT|youtube:UCPjotP9qDvvTuBSAXdrhBzg
0,云音_YuNi,bilibili,223690980,458,94dab257-fe55-567a-a970-0face16370ba,,,
0,天涯ルカ_Ch,bilibili,2724244,458,0d4db78b-c357-547c-b95c-91604deccee7,,,
0,常曦黑不了一点,bilibili,1818940700,456,e2c37dc7-c8bb-5161-a098-968089272349,,,
0,庭院-今夭,bilibili,395426377,456,10afad1d-0d0b-55e8-8802-a6ea5abab5ef,kanae,73102f48-57f2-5d59-94ef-7aac41e97f65,
0,梦情-F娘娘official,bilibili,576806445,456,a22b575e-bb02-5654-a6da-504b3adb0e99,StarrySky战姬学院,2a539dd2-fb7d-578c-8730-153bb8874a62,
0,忘川忆_Lethe,bilibili,3537113924503556,455,3d89b40e-56cc-5dd3-bb38-29c1f121eb6d,,,
0,吟游诗人Alauda,bilibili,517532822,454,6e24d0e7-10e8-53b6-8e3c-84cc895ac64f,,,
0,温吞Lukewarm,bilibili,3546586382600402,453,37d0ac05-2f4c-5746-b293-69721dc40c0b,,,
0,十字Crossじゅうじ,bilibili,35654603,452,b0528dcb-ac6c-500b-a811-e8c31107f0c0,,,
0,天夢,bilibili,10979361,452,e59e067e-f5f1-5220-885c-5e4e4f2239ff,无次元PROJECT,53ad5ef0-5125-56c0-99c1-8c4352b7afbe,twitch:Tianmeng_Tenmu|weibo:5628150823|instagram:tianmeng_tenmu
0,星熠_Official,bilibili,2107426014,452,58466664-884f-5cc4-a351-90e632e530db,,,
0,新火ると_Official,bilibili,1523207400,450,9b11cf01-8610-5a29-b00a-4d077b71bf64,,,youtube:UCnYhIk9aGEx_bIgheVjs53w|twitter:LutoAraka
0,音艾纱,bilibili,402899229,449,1923b3a2-cfdd-53c8-a53b-3c56a52be0f1,,,weibo:7129030993
0,是秋殇呀,bilibili,390043592,447,f66aed52-b4be-503b-bf85-42dc0ab7a76a,月光社,a38c8dc9-5896-5684-b965-e39f9c7e03c7,
0,池雾An,bilibili,1491639482,447,a4f5a23c-9a4a-56a9-aed0-8f4e7fd117fc,,,
0,灰满Ulric,bilibili,3493116594096944,446,f2f90aa6-19c6-5a7f-8b89-e203a0e9f1b4,,,
0,画歌nan-Eleven最漂亮,bilibili,144214032,445,922b0b86-fb86-5709-ba92-08cb29f3456c,,,
0,阿茶,bilibili,1683960760,445,761e1278-2c27-51a2-a8d6-05cb4ffb04fd,,,
0,小花衣しぃ,bilibili,438020568,444,49eb61b8-4bdb-51c0-8454-5522936b23cb,,,youtube:UCjAWLwlMHp7fWHO_Gp3wxnQ|twitter:kohanaisii
0,四叶纯奈,bilibili,614532247,443,e1e197b8-60c1-5c76-bc91-f39a31834bff,,,
0,季风_Seasonal,bilibili,3493282516568831,443,f5e16199-afd8-516b-b60a-4f29c7cd9488,,,
0,Juno_阿尔卡特,bilibili,24990697,440,3ce0da08-5023-514a-b456-6a5bd9d2a118,,,
0,哈莉卢卡斯-Vtuber,bilibili,409548351,440,ca0342d3-fbac-5a17-9a76-826aed08fae8,,,
0,是玛瑟琳不是马瑟琳,bilibili,1543881468,440,f3bb0986-91d8-5286-8afd-5577687268d1,,,
0,柚木千雪channel,bilibili,52122313,440,94f580f6-3d56-5c67-84c0-d45713ab7b52,,,
0,良小辰Official,bilibili,19653835,440,b671611a-dca2-593a-afd0-2807ece488ff,,,
0,龙王本王梓璃璃,bilibili,1905040380,440,6e5c922f-d804-5021-a9d4-6275ea04f02e,kingdomknight,726d2323-bba0-50fa-af4b-92b9f5b6578c,
0,百景织姬,bilibili,12226194,439,d1ece41c-0365-55bc-a9d6-6d650da647aa,玹云社,a629223f-5cb6-50df-8d28-5400b4d1c497,
0,苍柚AoU,bilibili,545209665,439,ff387ffd-a86f-5039-87b3-36d47f317777,,,
0,かへる字幕组,bilibili,389470939,437,c9ce69e1-3a80-58ea-aacd-065c6b2ff95d,,,
0,兜帽w,bilibili,15240805,437,0972fd16-fb34-52f2-a00b-49d19626bb58,,,
0,小芙仙haruka,bilibili,1858005203,437,d6ff9ce7-7d63-582d-8a8b-da4d0f7b1dc9,,,
0,白炽炽--Tkcikeb,bilibili,66669754,434,c9fd6aa4-8ed8-567c-9fec-0b7db88986c8,,,
0,莎莱丝Aletta,bilibili,3493084264401465,434,c2baf344-4c62-53ad-98d2-48f156b32aae,,,
0,落日的维吉尔,bilibili,1631958191,434,0f5bcf5a-a339-54d6-ae18-8734514b966c,星野旅社,464d8696-2f1b-55f2-8091-d4b53ae1df4c,
0,里莱拉_Official,bilibili,437694312,434,10ad05b3-97a9-54c9-b695-517785807877,yifun社,ee816e2d-0287-51df-b3d9-3c930e3e1474,
0,響由依official,bilibili,1471531748,434,5958027e-9edf-59ee-b1a8-8fc1f6a842f9,星巡学园,6506d485-2cbc-552f-9337-6d4fc2d9b7fd,
0,枫间樱华,bilibili,3502889,433,7d25f418-c7eb-56ed-b447-b49510073be6,,,peing:5828912a562832
0,柴猫有点小脾气,bilibili,3494367134223015,433,c5eeec50-e352-5e05-b4d6-a5d40f108932,,,
0,月初Lunnas,bilibili,3546966682241148,432,ac1130a1-dbcd-52e9-8204-62eab4578a37,,,
0,魔法琳宝,bilibili,3493262927072059,432,5f64a9c9-ca99-54c9-bc81-f8c3d5221c95,,,
0,叶晞_Official,bilibili,578235569,429,3168389a-d6e5-5c7e-a7c1-048a283cdc4f,,,
0,婳渊ovo,bilibili,341655548,429,4b17fb56-7f83-599d-a643-adea70aac820,,,
0,白石喵酱Official,bilibili,99603384,429,59ce5bdc-bd54-5c92-a95a-4424cf9ec26b,,,
0,洛咪_lomya,bilibili,3546375857899553,428,d8d7486b-561d-5edf-b6f8-f4d0cc94c710,,,
0,澜鬼zZ,bilibili,417352739,427,782c7cf4-3a4f-5afd-8aff-297fe4009d37,,,
0,希亚姐妹-official,bilibili,447290396,426,70f684f4-36c0-5d7e-b54c-a9187e33fc9a,MochiPro,9934d233-a130-5459-8554-ecc7234d2891,
0,帕琳_parin030,bilibili,19735895,425,a39f668a-950e-57d3-be19-fa9dae2bdb5f,,,
0,朧真夜_OboroSinya,bilibili,516468065,425,5006433f-0409-5521-ae29-347ac85e4644,Antinomy13,0f902cbd-31df-53cd-8f5e-a61e02097a25,
0,柴叶katsuya,bilibili,3493261255641510,425,9bdd5cb2-9961-5705-8da4-9851d29529e2,,,
0,SCB数据库,bilibili,5366583,424,a72aba4b-0a51-58ac-a438-9e5d7080b15e,V_G研究所,30f0a6c7-e49d-56b9-8dd9-60bf6539212b,
0,星灯铃兰Channel,bilibili,2542448,424,89115209-702d-5ae8-a409-4db7a91c45f3,,,
0,水梨夏夏,bilibili,3546583612262892,424,0e555498-582d-57ba-9c3d-404818338ebb,,,
0,白泽风芷,bilibili,220215817,424,78487061-54d3-576f-b114-aeec3e83d0a9,,,
0,飞鹰official,bilibili,91884706,424,8cef9859-833e-574d-8092-c74d9f20704b,,,other:https://www.douyin.com/user/MS4wLjABAAAAmWtLbDkWcYfDB3wh1JgQ2uoQbGCOsbZMRHWS78YHoV2azeja3iz8p7eL-ouJmZnF?from_tab_name=main&is_search=1&list_name=follow&nt=0
0,北瀬琉织,bilibili,650262353,423,848c3acd-6604-5700-863d-e2dd0844b785,,,
0,王可鸦,bilibili,10980347,422,6a5f88a8-b2c1-58f1-a3c7-aa9ebbfdb4d4,,,
0,泉咲良-sakura,bilibili,388019462,421,3da475c9-a395-5e39-a31b-e34fa83408da,,,
0,観月瑠璃Official,bilibili,7965916,421,07a96506-dbbd-5389-a946-3000cc8779e1,,,
0,大白家的吴小邪,bilibili,6059204,420,7acdd018-4441-57b8-9a2e-bc2817d0b703,,,
0,小晶饱,bilibili,16712202,418,9e28ff48-da5a-566e-9be5-f198ac2f100d,,,
0,沢気彻子,bilibili,188886146,418,81166dc6-8ea6-56f9-bcb2-ba6c89ffebf5,,,
0,乘风望望舒,bilibili,561984936,417,5d2326a9-6aaf-5616-9fa7-b93c3f15242d,,,
0,猫宮梅メイ,bilibili,126676,417,d5e9cb70-bf42-5015-a9ea-f8ecf7cf3442,,,
0,云有心boss,bilibili,3493261809289382,416,551e2a01-0303-549d-a459-a7520544f9ef,,,
0,藏竹落,bilibili,3546877297429420,416,b593c8f5-b87c-5575-86bd-6b06d8297ead,,,
0,小罗Leon,bilibili,484514392,415,dff06dde-3fb3-5f93-abc0-acbee283aa57,,,
0,爱实Manami,bilibili,8912370,415,3e0d5ab1-740c-5f31-9828-10e4b1d86f61,,,
0,惑星伊吕波,bilibili,54458869,414,ee6d8759-32c0-5fcf-bfe6-5fe1d9198525,,,
0,紫苑寺郁子channel,bilibili,198445838,414,78ad0db0-fbad-50c2-a4c4-11484fbfe10a,,,
0,钦妮儿_Chinnier,bilibili,39101749,414,06cf3d52-6d4b-5948-8a0d-62a753d123a7,,,
0,饭饭fanfano,bilibili,3493294000572708,414,5f755ed6-7aed-5497-91ab-7f328653f926,,,
0,娇娇超酷的,bilibili,20236220,413,aa051378-642c-59a4-8983-bebd5abc5656,,,
0,Akagi,bilibili,144597183,412,6a04d07f-c8ce-55b3-91d0-4ea996a6b7f9,upd8,62b750ab-e71a-59cc-b6fe-71a2debb5598,
0,利维与桑Rivi,bilibili,102819798,412,962c8bd3-0630-5286-8712-85e7e063e1f2,,,
0,星鲨伊玖Official,bilibili,1636809,411,f2a50bd3-a3d8-5c49-ba0d-433fd737075c,,,
0,栗梦_drowzee,bilibili,1737480418,411,372ae3c0-e2d7-5fa2-99fe-26d5c9aa58fe,,,
0,狸可civet,bilibili,24461773,409,b8193c3c-898d-56fb-9ca3-eea4fec39d8e,,,
0,莉迪亚Lydia,bilibili,85357398,407,d7cff731-0671-542b-8e14-3970a5bc0615,,,
0,白熊,bilibili,1716461200,406,22a104f2-819a-5066-aa66-314886ccc0c1,,,
0,玛可莉娜MakoRina,bilibili,2058514286,404,99a612da-062e-5c9f-927f-b901217a3000,,,
0,水音铃奈,bilibili,300377559,403,e990bddd-abba-5929-a660-2325fe81896d,NornsProject,d3d6111b-0610-57fd-af15-f0569ea0ba0a,
0,一只狐九,bilibili,11093321,401,baa7abc2-26f8-5f65-9be3-ce7b3108c6b9,,,
0,嘉兰诺德,bilibili,279348,401,4853e602-9414-544d-a081-a3661ed74459,,,
0,兔兔织,bilibili,1319419602,400,e166b36f-7267-5015-ba32-f5081ab1e3c9,,,
0,十六夜凛子,bilibili,6074208,400,514b7d52-46ee-5bfc-b6ef-fd49584ca5f3,,,
0,叶慈Yeats,bilibili,1431690261,400,57a5314e-b68c-5bfb-ad8c-68169aea2d1f,,,
0,星川临,bilibili,214422846,400,76564ef0-a5c5-5545-b9dd-807a3deaec6c,,,
0,星那Sena,bilibili,195506,399,0faa5a04-ae0e-5e30-96c2-388c3ae24647,,,
0,咲斯卡,bilibili,4649971,398,34bced6f-e858-5d2f-af4e-7cee545073cc,,,
0,准尉Werner_Officia,bilibili,23427031,397,90fc7454-b910-556e-ab9f-3ec742d290ce,,,
0,吃吃吔,bilibili,3546388300302378,397,2d72b3b6-5aa7-5a0e-808f-77e3c1f4c064,,,
0,苦钻怕,bilibili,471269009,396,d56cfd8d-0781-5dbc-be0f-be1d1a53f46b,Vi-D,faf257d3-81df-564d-b5ae-2d9fd694675c,
0,鶄_Aurora,bilibili,397787232,396,d5020dee-478a-578b-9875-b9e328459fa0,,,
0,千年,bilibili,3179089,395,e99ae4c9-0bfa-5dc4-9621-e797bbec52a6,,,
0,月妙,bilibili,3493270808168881,395,95152373-8efd-5400-ac87-8fc9d4419c04,,,
0,戊榆喵dayo,bilibili,16534961,393,028b643b-e541-5abb-8c4a-3a01de379187,极光社,9548b50d-dbb9-5b8e-9a4f-a86239ac14ca,
0,梦想变米虫,bilibili,3494360091986430,393,4e45d0ff-75eb-5c62-9eb1-17db7c595baf,,,
0,YuRi,bilibili,772698,392,1c8fe7d9-5ebb-51a9-ab7e-6b7300ad0368,纸片人计划,cb8f50eb-2127-5a65-acef-df8ebe3743a4,
0,花崎鳶_Official,bilibili,1859899876,392,87afaddc-b2a6-5dae-8324-6a38b539544a,Vidol工作室,7bf7dc58-48f6-55cd-8bdb-cf5fa31d8a77,
0,巳时,bilibili,400605,391,ad0c733e-0557-5594-99c6-040885d2e023,,,
0,荒村冷夜,bilibili,3493283825191719,391,43f45260-7537-5a1e-8f7f-eeda89eb8359,,,
0,扣扣-koko,bilibili,1167721020,389,b27deaa2-473f-5873-988b-287d4a70c800,,,
0,莎朗_Sharon,bilibili,3494352978446664,389,e6e1423e-d4de-57ec-9bf5-88145f9265c9,,,
0,星野ニア_愛瑠,bilibili,200178,388,811d3c98-95cc-5922-8c0d-14fa97e8ec0a,,,
0,普露提亚,bilibili,1802067,388,7036be1c-b89e-5950-b057-761cc1baba3a,,,
0,稚僮_Rumimi,bilibili,318675220,388,25f0db88-325d-5a8b-b8ca-805b7c9df18c,,,
0,金刚葫芦_Rinn,bilibili,3493265871472853,387,48a1810a-c8a1-55e7-ac6b-63f1b435494c,,,
0,写书人虞心,bilibili,7677377,386,5565c03a-e92e-5570-97e1-5d68bd0776fe,,,
0,霜霜糕,bilibili,3537106672552252,386,2dbb84a8-c199-59a0-84e1-94a738ca2f26,,,
0,翎Lynne,bilibili,546968968,385,b06054af-b1e2-5498-a30d-3d8b4b86a334,Vi-D,faf257d3-81df-564d-b5ae-2d9fd694675c,
0,寒蝉轩universe,bilibili,30123673,384,96edccfe-d389-5ca6-be27-9cde84a8c88c,,,
0,海月Kirara,bilibili,2009005449,384,d40122a2-8fc6-58bd-a2eb-3010e7f7329b,,,
0,真侑Mayuu,bilibili,8232502,383,9c9bd2b3-deaf-5305-8ebd-acf7c406b586,,,
0,-六傲酒,bilibili,29051698,382,ee803c48-fb4e-5d9a-b4cc-f71a7873fd6c,,,
0,天鸟软糖,bilibili,35028769,382,bc2d8510-d7bd-52b9-843e-84353d918a79,,,
0,少司存SyoSuTsun,bilibili,3493263732378280,382,253b84e4-ee1c-5664-904f-5f9791c79d04,,,
0,灵韶Sonnen,bilibili,3493139765529326,382,e9dbd052-faba-53ed-be62-a15d16b134c9,,,
0,神代芷月official,bilibili,41113885,382,d6e72082-d844-562e-8745-ca11f5aad224,,,
0,蜜格Migo,bilibili,227491252,382,dd6cfe01-8544-54bf-971f-df8ff117fda4,,,
0,那奇Nagi,bilibili,393986377,382,835ac309-8b2f-510c-ad59-e624bf6b397a,,,
0,マ-ほChannel,bilibili,28821597,381,27d510ae-fc9a-58ea-8623-0f4523f0f958,,,
0,神沢秋channel,bilibili,697546240,381,6dd3d97b-1d17-53f1-966e-ec83e0331632,,,
0,红色小花椒,bilibili,3494377213135353,381,8485b7a0-54dd-5a81-8ede-4e4e787d3c9e,,,
0,山炮鹅,bilibili,3494366049994839,380,ed204100-314e-51d2-bf46-4ee1ca8dff72,,,
0,八燿星-official,bilibili,304002706,379,52f6e261-c1d0-5cf8-8dc1-641c28f95c07,,,
0,Nelly_Official,bilibili,501698827,375,7083bf20-8996-5165-9649-19bb781653b0,,,
0,乌贼,bilibili,2504710,375,a1684043-916f-5927-8438-0503a0ca9257,,,
0,黑月莉丝,bilibili,3493129911011381,375,3ef57979-8f45-5364-b1fb-d828a0c1cff3,,,
0,喃喃多自语EIHEI,bilibili,1344156657,374,6361f3be-72cb-50c4-a137-e67f1a2b6e1e,,,
0,艾维Avia,bilibili,3494374014978421,374,48ba53d1-a49b-51fa-b6c6-9c2cbfc8acc9,,,
0,波伊森,bilibili,1400581105,373,bd5d7bf0-f70c-547b-b595-d8330eaa3507,,,
0,白饱饱,bilibili,3546375350389495,373,a7a66952-d4bd-5bee-b5db-437d1dba2473,,,
0,水母水母吃货子,bilibili,8750978,372,6f3c69b8-0449-5d67-b5e2-d5b8c56c8aa5,,,
0,蓝皓冰晨Channel,bilibili,24339322,372,1f9cf63b-6b86-588b-af30-1d22e11eeddb,,,
0,兔瑞卡Toreka,bilibili,44887917,371,bdd4c474-9665-54c6-b840-eeac4ec95463,,,
0,千葉凓溧,bilibili,481694654,369,bd6a624c-5246-5121-ba3b-890880b9e449,,,
0,涂山苏苏eve,bilibili,1056296122,368,1fe9edd2-8120-56bc-b5fe-ef2570b5291c,,,
0,艾利森_希尔Channel,bilibili,695281045,368,9a230473-70fe-50a8-9a79-647acc4c854f,,,
0,暮星Jupiter_8,bilibili,2100861871,367,65b380ca-10f4-58cd-8e32-65553c852681,,,
0,露希菲儿,bilibili,1733970192,367,52bf5fd3-4d99-50a3-a3e3-b870553e7f8f,,,
0,埃德罗莎,bilibili,408395284,366,8745c749-de7b-50a3-a35d-6b4bd8a21019,,,
0,幽月暝,bilibili,476562253,366,4447b00f-4560-55bc-af4c-a8c50cefe704,,,
0,鹿甜甜Lorie,bilibili,3546380113021396,364,fe25d6b1-1e6d-5c8e-bc9a-356d68628ccc,,,
0,简叶Kanai,bilibili,3493292710824436,363,9535abac-0be4-5d8d-87e1-26461f750533,,,
0,七年穗岁,bilibili,20495584,361,5fdf9a5a-06a8-5709-bf3c-dc389ba13dfe,,,
0,青木狐王,bilibili,98780343,361,7b51e4c2-b4ed-5b29-b4ac-1a6f23035f35,,,
0,露希莉奈,bilibili,3546937944967906,360,58da6405-e299-515c-b833-d7c5d52902e7,,,
0,Lulu不是噜噜,bilibili,3493272968235245,359,bc64d848-5b0f-5bea-b865-ddfafc3326fd,,,
0,晓叶Koyo,bilibili,700677135,359,d65bdfcb-4444-5069-92a3-e9d0a03e3080,,,
0,橙紫-Chloe,bilibili,3546594171423189,359,9363be11-0e77-5e4f-ba23-1600fb5d97fe,,,
0,美狄亚不会魔法,bilibili,431533107,359,f99097b6-b75a-50b0-82b9-4bde595f8566,,,
0,托尔,bilibili,343811508,358,d0c8f09d-5527-58a6-bec5-4903d80c2da5,V-dol事务所,0b7d637d-0ea2-5381-b0ea-81bcff5f13ad,
0,暴躁修喵,bilibili,1375563001,358,7261bb9f-3388-5d1f-9ac4-753a6bc7f43c,,,
0,柳青玉子,bilibili,2083536177,358,d06cc714-92cd-5314-b8b0-20d6cda512de,,,
0,萌狼Demon,bilibili,3493270644591131,357,259b136e-6961-54e8-83a5-88ec108edc18,,,
0,阿曼达Dice,bilibili,2993393,357,10a84b82-732c-5a5c-88df-7f76f61a58df,,,
0,Verb-Official,bilibili,400198569,356,c411bc2d-ba8d-58d3-9b9c-4da6676006c2,,,
0,平井殿下アメザリ,bilibili,2075571410,356,ea55f9c7-bb13-51d7-9b52-f12efa6cf36f,,,
0,白庭Tenko,bilibili,8370845,356,09e81af2-a8d1-576c-bbb1-f9d337d15501,ChaosLiveSprout,e67fb222-1c4e-5f19-84da-9e8beba2c365,
0,雪野音弥,bilibili,6483250,356,d1edbe2b-2c7e-50bb-8908-60358f99c476,,,
0,丝黛菈Stella,bilibili,6624341,355,6c7d1d38-1f0f-57d9-a2d4-260841e4ab92,ChaosLiveSprout,e67fb222-1c4e-5f19-84da-9e8beba2c365,
0,北世卿泠channel,bilibili,2761450,355,2578484b-2453-5206-892c-49bfe5ee6ab6,,,
0,夜天羽_Esora,bilibili,3494352043117393,355,613c683d-1d79-5b19-b27b-e5366c680114,,,
0,雪奈cherry,bilibili,3546766288882203,355,fed7d588-18aa-5756-ba77-3a6108c5eebf,,,
0,Angelica安杰莉卡,bilibili,3461566875830931,354,d4b6acb0-67c6-5e28-abcd-bacf87515a57,,,
0,我豹困啊,bilibili,518929027,354,bf44bf7b-b93b-5983-96de-5a60a81108c4,,,
0,里荼院双星,bilibili,3020880,354,86d498a2-7357-5d5c-b0de-a65fd9847b01,空白社,da74be58-904f-586f-99f3-49f26c496892,
0,汐梦_Official,bilibili,23130470,353,73eebe50-35d7-5f3d-86cc-a2d4a8e0c010,,,youtube:UCNybeZZtR1V7dJK22PIX0zQ
0,芽月Meziki,bilibili,603372954,352,bbc99c35-45c5-5706-b7d0-89f5ebd19392,Palette,d0827515-9a79-5e6a-b445-b1145bacfea4,
0,风犹惊Kaze,bilibili,34199397,352,831f3080-9616-5bbe-a3c1-86a40889defb,,,
0,法雅falla,bilibili,7321578,351,f8154467-7984-5b1a-ac14-b4a1e5b31cef,,,
0,爱思可莉姆_AceKrem,bilibili,1660166078,351,99ea01f1-3a6e-5d8d-84bb-fc9aba85866e,,,
0,白岛と巧克力,bilibili,13145248,351,cbe7a2aa-8ff3-528b-a59c-2989c9d637a2,,,
0,上川雪兔7664,bilibili,1104941339,350,3e8ca795-1fc0-57cd-af0f-805c51b2d3c7,,,
0,御来屋久遠,bilibili,43978304,350,8c07556a-a230-544b-bfec-8eb47cb97ee5,ENTUM,5e4172d0-2dbe-5744-aa12-aeaee8c0b3d6,
0,叶小晚Lune,bilibili,3546564425418972,349,68cd9037-9ce4-5e30-962d-6c9698334f40,,,
0,图书馆打盹的瑟沃司书,bilibili,699629434,349,04322751-b932-5892-8fd2-f96ba6f67904,,,
0,白日伊云,bilibili,3493272485890772,349,20ce7117-bf85-5269-9e71-39d5f1e2300b,,,
0,Alvle猫狐直播,bilibili,3493112464804397,348,351594be-ecbf-50a0-88e6-db353eecd698,,,
0,輪廻巡るofficial,bilibili,1019808284,347,ca01f612-6a72-506a-b8ec-18d18cc13f72,,,
0,夏柯Shark,bilibili,2032993361,346,b416cea1-800f-5057-809d-e2c2d8852956,,,
0,钟持,bilibili,536899,346,64e8748a-7a65-5606-b041-bc74dd841c36,winks,73f553fe-bc06-5b12-be20-44b1190b6237,
0,Lys橙子,bilibili,9128378,345,d65b30a3-4f0b-54b4-b920-7e34c5cd371c,,,
0,两只昔伏流年Twins,bilibili,289347107,345,7c2b810b-2947-5c03-a9ca-46181673bde9,,,
0,伊希切尔_Ixchel,bilibili,327188599,345,b985a44f-fb5d-58c4-9792-8e4a637b6bd6,,,
0,小狼阿悟aw,bilibili,3494370590329248,345,74e2b0b8-93c0-5a4f-b805-ad4e4d5c0008,,,
0,椰子奶冻儿,bilibili,432629481,345,a24a2ca1-879e-5b0e-a584-1af1021f6bf3,,,
0,真白まゆ,bilibili,284425685,344,157f64b1-cb12-509c-b67e-7c5fac240173,,,
0,瑜姬今天在努力,bilibili,9354907,342,0eff8c13-c3b7-5251-90f4-be37c00f2c00,鸽鹉live,ac61354d-1b1c-5be1-80e1-b996ea336754,
0,Pea话大王帕帕拉恰,bilibili,1162187292,341,4bf4d684-6527-5810-b9d3-9d321f38fb33,,,
0,宁毅Yu_i,bilibili,6989563,341,6504c5b7-f4b3-565e-aafd-723466d65989,,,
0,凡_Official,bilibili,508921078,340,37f24611-300b-5ad0-9b88-99aea502a8bf,,,
0,陆希雅Lucia_,bilibili,3546588460878718,338,31560c20-b7a2-5a3f-a7c8-d88807e0d19d,幻想社Symphony,89e5da70-fabf-5934-82bd-9e0ee5012474,
0,-叶修远-,bilibili,871706,336,daa9cba5-05f3-503a-b2de-216960089848,,,
0,森之萌羊妹official,bilibili,441666966,336,92fe324e-7498-5056-b7dc-8caec9494503,.Live,02f5f560-4646-5fcb-ac58-81279c7e2c1e,
0,Harumaru_春丸,bilibili,1934618883,334,cca10280-70c1-506a-95d8-89c2344167c9,,,
0,小林,bilibili,315298331,333,c986ace0-c197-59ee-907f-6e242cb4ac9e,,,
0,星愿youmi,bilibili,4907624,333,3b20055e-7e3f-5273-8dad-d447142908b6,,,
0,沄墨辞Xiku,bilibili,3494369826965807,333,6879642a-28c8-5e36-83c8-6a9f6d3abcc8,,,
0,钰銤0フ0,bilibili,2996709,333,99ca6f20-2b0d-507a-9b0f-2c2d04b9b0a8,,,
0,桃葵aoi,bilibili,3493138123459296,332,4b003ddb-9297-5366-b44a-2442b10f3b0c,,,
0,猫小夏,bilibili,400956949,331,6c186d29-6c00-5e6b-8671-93feaa89e9c4,月光社,a38c8dc9-5896-5684-b965-e39f9c7e03c7,
0,鱿璃_yoli,bilibili,3493257849866860,331,5aa9c31f-6026-5fb6-a1b3-c6bd6f21da5a,,,
0,Az不叫啊这,bilibili,3493116917057919,330,98ac762e-c086-5d90-ae2e-35ac1ffe2600,,,
0,鲨鲨,bilibili,3494370328185006,330,8051023a-4aa5-50c7-93c3-dc3b536032ed,,,
0,ロイ,bilibili,178828429,328,1635e972-7689-5715-a152-50c1f3dba6e8,,,
0,音狸狸Yuliya,bilibili,3493297842555381,328,44cf1020-9ffa-5d16-9653-d52ed50f9f33,,,
0,鹉鹦Channel,bilibili,68096215,328,bda33bd4-0f30-5b43-9531-1fa91b3bb062,,,
0,霜树Lointa,bilibili,12278659,326,26b90461-e5b0-59b1-8fab-7f9de4818027,chaoslive,7d14580b-8154-5fdb-9777-b1032d302bfe,
0,Unoge,bilibili,11098943,325,7ba7df7c-cd35-5efa-8933-5b1325b874e7,,,
0,柾花音,bilibili,489342596,325,ed5ca369-af29-56ad-9afa-853260e855c2,,,
0,日向煌Hinatakou,bilibili,6855974,324,09bd2520-5bdb-5989-850b-d603f855d366,,,
0,紫天垣Official,bilibili,421248416,324,ba51d4ae-f94e-5185-8dca-8621bee940cd,三垣四象project,a32f4ed5-ce5c-545f-bc6b-03fa2b3e6a9c,
0,饰粉,bilibili,3493131827808727,324,8513ce8e-e848-503a-a283-985885b9b0f3,,,
0,市原飒,bilibili,2309276,323,74b27eb4-8f18-57ee-b629-71c816fb3b72,,,
0,焚念心Fenianxin,bilibili,1069207853,323,d48381a3-a878-53a3-aa92-bf84cb10f6e2,,,
0,ゆるりめぐ,bilibili,9596820,322,38b6ea70-a311-5878-a18e-ba7e95c1495a,,,
0,洛娜Roena,bilibili,3493265919707866,322,4545ae13-9a84-5395-9b97-7d8ae45d64c2,,,
0,羽川音,bilibili,85457025,322,2af08840-30e8-50ea-a8dc-ea8e686145bb,,,
0,虚拟バ美肉ErrorAI艾拉,bilibili,916984,322,56b73b10-255f-519a-b2d0-b88f00a3256c,,,
0,夜骑Night,bilibili,3301918,321,abf81089-203b-5a62-b434-4b026cf428b4,,,
0,师莱SELENE,bilibili,1421357825,320,12d9e132-f8ab-527a-99d5-2dd94f98166b,,,
0,-魔王大人花言理-,bilibili,1934440235,319,b92b421e-e301-5a4d-910d-269785a897ec,,,
0,城隅,bilibili,3493288938048011,319,c9028553-7a2a-555b-bc83-3392b9658fdb,,,163music:1346978374
0,莎莉尔塔,bilibili,17415544,319,86dd67b4-bff4-5296-b135-a6456fcc97a7,南十字星project,cc1ed03e-7840-5738-83b7-b637c02b00fe,
0,鹿笙睡不醒,bilibili,3493130707929675,319,5d63b9d2-ba4f-552b-b55a-11adbf23f494,,,
0,心白羽雲,bilibili,354190216,317,ca598f6e-c843-5ac6-b3b6-19a42633d907,WonIDOLand,f49e8e3e-0dc9-5125-81c6-5c8d6c497f94,
0,伊娜沙卡,bilibili,5500002,316,3c9828ff-ef75-57aa-a25a-a3b0e2267803,,,
0,弥栄クアム_YaSaka,bilibili,6433651,316,67ae3491-4831-59cb-aa84-c0bd92092500,,,
0,月下顾久,bilibili,10046401,316,4668f651-6aab-5ccc-b456-f2eca1190787,Vi-D,faf257d3-81df-564d-b5ae-2d9fd694675c,github:7hants|peing:7hants|popiask:7hants|weibo:7213745106|youtube:UCXAb5Ze2_rMbPhYD2KwKAQw
0,犬屋吽,bilibili,270467657,316,56852ffd-5f18-550b-89d8-0b1156d6b3f8,Antinomy13,0f902cbd-31df-53cd-8f5e-a61e02097a25,
0,靡酱不能吃,bilibili,3493139882969435,316,c4e492f9-184c-5f23-aa4c-21d5a9664f43,,,
0,陈宣姝Doro,bilibili,17126520,315,bc2dfbc5-09e3-57b2-b2fb-d94c139614dc,,,
0,小啾,bilibili,67224873,314,dcd02905-1bab-5746-98dd-26b4197f62f0,,,acfun:13945614
0,风霁月Official,bilibili,492867045,314,c5a5f2cb-8483-5a33-be38-40c1456ec30b,,,
0,境月禾Yuzuki,bilibili,399309061,313,aaddae2a-e44f-5c7e-b202-53d8330d0967,,,
0,池九墓,bilibili,11659353,313,7621871a-3aa0-572a-9af1-1a4c6109ef4c,,,
0,绘实_M9nis,bilibili,1239402550,313,91f60777-a903-5df9-9428-b63c56af7d15,,,
0,奈绪川佑里,bilibili,167801,312,705c671b-e916-56cc-9c65-73c65a9d4edb,,,
0,freebeats,bilibili,379548982,310,5b512c61-7839-594d-8a12-6f45cc372de0,ChaosLiveSprout,e67fb222-1c4e-5f19-84da-9e8beba2c365,
0,妖慕心_channel,bilibili,2900187,310,e3eebf62-ac1d-55c9-9a6c-9e65e92fadc3,,,
0,次元鬼狐梅子玖,bilibili,31345142,310,9e343b35-2b5d-5679-8b29-4922e9edf817,,,
0,冬藏W,bilibili,5323780,309,a1b4ec2a-a44a-51c7-a4fe-bfd2bb359ffc,,,
0,杜姆缪克DOOMMilk,bilibili,20319918,309,a93844aa-5338-53fd-adf4-5cae3e57958f,V_G研究所,30f0a6c7-e49d-56b9-8dd9-60bf6539212b,
0,泠茶akuma,bilibili,3493135046936834,309,48611681-b018-5040-b22d-4006283dbb64,,,
0,蒂亚Thyia,bilibili,3493273219893879,308,0e8af5f0-7b8f-54e2-877b-b099cbf4cafe,,,
0,艾伯特iBOT,bilibili,3173750,307,283fc03d-6ed0-51e6-896b-7afa9a8b24df,,,
0,柳时一,bilibili,3546636747803022,306,25e48239-700d-5df3-b225-fabdf6c8b010,,,
0,瑾瑾Hibana,bilibili,13900164,306,9f9ed38d-347a-55c4-8579-80395bc698e9,,,
0,诗歌official,bilibili,237230763,306,a2c02e3b-e7c9-5cce-9551-c3ea491eecb5,,,
0,里莎_Risa,bilibili,3546905281825674,306,c57e9483-256b-511e-8f89-d0658e05c9d9,,,
0,烦烦子i,bilibili,3546848075713030,305,cfd7e6e0-92fa-523b-bd93-f6d398928644,,,
0,祀茶tea_Official,bilibili,276237470,305,04e3d2b5-d42f-59ec-a01f-1aeae2810914,,,
0,因可昔拉,bilibili,6276160,304,fa85b47f-d697-58ce-a13e-7a3e4d84056a,,,
0,多敏_Domin,bilibili,1087800722,304,909a5944-6970-5994-9b44-15e46804e268,,,
0,星月凛,bilibili,487304729,304,b4a2de42-ca3c-5cd3-897a-830fbef00f08,Vi-D,faf257d3-81df-564d-b5ae-2d9fd694675c,
0,卡因Caine,bilibili,1250146883,303,86742d9f-f060-5ef1-992e-df38464230b4,,,
0,夏音蓝蓝,bilibili,2002590,303,4e778d5f-3aa4-52b8-b4b0-591364c90f2d,,,
0,柒玖月Singer,bilibili,8654396,303,8d83530d-9be1-50ef-9798-6667f3cfbe13,,,
0,kibufu桑,bilibili,1836986,302,7a98781e-93b5-5d4f-807e-639b4170027f,,,
0,咕咕热干面,bilibili,95932763,302,4d563655-00ba-5a91-8c22-4726697a89ea,,,
0,是怀雅吖_Hiya,bilibili,1893917573,302,52aebcbe-8d98-542f-a990-976dd55f90a0,,,
0,粉草er,bilibili,3493139666962519,302,c140b26e-cfef-5eb1-882c-beb8c05e73c8,,,
0,颜诺喃_Official,bilibili,471009874,302,0447b269-8808-5cff-9191-10f1f015dfad,,,
0,风铃树Official,bilibili,52685828,302,25b56512-3bef-5817-9b96-05896f15ba94,,,
0,尤卡伊Yucay,bilibili,465121,301,1c43d1aa-3e9b-50c8-b4a0-b5f7cad5ec0a,,,
0,亓官柔,bilibili,436998763,299,a90a0dad-7958-58b6-b944-9d63db9514d9,,,
0,玛丽戈德Marigold,bilibili,284379050,298,0eb8e7b9-3868-5bdb-a1a3-401c5530f458,,,
0,雪烩Official,bilibili,409854651,298,bb9838ef-eb68-5b45-b772-f683e192c772,,,
0,海俐HaiL_Official,bilibili,2133978130,297,9d9d645f-c721-57a5-97b4-1a877415ebd5,,,
0,冥雪にゃ゜Channel,bilibili,131347356,296,2982bcf1-4bf9-5e0f-a8b7-dd164a66da42,,,
0,墨澈_seya,bilibili,563126727,296,298ab03f-d6ef-52c2-9e82-51397412e3c5,,,
0,HaneYashiro_哈涅,bilibili,6575204,291,ceba7713-16a8-5ff6-8ddd-a464d2993007,,,
0,peashark,bilibili,21665934,290,dafa8406-d37c-509a-94d0-6d963bf6af8d,,,
0,大七包Qi,bilibili,1814082452,290,970334ff-0dd6-5e71-86f0-fa8249951b1e,,,youtube:UCKISpwGGbnyfMWHLLSIDoNw|afdian:J1a2m3e4s5
0,泷和takuzu,bilibili,1753945901,288,9b7cad52-68ba-5a7b-8049-436ff1b8c084,,,
0,缪可酥酥,bilibili,3493285880400603,286,1daca19c-ddd8-5806-bca7-3de3b586fa74,,,
0,苍冰·F·萨哈罗娜,bilibili,72537730,286,9b34f684-d910-571d-9d39-04e735cd5d70,,,
0,イムペード_channel,bilibili,31265849,285,aedf3e80-b6ba-5e52-9506-7ba99eb8a15e,,,
0,星奏Hoshi,bilibili,3546879497341086,285,0a76eb2f-16f5-5458-9936-e260f0cbee94,,,
0,艾兰Official,bilibili,48147418,285,02b77ea9-34da-5ddc-b087-8a75397dc31b,,,
0,梦影,bilibili,1915840,284,9ee7cc1c-9a2d-5e98-b48a-4aa257396a21,,,
0,FL的监控室老大爷,bilibili,1453052493,283,c5f42540-da4e-57de-b4bb-9a3ba91d7494,,,
0,諸星暁_Official,bilibili,646555991,283,494b05aa-1931-5560-b8a8-d9980a17fd9b,玄月神,a466cec7-5670-59a2-8dd4-66d1a73ad32a,
0,恒天,bilibili,13096224,282,2367f849-39f8-57f5-875d-a75b6e232f9b,kenlos,c3de0c58-3df0-5a4f-8224-7297a64c95ce,
0,白石玖歌,bilibili,3546556890352530,281,c85487e0-299a-51c8-b632-2263505a1714,,,
0,再木恋MXR,bilibili,52859361,280,b3709067-48a0-5613-ba8d-9204b940a9f7,,,
0,娅墨Channel,bilibili,567469706,280,8ecb4540-63e5-5bfc-a5fc-389a3a173300,kenlos,c3de0c58-3df0-5a4f-8224-7297a64c95ce,
0,米莉尔-卡欧斯,bilibili,479326657,280,1b476091-08a8-5992-80f6-affcf97f3e23,chaoslive,7d14580b-8154-5fdb-9777-b1032d302bfe,
0,紫雀Murasaki,bilibili,16957827,280,a2a7eb87-bb66-5658-ba95-48b51d7d7a2e,,,
0,スコッテofficial,bilibili,2103347358,279,cd85c71f-0efe-5f7e-9def-4944f1710ab5,星巡学园,6506d485-2cbc-552f-9337-6d4fc2d9b7fd,
0,星·小q,bilibili,8471048,279,e2f1566a-135a-5202-b82e-93d6baf63eff,,,
0,上官二荷,bilibili,24984760,278,855f63fa-e350-5fa0-bf53-5683688d77a7,,,
0,彩笔IroEnpitsu,bilibili,656721,278,bcc4a55e-ffe9-5cb8-ae6e-188089cb87a6,,,
0,焔ヨンゴ_hmryg,bilibili,91155414,277,85180705-ffe8-5472-928d-8e24d542d4f4,,,
0,酉星YoKi,bilibili,452267322,277,b7cfefe1-840b-5267-9a47-52c6ab9943d7,,,
0,川向鸢,bilibili,102597800,276,da6cd5fb-f268-532b-91b3-bb9cf4096bb6,,,
0,慧悟Official,bilibili,1733679937,276,9f5c5a07-a2fc-505b-b349-05b3754a17b0,MZ次元,8d3239cd-4811-570e-a968-7c582e46ead0,
0,面包是片小面包,bilibili,1236739387,276,5857afb8-9176-5620-b97b-4004505c14d2,,,
0,音無むおん,bilibili,394365669,276,05693128-3bec-55bb-a2f6-7c5c98050122,,,
0,啊喵的游戏日常,bilibili,11712538,275,814b3833-582d-565b-a72d-5420e8b4a125,,,
0,绿豆沙茶酱,bilibili,3493275012959190,275,8a2d6a65-da98-5dd2-b3bc-a1b4164e7fee,,,
0,蓝坂一缕,bilibili,2002394713,274,d4035540-67fb-592d-ab52-f344d05af7ee,,,
0,理曦明火,bilibili,151702,273,cb1297a4-b5ef-5752-9a84-b758265e4704,Vi-D,faf257d3-81df-564d-b5ae-2d9fd694675c,acfun:426155
0,友利和奈Channel,bilibili,342158225,271,7646fb1d-668c-571e-8627-69db9c182699,,,
0,牟阿琳,bilibili,739296,271,fa653ef1-3d34-5177-9235-54dca39d6663,,,twitter:MoarinVtuber|youtube:UCrhf6HYKnV6bxyaB6ooJzbw|twitch:MoarinVtuber
0,奇姬LilyPop,bilibili,485407858,270,6419e66c-b09b-54b7-9908-492037d5ea5f,,,
0,希铃菲儿,bilibili,175017927,270,e0f371b3-dd23-5ff0-ac7c-a2c60c11994e,,,
0,瑞格林-,bilibili,19618681,270,6571616b-f070-5c65-9320-5bd92bd4275b,ProjectViberglow,fdb3ee6d-3a2e-5bfb-b724-aeb9b223de69,
0,雙葉藤式_,bilibili,318003664,270,199d616e-a715-563e-9a9e-0b5d26fdda10,,,
0,魔方_Block,bilibili,1207352103,270,b72ff610-f3c6-5ff1-ac43-75ccae3a7ac5,,,
0,明凌Channe,bilibili,53270454,269,67893b9e-acf1-5bac-9e0f-cbef9712e864,,,
0,维柯Volck,bilibili,31897767,269,e7b131f4-5a6a-54ff-9ef5-5f9e91f37acd,,,
0,鱼鱼,bilibili,3493292136205153,269,64f9dd66-2bf0-5b02-83be-e39f4da71a6b,,,
0,黑羽白夜Channel,bilibili,532974,267,ca167ea5-9236-5288-bc86-5a8425b1f376,,,
0,云茹,bilibili,432253466,266,9a7a6182-5b33-59a3-837a-d0f453d28d70,,,
0,界小陨Dilima,bilibili,86234074,265,cc57338d-ad50-5958-bbe8-c7f0a8c071e2,,,
0,蓝朵_Official,bilibili,435403748,264,0c905679-5fe9-5637-aa71-7d749d2943ab,,,
0,狸玥Lyuki,bilibili,1943848611,263,6a1386a5-b8cb-57fe-89af-69506e317edc,,,
0,有栖川曜Official,bilibili,1596091139,262,f4cb5d6f-bb2a-5b17-80e6-8539e02099d8,,,
0,橙子,bilibili,3232485,262,d61fe53f-638a-5498-bc01-5b48723ad242,,,
0,米娅酱o,bilibili,3546875930085493,262,308022e4-afa9-54db-a9d4-58326235b98f,,,
0,光影灰音丶,bilibili,10905518,260,75028cf2-5d44-5d89-9e6e-4d6b6c474408,,,
0,市川桃沢,bilibili,394228044,260,e9bd70e9-6fa7-5a8a-a0d8-d16e60466099,,,
0,羽生蓮_channel,bilibili,14953644,260,1f31d7ff-667c-5c6e-b018-c87d7e42dda2,空想岛,4aec98b8-98ce-50a3-8eed-3a5367406293,
0,砂糖诗nya,bilibili,28072199,259,3f6daacd-b3be-5b21-85eb-3afc574e57bc,,,
0,雨蛙的蛙,bilibili,1940699913,259,91430cbc-15ed-5e42-83fc-3dfd19e93c2e,,,
0,楚停Furtasia,bilibili,1748926984,258,d8c0940f-fca9-57ce-ba3a-f6885b2244ec,,,
0,山海之桃扑扑,bilibili,11567043,257,32a27c79-5a6f-5032-9c3a-32139a6925a8,山海社,71567c9a-f24f-5829-877c-aad4d77ff08e,
0,Rae Severin,bilibili,652386779,256,4fb2bcda-0e3c-5a75-a8e7-0b9e5044aaed,,,twitter:rae_severin|youtubeat:rae_severinvtuber|twitch:rae_severin
0,源Origin,bilibili,3493146038110808,256,a35946a0-6942-5dff-9796-4a5140b5c5ca,,,
0,哈蕾Halley,bilibili,1669632420,255,bdc91d8b-23da-5f8a-8528-48f3e6292a51,,,
0,小藤春,bilibili,3494350159874148,255,1011a825-362a-5ff3-a307-761a9ba05ef0,,,
0,望月乃爱,bilibili,12425845,255,6ca32567-730c-5329-b621-9fb88abc1cc4,,,
0,狄乐TheLeV,bilibili,194524621,255,3f490f60-f54d-5157-a6fb-fe30112f61a3,,,
0,星夜秃猫_official,bilibili,14999682,254,c3aab694-c470-558f-8073-568c2752877b,英灵殿ValhallaClub,9149cba3-59e7-5dfe-84a4-4a8d3280de91,
0,绮罗罗_kirara,bilibili,3494360209427336,254,25863367-4af2-5729-ade0-6b9ce99a68dc,,,
0,竹達紫柚,bilibili,3493276067825843,253,16f8a857-3172-5fa0-bf58-e26d5674c868,,,
0,墨语Sumigo,bilibili,3493110277474440,252,b6513c17-5bd7-5d8e-9f3a-60ec1135893b,,,
0,妮基塔娅,bilibili,3493111223290690,252,5235f673-e988-57c8-93c5-eb32ff558b0a,,,
0,汐水琉月,bilibili,6930077,252,b60c59fe-6a65-58f6-9dbf-614ff9cbd1d4,,,
0,艾丽卡Anick,bilibili,7746088,252,e832d89d-bc4d-5247-a70c-6e9a794faa2b,,,
0,萩原苏Su,bilibili,3493264116157217,252,9605de75-8b51-5226-8c05-f3f092fdc7d5,,,
0,翎澈,bilibili,35892690,251,5c3d2148-966a-5eac-9b70-7ec30e3f5160,,,youtube:UC7jFoGjZQrax3rgd3SB6WmQ|twitter:Rinfair
0,今日瞳,bilibili,1589749511,250,a7726b86-c5c0-59dd-b92a-7ba9dfe3ea41,,,
0,彼岸喵,bilibili,626830,250,3df2fadf-8e1f-5cdd-9259-1c7634bce88f,,,
0,守矢葵,bilibili,2285816,249,0e64ae06-1304-5226-a943-08f05f80f705,,,
0,星启芊子Channel,bilibili,701975828,249,0a1bc1e3-4b0c-5108-aadb-768395aef545,,,
0,白耶圆子,bilibili,355046749,248,89cc2e94-d6ef-560d-8ce8-163ba8cb0758,,,
0,祁齐喵,bilibili,3493299094554633,248,587eb228-5216-55c0-9647-edbf93628366,,,
0,蓝川晴仁没有Channel,bilibili,3099415,248,1b57dcae-08ad-59ed-915a-b7e4bc1c8672,,,
0,上杉耀白Official,bilibili,13408419,247,4b46ebc2-e84b-5e0d-babe-2eabda005f9c,,,
0,若月,bilibili,243702102,246,af213b8f-928e-5c7b-a861-842a398cb802,,,
0,猫又泊舞_Official,bilibili,452269468,245,384a6d16-4d2c-5807-860c-6601d216d7ca,yifun社,ee816e2d-0287-51df-b3d9-3c930e3e1474,
0,白黎咲,bilibili,12164435,245,ca4651eb-4124-5920-b83d-44a54102d8a9,,,
0,贪吃羊大作战,bilibili,417826,245,3bf5c957-61df-555e-8f6f-10d6e3e95a11,,,
0,列奥大爷LeoOjisan,bilibili,396494306,244,1d3a137d-efc9-5f88-bd9d-38f4b37bf837,ProjectViberglow,fdb3ee6d-3a2e-5bfb-b724-aeb9b223de69,
0,南光雲戌_channel,bilibili,169305,243,ea616555-26c7-50ae-a250-0ca7bf1979b7,,,
0,肉肉嘟着嘴,bilibili,475559576,243,98e9c22a-e6c6-5233-95d8-3d03f80ccf7f,,,
0,妮蔻_Nicole,bilibili,1933891152,242,92fdaca8-8612-5357-a152-095773fb6d7f,,,
0,HE-Atieyar,bilibili,431040954,241,5717f50d-c888-50a2-8f44-c283c04cb1b4,,,
0,幽知Arou,bilibili,667290196,241,b96355ff-7fa8-5a52-aa83-a0f67be8bf1e,,,
0,木花兔Official,bilibili,8028827,241,ee733d95-cc7d-55af-86eb-ce8da8729a9d,,,
0,大家爱的甜酱,bilibili,3493276474673256,239,a5f22de5-ae59-52f0-bc56-820e0cf754c8,,,
0,布里奥斯,bilibili,675163827,239,f2d9c7fb-acfa-5943-85f6-b0d28207774a,,,
0,月见眠nemu,bilibili,3494352850520223,239,aeaed7c0-8860-5224-a424-03a41a0da2cc,,,
0,奈路Nerugi,bilibili,3494359467034944,238,30e7b895-0a36-5d89-8911-02d6bfb31062,,,
0,岼明里奈,bilibili,522659195,238,2f980bd9-fb67-57ce-a82e-ff93c353e2c5,,,
0,魔法少女肥宅猪猪,bilibili,3493137555130708,238,bf36cb02-b2d3-50ca-8022-317dc675395a,,,
0,璃茉又咕了喵,bilibili,2497428,237,fe61935c-b299-5d99-af88-64c4231e2c24,,,
0,有苏十一_Evelyn,bilibili,5107722,236,0628d740-c79f-5551-8d09-08c590814c70,,,
0,丸山亓,bilibili,401545212,235,a1542227-8a3a-57bc-8bf0-2d722c5f8292,,,
0,花嶺_ハナレ,bilibili,10842524,235,17e4d699-8e6a-572d-abf1-fa76f2a949b1,,,
0,叶月米柚_Channel,bilibili,197466032,234,1be33e55-d50e-5aca-970a-6c9ba4c1d218,,,
0,阿墨_Amo,bilibili,1206793911,232,474f014b-b004-58c7-aeb1-913242daf881,,,pomeet:USerg8Gf
0,咲_saki_channel,bilibili,171222772,231,268cfcd4-4701-50c5-83e1-ff83a363e6ca,,,
0,小澄_Clarify,bilibili,1715177001,231,f0591a7e-222f-51bf-ab67-2b9041edcadd,,,
0,林不夜侯,bilibili,6186116,231,ecd83acf-0b93-5802-b5c0-82ad15c48c34,玹云社,a629223f-5cb6-50df-8d28-5400b4d1c497,
0,宇曌_YuZhao,bilibili,3537111049308706,230,0d4dd4e0-36ac-524f-952f-ed0df47366d7,,,
0,QaQ墨不器喵嘞,bilibili,3493141713783738,229,3e541bcb-01c8-5dbb-80cf-79ab4849035c,,,
0,望月梦,bilibili,9993339,229,c4b12dc0-b743-50e4-b642-f30b8a94246b,,,
0,由季Official,bilibili,5710594,228,469bce2a-815e-5401-889a-979ca84ced3b,Vi-D,faf257d3-81df-564d-b5ae-2d9fd694675c,
0,旭日藤Rattan,bilibili,2079157226,227,1b837bad-93ff-5999-8c08-edae46a047e8,,,
0,菓吱GUOZI,bilibili,3494374639929728,227,9b0aff2e-f44d-5338-810e-b5968d9cc1ba,,,
0,飞越海王星,bilibili,23160779,227,b376952e-6259-5c3a-8e3b-0f84e50f55bb,,,
0,兮樱KaNa,bilibili,513913,226,4da7838a-393a-5069-b454-2c0a3f8ef0ae,,,
0,是小羊法则,bilibili,3461573060331800,226,7c05c9f1-ec7c-500b-81d9-8b4f41c014df,,,
0,阿肆IIsa_,bilibili,488184401,226,30a01208-650b-582e-8eea-56e1b0e196f1,,,
0,筱筱啊Shino,bilibili,3493140910573644,225,611400f0-36ea-5041-a6b7-8cfcac808f58,,,
0,莱伊Online,bilibili,3493293757303047,225,5971b2c8-466f-56de-8cf0-f87cd2f11196,,,
0,モスコミュール,bilibili,397275545,224,22297184-629b-50a3-aaa4-0ca614555cfb,,,youtube:UCX7WYPXASkYUm2GyomLllIg|twitter:moscow_ojisan|userlocal:BD0A9501D066C868_d960f0
0,黑咲雾奈,bilibili,188537011,224,8d77acc9-6e4b-5e02-a400-824a28cba939,,,
0,AAA专业虚拟主播,bilibili,1098521847,223,7873a36d-a381-5347-a9e7-01d9837e9ff7,,,
0,阿斯塔,bilibili,43854370,223,6ffe41b1-519b-5c13-a567-7cf49b8ab2e5,,,
0,青柳光Hikari,bilibili,3493291349772764,223,c94a7d5b-454a-5b16-ae30-feb386aede41,,,
0,野呂山_13,bilibili,544483620,222,027e863f-3068-5bad-aaa8-a5c0700ab472,Antinomy13,0f902cbd-31df-53cd-8f5e-a61e02097a25,
0,nijiirohirari,bilibili,400484164,221,bf1b4f09-18f3-52cd-ae91-7707b8b63c0d,,,
0,启明星,bilibili,14189630,221,b0399ea2-75fc-5b8c-94b8-c95cdb890244,月光社,a38c8dc9-5896-5684-b965-e39f9c7e03c7,
0,荆果gogogo,bilibili,1170305513,221,0d85f654-af11-5512-b861-0f583fb7f191,,,
0,云蒂udd,bilibili,3494378028927497,220,a11328a8-f43b-5808-86e0-cd73fb3bd58b,,,
0,墨染Depression,bilibili,3494355551652132,220,e965f220-e729-559b-84af-c907137e5199,,,
0,雨宫艾拉Era,bilibili,3493264254568842,220,60cc3f55-82c3-5f71-afc7-7b47c12a9d9a,,,
0,夜樱诺娅-Official,bilibili,1351614934,219,71e22478-863e-52ed-b9da-5605b30430c5,,,
0,大田マト,bilibili,386258676,219,2288aa65-4528-546c-b6f2-ec0667c8cad5,,,youtube:UCY-rzz8F3xdJ9NS3Y5iAGjw|twitter:ootamato
0,炎火猎人的胜利,bilibili,10257537,218,c9e0a9ea-758f-53c1-86c7-fdf95791a8a6,,,
0,千葉春桜,bilibili,16178461,216,5d5599c3-ab19-553e-953a-109773ea1203,,,
0,是瓜子捏ovo,bilibili,178063430,216,3022f5c6-b6d2-50c0-81a5-669a075ecf28,,,
0,直归子Chokkiko,bilibili,462646,216,d5b73c9c-5991-5dc8-aa41-829f65568513,,,
0,西米子,bilibili,1774991171,216,77b98597-2857-58e2-94d9-b7bbb18819d7,,,
0,青云,bilibili,446414455,215,6905d035-e99d-509e-8fe2-ff38adfbba2d,玹云社,a629223f-5cb6-50df-8d28-5400b4d1c497,
0,在下道尊尹,bilibili,60093306,214,7fb1d10f-7934-5db0-a792-fa3dc0b0f5f5,,,
0,赤冢一华Ichika,bilibili,547115793,214,a2b038c4-c8a3-50ee-bd87-b1c682b8cf58,コーロンサス学園,a43eee3d-839d-54ff-90cb-d9045437de30,
0,啥也不会的几秋,bilibili,482898902,213,4d0a3315-5c4f-56a9-baa2-6e175fd6eaff,,,
0,星语游兔,bilibili,579223,213,2a2c7b9b-2f50-5b56-ad94-2561613b3cca,,,peing:yutoofficial
0,锦钰是菜狗,bilibili,3494353649535053,213,52596f85-c48d-5b64-83e3-9c2c5c816d6a,,,
0,禾树ki_Channel,bilibili,38728593,211,2aabefc6-fbb5-55a2-a90e-f398cc50d0e2,,,
0,西园寺,bilibili,8806326,210,03c88049-5e07-5886-8713-02027e6b1a2b,,,
0,超危蓝猫可可亚,bilibili,1533706192,210,6fc58bb1-d219-58f4-ade3-298300da5e3c,,,acfun:33629198
0,弥瞳娘official,bilibili,578870459,209,e784e36c-6079-5f7f-9685-64d1e14d7c7a,,,
0,栀星_Freya,bilibili,1335237005,209,a5ce7c54-6132-55aa-b458-28ee7992a48a,,,
0,祈粒Kiwi_,bilibili,622420647,208,244a6cc8-d4d9-5c68-a835-b899dbf5784b,,,
0,Kyouko杏子,bilibili,2901824,207,3c9c386f-4733-53d0-b303-18066c2eed88,,,
0,外界,bilibili,398960725,207,5ef8b8cd-cfeb-557e-9715-fb68ec50e2dd,,,
0,杰特贝思_Official,bilibili,3493256853719250,207,e125e5ee-e100-5cf3-95ce-5536cdfb8f57,虚数之海,32a9d077-2597-552e-9884-85282f5cd486,
0,水立方乱城です,bilibili,86280736,207,38b99ad0-f2ed-5f8f-a9bd-38f3bf22ea1c,,,
0,竹君棠Channel,bilibili,299217536,207,887c8cd3-9b89-587f-86b8-6105586755e6,,,
0,风見_,bilibili,300913004,207,331168d1-6fae-56d2-bad1-91381fac665a,V_G研究所,30f0a6c7-e49d-56b9-8dd9-60bf6539212b,
0,呜呦Uyo,bilibili,3493267851184955,206,47f21509-aa4a-593a-8e09-85234eea44d6,,,
0,铁寒生,bilibili,220208237,205,45d0ec33-7d60-5bae-843b-aec8eb75a016,Wenthernten,f0f6db36-c594-50bd-ae6a-5032878a8ce6,
0,淅暮丶sorino,bilibili,23123329,204,b301e46f-df71-5214-8994-c7bf1ad24589,,,
0,白丸子030,bilibili,9150697,204,7e04c2be-472e-5c11-9d82-d2758950fc3d,,,
0,しみず磷-shimizulinn,bilibili,274025706,203,e8ff4191-6e21-5123-b233-92234696c025,,,
0,莫莉莉莉莉_Molly,bilibili,3493091812051575,203,e8a3653b-85c4-5de9-b1ac-21920e99fae7,,,
0,雏乃脑子被吃掉了,bilibili,3494361314625702,201,fddd0dd7-3c85-577b-b395-c46589104800,,,
0,小熊饼干_coke,bilibili,3493267438045442,200,9ab3cc32-85b9-5433-ab2b-845300af6bcc,,,
0,真凛-marin,bilibili,384589370,200,8dd776d5-3942-5a4b-b09d-536ba8a13b5f,,,
0,凌凌凌凌玖,bilibili,4102685,198,2eaa5545-859d-5cd8-a731-a4fc150a58cc,,,
0,天明晓月,bilibili,87324379,198,670a576c-c9f7-589e-9479-0ca4e447137b,ProjectViberglow,fdb3ee6d-3a2e-5bfb-b724-aeb9b223de69,
0,星流_Tracer,bilibili,111277714,198,52e8c130-ed34-587e-bffe-891e77f46616,,,
0,霞水母Cyan,bilibili,450208,198,6855c0c8-9793-5b5c-a83e-27e2cc1b3479,,,
0,南木苼公式,bilibili,59208884,197,22a501bb-ac67-550c-b99e-04373e6d05b3,曦和project,7b8e376b-1043-5774-a985-5d57aafc4a16,
0,厚颜无耻芝仁,bilibili,26711689,196,39af6bdd-f119-56e0-b3b5-2fda441f120b,Vidol工作室,7bf7dc58-48f6-55cd-8bdb-cf5fa31d8a77,
0,Lethe-忆,bilibili,1001572999,195,200aa4aa-30f5-5e0a-8f8b-085ca087ee6c,,,
0,新妻锦,bilibili,53565207,195,0abe8bef-a1b2-5d6e-b99c-2e30ca7cbc5b,,,
0,無垢,bilibili,411909480,195,94d8b519-ec3e-5bd6-a6a3-dd28bb05ed9f,,,
0,周七玄,bilibili,918958,194,845bcf61-60f5-5afc-9468-51f7267d4034,闪米社,a5a6750b-a591-516f-a261-f1a77f46d4db,
0,白音星奈,bilibili,1598399666,194,f217d7db-bab2-54c4-8be0-861f5be0e4d4,,,
0,粟米Millet,bilibili,4735171,194,f3b671bd-906c-538a-b08e-2aa6a9af7caf,,,
0,雅莉埃塔_Ufficiale,bilibili,2305870,194,7a826f6d-3d7a-50df-90ce-31ebd985e07f,,,
0,奈默,bilibili,1463003,193,4faff489-3c33-50b5-9975-61df2b760fec,,,
0,神山黎黎,bilibili,1221747807,193,b887b7ad-c4c8-5e53-b168-325629c63982,,,
0,山本莉莉丝_official,bilibili,481264644,191,02755270-340a-533d-a7ee-af8d0cf7d86d,,,
0,铃宫狐Kitsune,bilibili,1460701,191,2f9bc7f9-dcc9-5364-acaa-08f03ae6d387,纸片人计划,cb8f50eb-2127-5a65-acef-df8ebe3743a4,
0,彩虹,bilibili,411278071,190,4a790e7a-a974-5e27-88ae-1c40fbd41c0e,,,
0,kimiko_愷希,bilibili,15344405,189,3383495a-6704-5630-8564-2501afe96e68,,,
0,罗格斯Official,bilibili,644109804,189,d1b293d5-387f-5d1d-9375-4e9d464efb0a,MZ次元,8d3239cd-4811-570e-a968-7c582e46ead0,
0,VCSO企划部,bilibili,580944864,188,3222c8be-1a8f-5d8d-ae32-a72046d48b86,,,
0,夏琳official,bilibili,19671811,188,b8cdf641-6bf7-51cd-82c5-382d93379d83,Afutech,fa86cc75-0288-55e4-a6f9-e1c4134a8ec0,
0,科特keter,bilibili,28613830,188,c01f1c63-b1b0-5506-89a4-1d29d726dcca,,,
0,茶茶真的不鸽,bilibili,137779177,188,ee1aad43-bedd-59db-9b26-eb692c612297,,,
0,霜空Neco,bilibili,1982983249,188,e45acb16-96c1-5400-a4bd-9547e87a5d74,,,
0,宅ゆき,bilibili,30340,187,eaefc7e2-3412-5dbf-aac8-d66ba5c4772d,ProjectViberglow,fdb3ee6d-3a2e-5bfb-b724-aeb9b223de69,
0,雾原伊蔓Iman,bilibili,8012454,187,cd853fe4-b10a-5024-964c-1ec4470c2819,,,
0,杉江二茶-Channel,bilibili,51760697,186,a2155e89-857f-5f91-b9af-2dab7517a68f,,,
0,陈思昂_ChSang,bilibili,1025395079,186,cec735a2-f899-5e3d-80f0-c4ee2e91a055,,,
0,黛九黎-小怪兽死啦,bilibili,3493144899357663,186,7d4bde23-baa3-5ddc-8c6f-061bcbdf524e,,,
0,淩醉Yotte,bilibili,26945150,185,5d50d459-3f8e-5c00-bff8-a1467f454a69,,,
0,小M-official,bilibili,525591961,184,fe80d28f-a29a-5066-895a-4b93e50741db,,,
0,盏筠,bilibili,1020600904,184,3ce4c6ad-f9dc-5725-a81b-9d291354ac86,,,
0,花云白Floraaa_a,bilibili,3493293765691997,184,d0e2f73e-d854-5b02-904c-ee07817a647c,ChaosLiveSprout,e67fb222-1c4e-5f19-84da-9e8beba2c365,
0,钥萌菌Acher,bilibili,18733771,184,b340813a-0446-53a7-b2a0-6b902fbb240c,,,
0,谷清羽_Channel,bilibili,176870130,183,f44cf985-0aeb-5c8c-965d-02c9833e8019,,,
0,白狼座official,bilibili,1461492020,182,10662b19-387c-55b1-8427-7df25718a0b4,,,
0,天川舞,bilibili,502200408,181,886018f6-0059-5cc8-b403-10f3d3db1a8e,,,
0,枳归,bilibili,3493135355218839,181,fb629a69-7343-547e-b7a6-3db0a77acad9,,,
0,落翊Luoi,bilibili,80971000,181,85835a90-3025-51d8-8ced-a3d6c5d43351,,,
0,希达_LadePoKuruPai,bilibili,621470841,180,61fcfe74-3796-5b57-8a8f-d8ee6984a446,,,
0,ばあちゃるofficial,bilibili,455868075,179,7bdf09f0-083c-56cd-9886-473c74f10bf3,.Live,02f5f560-4646-5fcb-ac58-81279c7e2c1e,
0,心月狐Official,bilibili,59113645,179,2edf4720-991c-5de0-be9d-86f3657a90b6,三垣四象project,a32f4ed5-ce5c-545f-bc6b-03fa2b3e6a9c,
0,寥言Slient,bilibili,1739443383,177,407f6c1a-e339-5647-bb82-e60ce0a4487b,,,
0,栗原曜,bilibili,50980433,176,7b7db05e-f07a-5dbf-bbd4-c3b0c6424a09,Vi-D,faf257d3-81df-564d-b5ae-2d9fd694675c,
0,魔法猪猪子,bilibili,3598059,176,a1e34528-aff0-5e0b-bb10-853cafe4950b,,,
0,涼宫琉璃,bilibili,281317344,174,c81042c9-082c-5c78-8406-a63e8f37a1cf,远星社FarStar,d6c029ef-8b44-5e59-9e0b-79d4c9884333,
0,秋山桐KIRI,bilibili,3494364751857701,174,ecaadff8-4544-5a38-ab83-61cb2d186149,,,
0,AbaddonVT,bilibili,3493115780402148,173,ef32cea1-3ee4-545b-ad94-115fe909d728,,,youtubeat:abaddonasmr|twitch:abxddon|twitter:AbaddonVT|instagram:abaddonevell|tiktok:abaddonvt|other:discord.gg/AEHF7bK7Nj
0,因幡摩耶子,bilibili,21788805,173,f209a55c-d23a-590d-bbfb-d8dee53d6b9e,鸽鹉live,ac61354d-1b1c-5be1-80e1-b996ea336754,
0,小鸟游灵Offical,bilibili,29165860,171,55811124-cd3c-534b-a1d8-7c0d7e35a7a5,,,
0,Shalala蝦拉拉_,bilibili,453164342,170,d3c3af33-71c6-55ec-907f-74def1433e86,,,
0,三千ホシOfficial,bilibili,27193710,170,a5c4fb85-879d-5b3b-ba98-3515a3d6b473,,,
0,桜夢七七official,bilibili,531637322,170,964273a5-86ac-593a-8d16-f274c559a533,ZEROproject,5b24d707-9143-5dbe-8e3c-c38405545e77,
0,云玺Tsuki,bilibili,3537118955571999,169,fa3261c7-56e9-5dab-b349-eea9c9c286a7,C-Live_Project,54f12813-1527-5f52-b566-3b36f51d676b,
0,神宫镜子,bilibili,18055906,169,1fe5926e-5755-5019-9048-cebdd0d27a66,Vi-D,faf257d3-81df-564d-b5ae-2d9fd694675c,
0,鸫_Tsugumi,bilibili,3446326,169,c680e521-c161-59fc-a75c-c5bb098bd3fd,,,
0,黒見来世_Raise,bilibili,1512180333,167,ea50ff0c-7530-5cf0-b704-8cd604cf12e9,,,
0,喵鲤Meowli,bilibili,4734101,166,28083fe1-ebcc-512e-b20a-7bbbc691ed90,,,
0,星乃シャロ_official,bilibili,307406424,166,9fd80eb8-af12-5a5a-ac02-949c566e0bb0,,,
0,汐言_Official,bilibili,452303463,166,c7ea8c7e-2a6d-5897-8bd7-ce690763e336,yifun社,ee816e2d-0287-51df-b3d9-3c930e3e1474,
0,永华莲,bilibili,8652727,165,2a798a3c-f06c-5ee3-96bd-75c05372eec8,,,
0,希斯莱特宁Official,bilibili,488104861,164,34be5837-a571-5a74-b136-d7209dc08f9d,星野旅社,464d8696-2f1b-55f2-8091-d4b53ae1df4c,
0,安于丶,bilibili,8396821,163,09c20490-b7a0-5636-8518-5469fb8e71d4,,,
0,翼水Thuban,bilibili,3493113203001454,163,38273d65-de26-5dc8-82d3-b08ca838fb03,,,
0,花糕,bilibili,3493113660181236,163,3363c103-629a-578c-9096-098722c18015,,,
0,晴奈,bilibili,3493257797438096,162,515544b3-a75c-5d0e-94e6-bf905188b014,,,
0,杜兰罕_Duran,bilibili,409210046,162,22d0c616-a4fd-516e-bf17-a1a01790e9b5,,,
0,染染,bilibili,43187957,162,1e0e093b-60e3-5d6c-82b9-e39c45aa18b9,,,
0,Musicat,bilibili,283815,161,a41965e8-29f6-5115-b6a9-4c31b179087c,,,
0,Yog犹格,bilibili,356957842,161,fc8d2088-6eb7-5bf3-9f8c-162d22b72b59,Vi-D,faf257d3-81df-564d-b5ae-2d9fd694675c,
0,克劳蒂奥_Claudio,bilibili,1949780050,161,2c3e8c7c-b437-588c-84a6-79041128c0e0,,,
0,苏尼尔_Sunil,bilibili,3494359880174178,161,94a750c1-46c6-51dd-a652-6b634b8ddd3e,,,
0,羲乐-Seali,bilibili,185388428,160,d42440ce-ba60-5fa3-9811-0d4839d52aee,空白社,da74be58-904f-586f-99f3-49f26c496892,
0,南なぎさofficial,bilibili,5032987,159,af3d02b8-921f-5da4-b123-5711140c7843,,,
0,宵瑷的出逃日记,bilibili,3493270348892853,158,0e81def7-aa96-5738-9c19-9bf9b801640c,,,
0,枝枝鼠Official,bilibili,3494373341793035,158,d90cd5c3-f4c0-5625-b9b7-11d4f3bc18f4,,,
0,真纪纱和official,bilibili,226095191,157,bddc3994-1209-55ca-bce7-cb3547ee39c3,,,
0,伊可璐echo,bilibili,122680445,156,d0f86bae-cb3b-5f7d-8fa1-0e4ac1170185,,,
0,官兰雅Channe,bilibili,500713194,156,ea08dbd3-75ca-5903-929a-47620425a918,,,
0,西里尔_Cyril,bilibili,660343,155,0d3f3434-7aee-597a-8da7-4f328ca9513b,ChaosLiveSprout,e67fb222-1c4e-5f19-84da-9e8beba2c365,
0,华莉丝Wallis,bilibili,13688870,154,31391627-c928-513b-9064-1831ccbe91b4,,,acfun:34878375
0,椎名真绪,bilibili,223133732,154,5b6de2f9-b93e-5a8a-917f-6444d7029c08,,,
0,茶羽沫,bilibili,5628025,154,6f2552c8-06f5-5edb-af77-982c578c1d96,Vi-D,faf257d3-81df-564d-b5ae-2d9fd694675c,
0,hivhhic墨,bilibili,363357480,153,d08ace08-efc9-571b-bb86-b31016dbac1f,,,
0,艾琳克拉斯 Aerin,bilibili,441338522,153,91bdad5e-9f91-5af1-bf81-e5260330f707,NornsProject,d3d6111b-0610-57fd-af15-f0569ea0ba0a,
0,芣苛还没起床,bilibili,483434677,153,badaed43-08a6-5c63-94a5-54d5a82093e6,,,
0,酒酿千千,bilibili,329234122,153,dfa9a970-012e-5ccb-af27-09e9d160a343,,,
0,雪音芠,bilibili,3493297215506929,153,45b843ef-c03c-5369-a441-1280308d21e3,,,youtubeat:YukineOlwin|twitter:YukineOlwin
0,花崎澪channel,bilibili,627202496,151,f79fdbad-5b62-5059-baea-7c54d948bdaf,ChaosLiveSprout,e67fb222-1c4e-5f19-84da-9e8beba2c365,
0,苏糖,bilibili,363279279,151,aa5a14fc-877a-5117-be7f-3955521f32a6,,,
0,Muss想要出道赚取迷妹,bilibili,28862039,149,ff7cc6ce-07b7-5a5e-8c4b-cbfee2a2b76c,Vi-D,faf257d3-81df-564d-b5ae-2d9fd694675c,
0,anoravt,bilibili,1858967562,149,15be38c4-479e-5899-96fa-07a2889937ec,极光社,9548b50d-dbb9-5b8e-9a4f-a86239ac14ca,twitch:anoravt
0,奈留-NARU,bilibili,3494370126858719,149,fb746aa0-f2f2-5832-afbb-dd9bfb51ac10,,,
0,幻欣channel,bilibili,3494363080427585,149,fb6fd3f5-6744-5251-b49e-7695939fd3f1,,,
0,花鋏響,bilibili,12612052,149,cb41e3b8-e564-509b-83be-61c989675591,,,youtube:UC4OeUf_KfYRrwksschtRYow|twitter:Kyo_Hanabasami|userlocal:15B2A757B57F2768_9abbd7
0,鸮岭歌不唱歌,bilibili,703048900,149,67604212-ecb0-5c4d-ab68-eb821bda76cf,,,
0,はるかOfficial,bilibili,24461374,146,91d56e40-1e8c-50aa-9b0e-4af227aae88a,,,
0,鹿北沫Cyrus,bilibili,3493133878822915,146,51be64e6-c931-5636-9991-a49152c0bc70,,,
0,大微垣Official,bilibili,616624510,145,82c72974-9d8b-5cd8-bc84-a5b0c321a48a,三垣四象project,a32f4ed5-ce5c-545f-bc6b-03fa2b3e6a9c,
0,不离buli_,bilibili,619024257,144,423da068-9ce8-53fe-907f-298deac8dab6,,,
0,亨特利森,bilibili,54459223,144,e55fa5f5-e6be-557a-b1d8-557676163bb1,,,
0,春野莉莉丝,bilibili,1346269,144,67e80891-e112-57ee-b537-6499491d0033,,,
0,猫洛歌炒饼,bilibili,32282522,143,c0bb8580-c600-5921-ac5b-71388de11a88,,,
0,落樱Official,bilibili,494760262,143,4e06b044-63a4-51b2-b8c5-bdab3a8dde06,英灵殿ValhallaClub,9149cba3-59e7-5dfe-84a4-4a8d3280de91,
0,水無神音ctsu,bilibili,401113379,141,109530f5-2e18-5910-8ea2-db16cc50b3ab,,,
0,点盏Arc,bilibili,3546600066517691,141,e3cc5743-079c-5919-8203-c82bbf68b469,,,
0,优尔德Urdr,bilibili,394189091,140,d94a8e58-91b1-5f49-99c8-712a7bd84363,,,
0,戈林德,bilibili,1761504705,140,37e326f7-0009-5cb1-86ce-062a2e18c70b,,,
0,木童,bilibili,11998706,140,00b45eda-9970-587c-8616-41a56952b18a,,,
0,森鹿汐,bilibili,11438237,140,5747ad4c-8765-58dd-a4d2-55bd3483397f,,,acfun:23118761
0,星婉Official,bilibili,432896273,139,0d679d35-1392-592b-8a96-c60c5edb7c73,,,
0,林炀大小姐,bilibili,3493140770064877,139,39c5d1c3-00bb-5b00-831c-be57bb890b75,,,
0,litChi_off,bilibili,22877839,137,4751ad5b-df00-57ed-8d96-0d0fe5cebeb9,,,
0,王尔君Official,bilibili,570296693,137,2ab2a4e8-5ea4-59db-8799-a909cc1f5aff,,,
0,蔚姌LopEz,bilibili,1156994801,137,98cf81a0-d652-53ff-906b-e5a658bd3edb,,,
0,四方竹志,bilibili,140525084,136,c754aa02-5156-5cdf-a1e8-bfa15a7a29d4,,,
0,Hime_Channel,bilibili,516311334,134,21c83e31-5dd7-5060-8a82-4f58b4c1f9ef,,,
0,泷Arch,bilibili,590836428,133,49146f00-5ed1-57ef-8b9d-130d1e0c0060,,,
0,九十Kawakano,bilibili,439113391,132,0f6092fb-4bc9-57da-b143-bc240a74ad97,,,
0,上官蓦然,bilibili,85386279,131,fe97ac70-5953-5fd8-a250-715f15b7517d,,,
0,星瀬白羊Official,bilibili,19080153,131,222b1957-dbda-56ad-98ec-a2d67a0812bd,,,
0,深海家土豆熟了,bilibili,3280480,131,c4c841da-1da9-5b55-9b4e-4a4bc736437e,ProjectViberglow,fdb3ee6d-3a2e-5bfb-b724-aeb9b223de69,
0,凛音秀吉,bilibili,3046509,130,d71925f4-99cd-51c1-9f04-ba56df4282a2,,,
0,朱莉凛華official,bilibili,504751588,129,e66c9581-631a-5978-89c5-cd416a48edbf,,,
0,八神闇_やみ,bilibili,400759756,128,1eefcd82-8033-5ef8-bc2b-bb4c5e6a1cf6,,,
0,北极光Auroraes,bilibili,395899269,128,0db4ff7c-ef90-566e-abf4-3f00684dbf3a,,,
0,唯泽YuiZ,bilibili,3493144909843010,127,1de99bba-64f3-53fd-ab49-f307334aacfd,,,
0,星灵幽蓝,bilibili,629333523,126,252247ab-93c1-5950-bfa1-793ba6d56934,,,
0,请叫我睡不醒小姐,bilibili,472394978,126,203e531b-1026-596e-8c53-5b9f64c33821,,,
0,德沃莉DevolyChannel,bilibili,455418786,124,49fa578b-49b9-5e35-81f2-64a70812351c,,,
0,蕾特贝尔,bilibili,3493292840848173,124,883776e9-4e0e-5ca6-a8f5-96404e955784,,,
0,沂川_Ashley,bilibili,3493285960092567,123,b59bfc57-5910-5595-a1b4-0160a1c334ec,,,
0,清爽天使,bilibili,327369531,123,ab081ae9-cc97-5754-a294-4639bd3519fe,,,
0,绒星,bilibili,15326119,123,74b97bc3-0e4f-58d6-991c-fa9276ac2309,,,
0,千羽白凌,bilibili,418293195,122,24ca3b9b-f5d8-5f1f-a6d7-653ace21da11,,,
0,嘟嘟biu,bilibili,3493093959535210,122,377e1c1e-4c5f-58cc-86bf-f4b6fcb5f2bd,,,
0,天际熊,bilibili,3029641,122,302683b4-050f-5512-9988-fa060509eace,,,
0,赵太郎TV,bilibili,447588112,122,a73452f5-1a42-5250-a18b-ddd9e0c34319,,,
0,零年记述,bilibili,636626281,122,43f78d91-9a21-5b5a-9a5a-478240a79a11,,,
0,乾曜Official,bilibili,107148,121,ce0056e1-d45b-561a-8b76-1cdbd5197cbf,,,
0,星野ニア_专栏,bilibili,143079,121,b01d3943-fe0e-52d4-8619-cba611db68e7,,,
0,钟乐Asking,bilibili,402541107,121,7e79c0ea-6c48-54e1-9da2-c268bf64ae4a,,,
0,沙利叶_Official,bilibili,585202905,120,90422600-13ca-56f8-9e33-c923a68e9361,曦和project,7b8e376b-1043-5774-a985-5d57aafc4a16,
0,普通de办公室,bilibili,507547688,118,f0e44c45-b65b-5ae9-ba22-607aca40a9d5,,,
0,万谕今天寄_Yuka,bilibili,397974802,117,406a3bc7-a4a6-5483-8304-9b3b5e7e78b0,,,
0,我真的三秋,bilibili,1375807125,117,9c6c55b9-b3ab-5e40-91d8-41868d4bd43a,,,
0,非知名街头艺术家尼洛,bilibili,1637306395,117,f5b72947-6d6a-51f9-a6c6-c4d724485adb,星野旅社,464d8696-2f1b-55f2-8091-d4b53ae1df4c,
0,UGO,bilibili,514674253,116,1e07adea-5f58-5e50-b714-6d498564086f,,,
0,可斯Kos,bilibili,327871940,116,cf581414-4511-5dc4-bd29-6999c6ee9773,,,
0,勾陈须Official,bilibili,275268030,115,f7767c63-064e-548e-a1ab-9cbbfea80d30,三垣四象project,a32f4ed5-ce5c-545f-bc6b-03fa2b3e6a9c,
0,工藤くまこ,bilibili,505896328,114,50dd5f3e-7e84-5dc4-83df-b5396d6eb587,,,
0,无洛洛Uroru,bilibili,262989670,114,e1bf940f-cd4c-533a-aa06-b207b62aa548,V_G研究所,30f0a6c7-e49d-56b9-8dd9-60bf6539212b,
0,翎空_Asora,bilibili,1878967512,114,8aa96b7a-690c-55db-8259-839754e452f0,,,
0,Troy,bilibili,484706916,113,67cb3af0-3f93-5d83-917f-902493b6fb49,,,
0,lightup公式,bilibili,652641411,112,ec7a9690-d5c7-541c-8c6b-b41885d8c1e4,,,
0,么奇Mochi,bilibili,447355958,112,ca65c65a-6ce9-5181-bd75-41b8b555cd84,,,
0,祁鱼sakana,bilibili,1887722976,111,7cfe4d87-0a6a-53f4-a6e6-233403542d61,,,
0,维斯蒂亚Vastia,bilibili,3272625,111,1b3e0e6e-daf5-5ab5-944e-50232de029b8,,,
0,染瞳__official,bilibili,10999516,110,436ef0be-7cc7-5390-bd17-46170ee9da93,,,
0,絲音ロイドOfficial,bilibili,470959094,110,3cf9d805-9996-52e9-a77f-01bf6d38c5bf,,,
0,烛龙烛九阴Official,bilibili,498305332,109,812d6e44-0dab-5518-abc7-3ba850d5eca3,三垣四象project,a32f4ed5-ce5c-545f-bc6b-03fa2b3e6a9c,
0,肆榆sakana,bilibili,24244212,109,2c62631f-5d5b-508b-8169-5e1b13d4ad0d,,,
0,辰陌CMO,bilibili,290412499,109,f5e72fc6-5305-53d9-a7a0-e60ccee94354,,,
0,莓味布丁Channel,bilibili,74393521,107,cee89339-db83-56ef-b4d8-baf4de9dfde9,,,
0,芒小果_Fish,bilibili,3493295223212053,105,5fe67ce4-907e-54c0-8671-dae2e1f659d7,,,
0,全部が嫌いだ,bilibili,3461575501417209,103,95b54082-796f-5758-b12d-7d3bb9ebba74,,,
0,紗夏サーシャ,bilibili,503290830,103,4ebef0c8-1d48-5826-9e26-bbd95ea76b5d,,,
0,雪音沢羽,bilibili,3537111217080911,103,d33afe2d-2f36-5f4b-b318-2562d2ce5f30,,,
0,可拉Corra,bilibili,1932776892,102,520db59f-9064-5f29-946c-7b40077d8d05,,,
0,樂園_channel,bilibili,489243104,100,4e053bf8-9e8b-5f7f-8f01-ed28524e7d3e,,,
0,Ren_Channel,bilibili,505638272,99,46ae2cdd-cc9d-5f61-aa42-5afe19b4369e,,,
0,黑泽由纪,bilibili,4160114,99,a3f9d559-d935-5992-8f17-1e60d9601ff0,,,youtube:UCWB3QoiPhCwbJoK_sAbSY2Q|twitter:YukiKurosawaDev|userlocal:45E885E8F71A731E_70673f
0,元桐UE,bilibili,603408076,97,53bb1f6b-12fb-5a83-9c18-e9ca75337b89,,,
0,抱抱喵Anana,bilibili,385724604,97,13525f27-c4fd-56c4-aad3-cf608b239e5b,,,
0,柯蒂斯Kurtis,bilibili,3493118265526714,97,8211080b-af31-5fae-a218-d19e8d592f0d,,,
0,不破凛珂_Riko,bilibili,8720743,96,387c5495-6f09-545b-b7f8-81b82bff376a,,,
0,天宫雪穗Official,bilibili,491875500,96,b888a6bc-de25-5776-8744-aedc6d9155d7,忘崽牛奶,81fb6430-675c-5177-9443-8dedd2b96730,
0,由乃_Yuno,bilibili,651304731,96,46e2d7ae-f4dd-5a28-acec-0c5fff4486a0,,,
0,Piquer,bilibili,15417897,95,df097c52-d7d7-56bc-bf3a-8bdb9e0273cf,,,
0,kuuri_Vtuber,bilibili,434688068,95,9cf119f8-4ee5-5895-b8bf-12de980a59ef,,,
0,右左枪枪,bilibili,3340395,95,d2270af2-7996-5698-a443-a8492183ad86,,,
0,梦寐-梦阁Official,bilibili,14983733,95,665ab7ae-a77a-571a-a274-f066c8807691,三垣四象project,a32f4ed5-ce5c-545f-bc6b-03fa2b3e6a9c,
0,浅岛绿,bilibili,3494369095059973,94,334437f5-a833-5ad5-85d6-a0a4565841d9,,,
0,长萌月子,bilibili,5462822,94,f38d4b71-e2cb-5dda-af12-fb3875da9479,鸽鹉live,ac61354d-1b1c-5be1-80e1-b996ea336754,
0,Meo_Channel,bilibili,330889230,91,222a17ca-a508-5716-a62d-d7142915cb23,,,
0,胧玥,bilibili,7287911,91,b305dd97-5713-5493-9908-04295347a85b,kenlos,c3de0c58-3df0-5a4f-8224-7297a64c95ce,
0,静电棉花糖,bilibili,298523,89,0337574b-d6c0-57d4-8372-5a7be52f4af8,,,
0,奥兹塔Ozta,bilibili,3493279440046584,88,c32cecad-160f-539d-884c-6d76bfeaf00e,,,
0,琴音魔王,bilibili,3493263413611456,88,16aadcff-5b6b-5db2-bb65-2218c48cc71b,,,
0,甜梨,bilibili,19206708,88,d896b060-ef35-5a2c-9a56-884247779eee,,,163music:3378416344
0,克洛涅-kuku,bilibili,1571751370,86,57fb270b-044d-52f8-997d-aec1c0d3798d,,,
0,福岁FUSUI,bilibili,172297084,86,eb78c2a3-d9e7-538f-99d8-1058dd337f2d,,,
0,羽生泷暮_Kogure,bilibili,47226193,86,90d7474b-6308-57d1-bca4-95e9537a0463,远星社FarStar,d6c029ef-8b44-5e59-9e0b-79d4c9884333,
0,间厄之轮,bilibili,525820017,85,7b8efb26-340e-51e0-83e9-f19a7cebf398,,,
0,在下天姣,bilibili,3493299195218704,83,67ade457-9404-5b22-a7f3-f1bbe4331f0f,,,
0,洛娅Selene,bilibili,3461578699573638,83,be2bb302-5c96-5ede-aa4c-de82c4e7ec9c,,,
0,彩咲茜,bilibili,486597600,81,7f232489-ad23-5c8b-82da-b7516499b3c7,,,
0,百里双子Offical,bilibili,383009515,81,99d95ed5-2da0-5dbd-8c00-efd0e9083e14,,,
0,鱼见音涸,bilibili,6686957,81,d1fa8fa6-0709-526e-91cc-69c3497c5280,,,
0,fuNNy_Official,bilibili,1724942440,79,9e19ddb5-255d-5f01-a7d6-20996012393f,,,
0,星野光-VTuber-,bilibili,697730954,76,7285b1ba-821a-57e6-9ca5-a015d2146872,,,
0,モモOfficial,bilibili,243670344,75,40df3d9d-f8d9-5bb7-8228-aac3d2d57bd9,,,
0,禾咕咕,bilibili,490468899,75,3b08fa9c-dfef-5f18-9479-2caad273120e,,,
0,紫齐_Official,bilibili,433044514,74,f0289287-d23c-53c7-8e8c-2d767713cd1f,yifun社,ee816e2d-0287-51df-b3d9-3c930e3e1474,
0,三花酱-Official,bilibili,23719713,73,27429fe5-4903-5514-8a05-2deb0b2ede8d,ProjectViberglow,fdb3ee6d-3a2e-5bfb-b724-aeb9b223de69,
0,卡厄斯Chaos,bilibili,1783906398,73,ff1254bf-29fb-5318-9487-d81339605104,,,
0,YamiVtuber,bilibili,3493282483013877,71,38fa5375-fdda-5290-ba9a-5879e140ff78,,,
0,Rien-离缘,bilibili,313703744,70,71ebcbb7-ba2d-5019-b320-8b6fc61ecd92,,,
0,八乙女梓,bilibili,522158708,70,35b0005f-9054-5f17-8049-142c501c5777,,,
0,丹羽庭子Official,bilibili,408379588,69,cceebc34-b0d8-57c2-b2d8-8dd506d35e2a,,,
0,天和利晴TenwaToharu,bilibili,29150180,69,69f1c321-241f-523f-93cb-b44dfeeb0a2b,,,
0,苏柚呀i,bilibili,3494356950452796,69,2d77eb1c-8127-5e47-bdc3-2ed25b99d1cb,,,
0,蕉灼_Channel,bilibili,478248017,69,fa493b37-fbd9-5498-97d4-c85149aba86d,,,
0,云鹳,bilibili,1247106691,68,9a4ee5b6-49ce-5af3-bfd8-a1f9e2183003,,,
0,沈澈HarukaOfficial,bilibili,243669470,68,bd53a59d-de9f-5adb-acf3-8e1c31605cc7,,,
0,霍财仁,bilibili,504735844,68,526c8ed0-2951-566e-8791-322f9be70715,,,
0,伊祢ini,bilibili,3493125020453081,66,d2cad5c9-e483-5101-8c3c-3ea2cab2cd2b,,,
0,星井まゆき,bilibili,525988990,65,6f4f2229-9505-567f-b948-cb96809397e4,,,
0,拾柒,bilibili,2542009,64,5569916c-dfb6-5514-ac25-24c59342ecf2,Vi-D,faf257d3-81df-564d-b5ae-2d9fd694675c,
0,希亜Noa,bilibili,247765047,62,8e6802b0-9be2-506e-b8c3-a9d4db7471c4,鸽鹉live,ac61354d-1b1c-5be1-80e1-b996ea336754,
0,白垩不饿,bilibili,33223504,62,30e19210-a85a-534b-af1a-9ff07e2aceb6,,,
0,osmond,bilibili,3493109669300847,61,24c01e64-1fd7-5117-ac4f-f87ff1c8932a,,,
0,いくせん,bilibili,402899168,61,5bd3cf4c-200a-5cf6-8639-055d4f8512f5,,,
0,ばぶかす,bilibili,515269199,61,02f1d299-89f9-5327-bb87-113c9515e5aa,,,
0,二季春夏official,bilibili,1019900875,61,1c832fc7-5c81-54de-8043-239d10094c6a,,,
0,野吕穗花Official,bilibili,14103581,61,1313d06d-1b61-5c33-9f02-9e1f9ddbd333,,,
0,执妄Ziwa-,bilibili,3461562777996087,60,165d1969-0f84-56d6-875e-beb5c6985b7a,,,
0,柚弥弥Yomi,bilibili,3494380547606559,60,05077baf-dca2-564c-8659-7c6ac18e327c,,,
0,torell_托莱尔,bilibili,1435857653,59,648d0e43-6980-5e1d-be6d-efd8db471b7d,,,
0,法芙娜Official,bilibili,8183733,59,c0955e09-1c5e-5e49-8aba-2fcd04647260,,,
0,環さんご,bilibili,510758097,59,cbdc3912-d9d7-577e-b069-249d05f3ef6b,,,
0,芥川总司official,bilibili,85112575,59,25315342-eaf9-5d74-9b9c-89e896a298d7,,,
0,黑泽千葵,bilibili,4163644,59,ecfe28a6-0983-5470-8f7b-60d1681b7c20,V_G研究所,30f0a6c7-e49d-56b9-8dd9-60bf6539212b,
0,DokokanoUsagi,bilibili,686566670,56,d3b56528-8045-5a35-8314-c49c17a297b5,,,
0,時枝莉莉丝,bilibili,581745742,55,c7cdadaf-afaf-53a6-9a88-8ee62070afcb,,,
0,橘野Aru,bilibili,3493283716139381,55,50b8d697-0226-5641-a0d0-ccd2f78acf24,,,
0,賀茂川ドイル,bilibili,498801081,55,6487babe-0e07-5480-8ad9-6507c332e2b0,,,
0,山海之九篆喵_Channel,bilibili,175802050,54,f49cddce-5ad0-54e6-b876-da39f36944b4,山海社,71567c9a-f24f-5829-877c-aad4d77ff08e,
0,弥深yaya_Officia,bilibili,433044359,53,068f5464-fa7d-5296-9f8c-7acc595f6f1f,yifun社,ee816e2d-0287-51df-b3d9-3c930e3e1474,
0,Y小萝卜,bilibili,36878175,51,61637390-0c1d-521d-8c45-c58c2ef32871,,,
0,生巧莓子chocomayco,bilibili,287624656,51,0998eac8-11dc-54f3-8fca-a0009257b9b0,,,
0,时谨言Tokki,bilibili,3493142059813564,49,32d1a247-43d3-5d66-b797-dd4dac0c426d,,,
0,灵夜Reiya,bilibili,47651507,49,00681211-650f-52d1-9e82-0ffab1fb702d,Normalization Project,ce23afd2-6f1a-5106-b1d6-09980187f549,
0,赤井猶_akaiyu,bilibili,353290077,49,57c6945a-a1d5-5f46-855f-85ba7c902746,,,
0,杀神依尔_fiak,bilibili,1649931384,47,5be980eb-2f25-511e-8358-0fa4f287f241,,,
0,笹花アリス,bilibili,519946779,47,113be2b9-5a51-5dd6-b71e-4b0e5d030775,Antinomy13,0f902cbd-31df-53cd-8f5e-a61e02097a25,
0,金岸,bilibili,418158697,47,c8239140-5945-53bc-860e-b02f62c29243,,,
0,山海之福喜_Official,bilibili,398379874,46,c98be694-5d2f-5a66-88f2-11a93570406b,山海社,71567c9a-f24f-5829-877c-aad4d77ff08e,
0,妍初i,bilibili,3494368396708256,45,0595b6e4-f7bc-523a-98c1-0a959a5c7a0a,,,
0,RyumaChannel,bilibili,1217141241,44,6b4fe264-aa6e-5e59-828d-a250ba0509dd,,,
0,重碧Aoi,bilibili,3494363975912241,44,17edb17e-3151-5469-a6ce-21cdf3cf54fe,,,
0,桃瑞丝,bilibili,26613467,43,664ba4bf-d986-5f5b-928f-7a90f1a10d77,V-dol事务所,0b7d637d-0ea2-5381-b0ea-81bcff5f13ad,
0,黎卡多legato,bilibili,153016102,43,51cb7a4d-a6c2-5f36-94df-fe7d85d63a90,,,
0,KiraPikaChannel,bilibili,538601957,40,9a441c1f-7ca3-588e-8d48-7826267ea824,,,
0,丧择乐,bilibili,480291322,40,9b485f01-a24d-5895-8b9a-977345b28069,,,
0,桃沢黛雅Channel,bilibili,321476170,40,bb85b1f0-621f-5193-9d7f-3557e863962a,,,
0,御御子_Official,bilibili,591877024,39,8fe9c26c-14dc-58f9-8b0b-956e914af68b,,,
0,依妮娅Niya,bilibili,7949178,34,d4f6af6f-4123-5074-b413-36ec42e02d67,,,
0,星屋爱弥Amy,bilibili,272855736,33,27268e15-d31b-5164-b138-43bcc0ecb27e,,,
0,伊瑞薇_Irivy,bilibili,21807782,28,80665781-ba2c-566e-9783-dc8078ca8e47,,,
0,婳婳_Callista,bilibili,3493078788737253,25,f31f4968-fe95-50cf-a8b0-82fa9c26ca68,,,
0,朔_alodia,bilibili,3537107794528362,25,4f0065f0-6494-5f37-88ae-4b666ae8c5eb,,,
0,松坂未,bilibili,4235319,24,5701fd10-2caf-54ac-a734-590de7596e78,,,
0,小野寺杏砂,bilibili,1267463286,22,21baa317-f39b-5c69-8486-5982d3a63aa1,,,
0,濑濑_raiss,bilibili,107961620,21,565c0d0c-1088-5f61-9c41-11989868ddbc,,,
0,Rei澪,bilibili,3546637985122315,20,e9039f82-1fcb-5841-8371-a2f51ea6608d,NOA Talent,20a14bd8-50b1-5613-96c9-191eef51b689,twitch:itsreibubbles|youtubeat:itsreibubbles|tiktok:reibubs|twitter:itsreibubbles
0,一只小菟伊,bilibili,21591929,19,681a7593-242a-553e-af32-b252b9b0bc75,kingdomknight,726d2323-bba0-50fa-af4b-92b9f5b6578c,
0,DooyaChannel,bilibili,290708108,18,b89ce021-b977-529a-89db-096be0158181,,,
0,北桜葵Aoiko,bilibili,1871656178,18,6648fc2f-9991-56cf-9b39-bd46b94ddf7d,,,
0,鸢尾默,bilibili,409524232,16,8f744030-1763-5a1d-ad7d-b808b5a070a9,,,
0,塞勒涅,bilibili,242308740,13,6c4a6893-1050-5194-a2c2-0e18810ea0bc,,,
0,川岛雾kiri,bilibili,3493267706481185,10,757dd7e6-6159-525e-b47d-79c92a4efde1,,,
0,北海,bilibili,11656258,9,35004efb-07d9-5b8c-b3d3-d1277cae453f,,,163music:67966381
0,Chipo嘟奈子,bilibili,1741051094,8,c2008000-ec63-5b5c-b79f-8307e89b7f0f,,,
0,利瑞斯Lirius,bilibili,3493277185608112,4,caf9aec3-a228-590b-8c7c-21abdf2377f4,,,
0,莫攸mokyo,bilibili,237283012,4,471919dc-34e4-5b33-9fdd-f0842b9b1b58,,,
0,金丝蓝染,bilibili,18699270,4,4d4dcbf0-f576-58fa-a1e2-1db1e4acc346,,,
0,抹茶渚Channel,bilibili,17433861,3,737b3042-9f4a-51a7-aba5-32790b4efa61,,,
0,洛羽曦lotus,bilibili,3546756058974315,3,34a8c4a8-db8c-53c4-9a6b-9abd57e25a19,,,
0,元OL,bilibili,429075,2,430d2272-d9d6-58b7-b4b8-9aed26a54253,V_G研究所,30f0a6c7-e49d-56b9-8dd9-60bf6539212b,
0,樱井花咲_Channel,bilibili,375742421,2,b4e9b8c1-8950-569d-bc75-3bda69e7497c,UpAllLight,466b2417-38ec-5162-8b5e-82ea6eabcef3,
0,清濑泉izumi,bilibili,2257737,2,4967d60e-3759-5a02-8cbb-bfe3fbdc7157,,,
0,芝芝妮与豹豹宝,bilibili,3494373725571349,2,4d263aa0-42d8-5ec7-957e-d7214336b93d,,,
0,lulu尼卡,bilibili,79992465,1,b8b400d1-4be2-5e19-9baf-9b0b40204df2,,,
0,木野夏曦_Natsuki,bilibili,8101450,0,61c8dee6-ba90-52e6-856f-2ef8894d85f1,四季神社,eef5fb94-75dc-532d-82c8-8c6e78457ed9,
0,纪礼沙沙子,bilibili,3493120622726118,0,f79406a0-c49e-5770-bb98-38de4eef4ee1,,,
0,蔚蓝色山谷,bilibili,3493116673788643,0,45c11d10-0b3a-5c52-a62f-31f190aa788c,,,
